id,age,calendar_year,employment_state,family_state,housing_state
1,18,2008,education,single_no_child,renting
1,19,2009,education,single_no_child,renting
1,20,2010,full_time,partnered_no_child,renting
1,21,2011,full_time,partnered_no_child,renting
1,22,2012,full_time,partnered_no_child,renting
1,23,2013,full_time,partnered_no_child,renting
1,24,2014,full_time,partnered_no_child,renting
1,25,2015,full_time,partnered_no_child,renting
1,26,2016,full_time,partnered_no_child,renting
1,27,2017,full_time,partnered_no_child,renting
1,28,2018,part_time,partnered_no_child,renting
1,29,2019,full_time,partnered_no_child,renting
1,30,2020,full_time,partnered_no_child,owner_occupied
2,18,2009,education,single_no_child,parental_home
2,19,2010,education,partnered_no_child,parental_home
2,20,2011,part_time,partnered_no_child,parental_home
2,21,2012,full_time,partnered_no_child,parental_home
2,22,2013,full_time,partnered_no_child,other_temporary
2,23,2014,full_time,partnered_no_child,other_temporary
2,24,2015,full_time,partnered_no_child,other_temporary
2,25,2016,unemployed,partnered_no_child,renting
2,26,2017,inactive_care,partnered_no_child,renting
2,27,2018,part_time,partnered_no_child,renting
2,28,2019,part_time,partnered_no_child,renting
2,29,2020,full_time,partnered_no_child,renting
2,30,2021,full_time,partnered_no_child,renting
3,18,2009,education,single_no_child,parental_home
3,19,2010,education,single_no_child,parental_home
3,20,2011,unemployed,single_no_child,renting
3,21,2012,part_time,single_no_child,renting
3,22,2013,full_time,single_no_child,renting
3,23,2014,unemployed,single_no_child,renting
3,24,2015,part_time,partnered_no_child,owner_occupied
3,25,2016,part_time,partnered_no_child,owner_occupied
3,26,2017,unemployed,partnered_no_child,owner_occupied
3,27,2018,full_time,partnered_with_child,owner_occupied
3,28,2019,part_time,partnered_with_child,owner_occupied
3,29,2020,full_time,partnered_with_child,owner_occupied
3,30,2021,full_time,partnered_with_child,owner_occupied
4,18,2011,education,single_no_child,parental_home
4,19,2012,education,single_no_child,parental_home
4,20,2013,education,single_no_child,parental_home
4,21,2014,full_time,partnered_no_child,parental_home
4,22,2015,full_time,partnered_no_child,parental_home
4,23,2016,full_time,partnered_no_child,parental_home
4,24,2017,full_time,partnered_no_child,renting
4,25,2018,inactive_care,partnered_no_child,renting
4,26,2019,inactive_care,partnered_no_child,renting
4,27,2020,part_time,partnered_with_child,renting
4,28,2021,part_time,partnered_with_child,renting
4,29,2022,full_time,partnered_with_child,renting
4,30,2023,full_time,partnered_with_child,renting
5,18,2010,education,single_no_child,parental_home
5,19,2011,unemployed,single_no_child,parental_home
5,20,2012,full_time,single_no_child,parental_home
5,21,2013,unemployed,single_no_child,parental_home
5,22,2014,part_time,partnered_no_child,parental_home
5,23,2015,unemployed,partnered_no_child,renting
5,24,2016,unemployed,partnered_no_child,renting
5,25,2017,inactive_care,partnered_no_child,renting
5,26,2018,part_time,partnered_with_child,renting
5,27,2019,full_time,partnered_with_child,renting
5,28,2020,unemployed,partnered_with_child,renting
5,29,2021,full_time,partnered_with_child,renting
5,30,2022,unemployed,partnered_with_child,renting
6,18,2010,education,single_no_child,parental_home
6,19,2011,unemployed,single_no_child,parental_home
6,20,2012,education,single_no_child,parental_home
6,21,2013,unemployed,single_no_child,parental_home
6,22,2014,unemployed,single_no_child,parental_home
6,23,2015,part_time,single_no_child,parental_home
6,24,2016,part_time,single_no_child,other_temporary
6,25,2017,full_time,single_no_child,other_temporary
6,26,2018,full_time,single_no_child,other_temporary
6,27,2019,full_time,partnered_no_child,other_temporary
6,28,2020,full_time,partnered_no_child,other_temporary
6,29,2021,full_time,partnered_no_child,renting
6,30,2022,full_time,partnered_no_child,renting
7,18,2009,education,single_no_child,parental_home
7,19,2010,education,single_no_child,parental_home
7,20,2011,education,single_no_child,parental_home
7,21,2012,education,single_no_child,parental_home
7,22,2013,education,single_no_child,renting
7,23,2014,full_time,partnered_no_child,renting
7,24,2015,full_time,partnered_no_child,renting
7,25,2016,full_time,partnered_no_child,renting
7,26,2017,unemployed,partnered_no_child,renting
7,27,2018,full_time,single_no_child,renting
7,28,2019,full_time,single_no_child,renting
7,29,2020,full_time,single_no_child,renting
7,30,2021,full_time,single_no_child,renting
8,18,2012,education,single_no_child,other_temporary
8,19,2013,education,single_no_child,other_temporary
8,20,2014,unemployed,single_no_child,renting
8,21,2015,part_time,partnered_no_child,renting
8,22,2016,full_time,partnered_no_child,renting
8,23,2017,unemployed,partnered_no_child,renting
8,24,2018,full_time,partnered_no_child,renting
8,25,2019,part_time,partnered_no_child,renting
8,26,2020,unemployed,partnered_no_child,owner_occupied
8,27,2021,full_time,partnered_no_child,owner_occupied
8,28,2022,part_time,partnered_no_child,owner_occupied
8,29,2023,full_time,partnered_no_child,owner_occupied
8,30,2024,full_time,partnered_with_child,owner_occupied
9,18,2011,education,single_no_child,parental_home
9,19,2012,education,single_no_child,parental_home
9,20,2013,education,single_no_child,parental_home
9,21,2014,full_time,single_no_child,parental_home
9,22,2015,full_time,single_no_child,renting
9,23,2016,full_time,single_no_child,renting
9,24,2017,full_time,single_no_child,renting
9,25,2018,inactive_care,single_no_child,renting
9,26,2019,inactive_care,single_no_child,renting
9,27,2020,part_time,single_no_child,renting
9,28,2021,part_time,single_parent,renting
9,29,2022,part_time,single_parent,renting
9,30,2023,full_time,single_parent,renting
10,18,2008,education,single_no_child,parental_home
10,19,2009,education,single_no_child,parental_home
10,20,2010,unemployed,single_no_child,parental_home
10,21,2011,inactive_care,single_no_child,renting
10,22,2012,unemployed,single_no_child,other_temporary
10,23,2013,part_time,single_no_child,other_temporary
10,24,2014,part_time,single_no_child,renting
10,25,2015,full_time,single_no_child,renting
10,26,2016,full_time,single_no_child,renting
10,27,2017,full_time,single_no_child,renting
10,28,2018,full_time,single_no_child,renting
10,29,2019,part_time,single_no_child,renting
10,30,2020,full_time,single_no_child,renting
11,18,2010,education,single_no_child,parental_home
11,19,2011,unemployed,single_no_child,parental_home
11,20,2012,unemployed,single_no_child,parental_home
11,21,2013,unemployed,single_no_child,parental_home
11,22,2014,part_time,single_no_child,parental_home
11,23,2015,unemployed,single_no_child,parental_home
11,24,2016,inactive_care,single_no_child,renting
11,25,2017,inactive_care,single_no_child,renting
11,26,2018,unemployed,single_parent,renting
11,27,2019,part_time,partnered_with_child,renting
11,28,2020,unemployed,partnered_with_child,renting
11,29,2021,full_time,partnered_with_child,renting
11,30,2022,full_time,partnered_with_child,renting
12,18,2008,education,single_no_child,parental_home
12,19,2009,unemployed,single_no_child,parental_home
12,20,2010,education,single_no_child,parental_home
12,21,2011,full_time,single_no_child,parental_home
12,22,2012,full_time,single_no_child,renting
12,23,2013,full_time,single_no_child,renting
12,24,2014,full_time,single_no_child,renting
12,25,2015,inactive_care,single_no_child,renting
12,26,2016,inactive_care,single_no_child,renting
12,27,2017,part_time,single_no_child,renting
12,28,2018,part_time,single_no_child,renting
12,29,2019,full_time,partnered_no_child,renting
12,30,2020,full_time,partnered_no_child,renting
13,18,2011,education,single_no_child,parental_home
13,19,2012,inactive_care,single_no_child,parental_home
13,20,2013,full_time,single_no_child,parental_home
13,21,2014,full_time,single_no_child,parental_home
13,22,2015,full_time,single_no_child,parental_home
13,23,2016,full_time,single_parent,parental_home
13,24,2017,full_time,single_parent,parental_home
13,25,2018,full_time,single_parent,renting
13,26,2019,full_time,single_parent,owner_occupied
13,27,2020,full_time,single_parent,owner_occupied
13,28,2021,unemployed,single_parent,owner_occupied
13,29,2022,full_time,partnered_with_child,owner_occupied
13,30,2023,full_time,partnered_with_child,owner_occupied
14,18,2010,education,single_no_child,parental_home
14,19,2011,education,single_no_child,parental_home
14,20,2012,education,single_no_child,parental_home
14,21,2013,education,partnered_no_child,other_temporary
14,22,2014,education,partnered_no_child,renting
14,23,2015,full_time,partnered_with_child,renting
14,24,2016,full_time,partnered_with_child,renting
14,25,2017,full_time,partnered_with_child,owner_occupied
14,26,2018,full_time,partnered_with_child,owner_occupied
14,27,2019,full_time,partnered_with_child,owner_occupied
14,28,2020,full_time,single_parent,owner_occupied
14,29,2021,full_time,partnered_with_child,owner_occupied
14,30,2022,full_time,partnered_with_child,owner_occupied
15,18,2011,education,single_no_child,renting
15,19,2012,part_time,single_no_child,renting
15,20,2013,education,partnered_no_child,renting
15,21,2014,unemployed,partnered_no_child,renting
15,22,2015,unemployed,single_no_child,renting
15,23,2016,part_time,single_no_child,renting
15,24,2017,part_time,single_no_child,renting
15,25,2018,full_time,single_no_child,renting
15,26,2019,part_time,single_no_child,renting
15,27,2020,full_time,single_no_child,renting
15,28,2021,full_time,single_no_child,renting
15,29,2022,full_time,single_no_child,renting
15,30,2023,full_time,single_no_child,renting
16,18,2012,education,single_no_child,parental_home
16,19,2013,education,single_no_child,parental_home
16,20,2014,unemployed,single_no_child,parental_home
16,21,2015,full_time,single_no_child,renting
16,22,2016,full_time,single_no_child,renting
16,23,2017,full_time,partnered_no_child,renting
16,24,2018,full_time,partnered_no_child,renting
16,25,2019,inactive_care,partnered_no_child,renting
16,26,2020,inactive_care,partnered_no_child,renting
16,27,2021,part_time,partnered_no_child,renting
16,28,2022,part_time,partnered_no_child,renting
16,29,2023,full_time,partnered_no_child,renting
16,30,2024,full_time,partnered_no_child,renting
17,18,2011,education,single_no_child,parental_home
17,19,2012,education,single_no_child,parental_home
17,20,2013,full_time,single_no_child,parental_home
17,21,2014,full_time,single_no_child,parental_home
17,22,2015,full_time,single_no_child,parental_home
17,23,2016,full_time,single_no_child,parental_home
17,24,2017,full_time,single_no_child,parental_home
17,25,2018,full_time,single_no_child,parental_home
17,26,2019,full_time,single_no_child,parental_home
17,27,2020,full_time,single_no_child,renting
17,28,2021,full_time,single_no_child,renting
17,29,2022,full_time,partnered_no_child,renting
17,30,2023,full_time,partnered_no_child,owner_occupied
18,18,2012,education,single_no_child,parental_home
18,19,2013,education,single_no_child,parental_home
18,20,2014,unemployed,single_no_child,parental_home
18,21,2015,education,single_no_child,renting
18,22,2016,education,single_no_child,renting
18,23,2017,full_time,single_no_child,renting
18,24,2018,full_time,single_no_child,renting
18,25,2019,full_time,single_no_child,renting
18,26,2020,full_time,partnered_no_child,renting
18,27,2021,full_time,partnered_no_child,renting
18,28,2022,full_time,single_no_child,renting
18,29,2023,full_time,single_parent,renting
18,30,2024,full_time,single_parent,renting
19,18,2010,education,single_no_child,parental_home
19,19,2011,education,single_no_child,parental_home
19,20,2012,full_time,single_no_child,parental_home
19,21,2013,unemployed,single_no_child,parental_home
19,22,2014,full_time,single_no_child,parental_home
19,23,2015,full_time,single_no_child,parental_home
19,24,2016,full_time,single_no_child,parental_home
19,25,2017,full_time,single_no_child,parental_home
19,26,2018,full_time,single_no_child,parental_home
19,27,2019,full_time,single_no_child,parental_home
19,28,2020,full_time,partnered_no_child,renting
19,29,2021,full_time,partnered_no_child,renting
19,30,2022,full_time,partnered_no_child,renting
20,18,2010,education,single_no_child,renting
20,19,2011,education,single_no_child,renting
20,20,2012,full_time,single_no_child,renting
20,21,2013,full_time,single_no_child,renting
20,22,2014,inactive_care,single_no_child,renting
20,23,2015,full_time,single_parent,renting
20,24,2016,full_time,single_parent,renting
20,25,2017,full_time,single_parent,renting
20,26,2018,full_time,single_parent,renting
20,27,2019,full_time,single_parent,renting
20,28,2020,full_time,single_parent,renting
20,29,2021,full_time,single_parent,renting
20,30,2022,full_time,single_parent,renting
21,18,2008,education,single_no_child,parental_home
21,19,2009,education,single_no_child,parental_home
21,20,2010,education,single_no_child,parental_home
21,21,2011,education,single_no_child,parental_home
21,22,2012,unemployed,single_no_child,parental_home
21,23,2013,part_time,single_no_child,parental_home
21,24,2014,part_time,single_no_child,parental_home
21,25,2015,full_time,single_no_child,parental_home
21,26,2016,full_time,single_no_child,parental_home
21,27,2017,full_time,single_no_child,parental_home
21,28,2018,full_time,single_no_child,renting
21,29,2019,full_time,single_no_child,renting
21,30,2020,full_time,single_no_child,renting
22,18,2012,education,single_no_child,parental_home
22,19,2013,education,single_no_child,parental_home
22,20,2014,education,single_no_child,parental_home
22,21,2015,unemployed,single_no_child,parental_home
22,22,2016,education,single_no_child,parental_home
22,23,2017,full_time,single_no_child,parental_home
22,24,2018,full_time,single_no_child,renting
22,25,2019,full_time,single_no_child,renting
22,26,2020,full_time,single_no_child,renting
22,27,2021,full_time,single_no_child,renting
22,28,2022,full_time,single_no_child,renting
22,29,2023,full_time,single_no_child,renting
22,30,2024,full_time,single_no_child,renting
23,18,2008,education,single_no_child,parental_home
23,19,2009,education,single_no_child,parental_home
23,20,2010,education,single_no_child,renting
23,21,2011,full_time,single_no_child,renting
23,22,2012,part_time,single_no_child,renting
23,23,2013,full_time,single_no_child,renting
23,24,2014,full_time,single_no_child,renting
23,25,2015,full_time,single_no_child,renting
23,26,2016,inactive_care,single_parent,renting
23,27,2017,part_time,single_parent,renting
23,28,2018,part_time,single_parent,renting
23,29,2019,full_time,single_parent,renting
23,30,2020,full_time,single_parent,renting
24,18,2009,education,single_no_child,renting
24,19,2010,education,single_no_child,renting
24,20,2011,education,single_no_child,renting
24,21,2012,education,single_no_child,renting
24,22,2013,education,single_parent,renting
24,23,2014,full_time,single_parent,renting
24,24,2015,full_time,single_parent,renting
24,25,2016,full_time,single_parent,renting
24,26,2017,full_time,single_parent,renting
24,27,2018,full_time,single_parent,renting
24,28,2019,full_time,single_parent,renting
24,29,2020,full_time,single_parent,renting
24,30,2021,full_time,single_parent,renting
25,18,2010,education,single_no_child,renting
25,19,2011,education,single_no_child,renting
25,20,2012,education,single_no_child,renting
25,21,2013,education,single_no_child,renting
25,22,2014,education,single_no_child,renting
25,23,2015,full_time,single_no_child,renting
25,24,2016,full_time,single_no_child,renting
25,25,2017,full_time,single_no_child,renting
25,26,2018,full_time,single_no_child,renting
25,27,2019,full_time,single_no_child,renting
25,28,2020,full_time,partnered_with_child,renting
25,29,2021,full_time,partnered_with_child,renting
25,30,2022,full_time,partnered_with_child,renting
26,18,2011,education,single_no_child,parental_home
26,19,2012,education,single_no_child,parental_home
26,20,2013,full_time,single_no_child,parental_home
26,21,2014,full_time,single_no_child,parental_home
26,22,2015,full_time,single_no_child,parental_home
26,23,2016,part_time,single_no_child,parental_home
26,24,2017,full_time,single_no_child,parental_home
26,25,2018,full_time,single_parent,renting
26,26,2019,full_time,single_parent,renting
26,27,2020,full_time,single_parent,renting
26,28,2021,full_time,single_parent,renting
26,29,2022,full_time,single_parent,renting
26,30,2023,full_time,single_parent,renting
27,18,2008,education,single_no_child,renting
27,19,2009,education,single_no_child,renting
27,20,2010,unemployed,single_no_child,renting
27,21,2011,education,single_no_child,renting
27,22,2012,education,single_no_child,renting
27,23,2013,full_time,single_no_child,renting
27,24,2014,full_time,single_no_child,renting
27,25,2015,full_time,single_no_child,renting
27,26,2016,full_time,single_no_child,renting
27,27,2017,full_time,single_no_child,renting
27,28,2018,full_time,single_no_child,renting
27,29,2019,full_time,single_no_child,renting
27,30,2020,full_time,single_no_child,renting
28,18,2012,education,single_no_child,parental_home
28,19,2013,education,single_no_child,parental_home
28,20,2014,education,single_no_child,parental_home
28,21,2015,education,single_no_child,other_temporary
28,22,2016,education,partnered_no_child,other_temporary
28,23,2017,full_time,partnered_no_child,other_temporary
28,24,2018,full_time,partnered_no_child,other_temporary
28,25,2019,full_time,partnered_no_child,renting
28,26,2020,full_time,partnered_no_child,owner_occupied
28,27,2021,part_time,partnered_no_child,owner_occupied
28,28,2022,full_time,partnered_no_child,owner_occupied
28,29,2023,full_time,partnered_no_child,owner_occupied
28,30,2024,full_time,partnered_no_child,owner_occupied
29,18,2008,education,single_no_child,parental_home
29,19,2009,education,single_no_child,parental_home
29,20,2010,education,single_no_child,parental_home
29,21,2011,education,single_no_child,parental_home
29,22,2012,education,single_no_child,parental_home
29,23,2013,full_time,single_no_child,renting
29,24,2014,full_time,single_no_child,renting
29,25,2015,full_time,partnered_no_child,renting
29,26,2016,full_time,partnered_no_child,renting
29,27,2017,full_time,single_parent,renting
29,28,2018,full_time,single_parent,owner_occupied
29,29,2019,full_time,partnered_with_child,owner_occupied
29,30,2020,full_time,partnered_with_child,owner_occupied
30,18,2010,education,single_no_child,parental_home
30,19,2011,education,single_no_child,parental_home
30,20,2012,education,single_no_child,parental_home
30,21,2013,education,single_no_child,parental_home
30,22,2014,education,single_no_child,parental_home
30,23,2015,full_time,single_no_child,parental_home
30,24,2016,full_time,single_no_child,other_temporary
30,25,2017,full_time,single_parent,renting
30,26,2018,full_time,single_parent,renting
30,27,2019,full_time,single_parent,renting
30,28,2020,full_time,single_parent,renting
30,29,2021,full_time,single_parent,renting
30,30,2022,full_time,single_parent,renting
31,18,2012,education,single_no_child,renting
31,19,2013,education,single_no_child,renting
31,20,2014,full_time,partnered_no_child,renting
31,21,2015,full_time,partnered_no_child,renting
31,22,2016,full_time,partnered_no_child,renting
31,23,2017,inactive_care,partnered_no_child,renting
31,24,2018,full_time,partnered_no_child,renting
31,25,2019,full_time,single_no_child,renting
31,26,2020,full_time,single_no_child,renting
31,27,2021,full_time,single_no_child,renting
31,28,2022,full_time,single_no_child,renting
31,29,2023,full_time,single_no_child,renting
31,30,2024,full_time,partnered_no_child,renting
32,18,2012,full_time,single_no_child,parental_home
32,19,2013,education,single_no_child,parental_home
32,20,2014,education,single_no_child,parental_home
32,21,2015,full_time,single_no_child,parental_home
32,22,2016,full_time,single_no_child,parental_home
32,23,2017,full_time,single_no_child,parental_home
32,24,2018,full_time,single_no_child,parental_home
32,25,2019,unemployed,single_parent,parental_home
32,26,2020,inactive_care,single_parent,parental_home
32,27,2021,part_time,single_parent,parental_home
32,28,2022,part_time,single_parent,parental_home
32,29,2023,full_time,partnered_with_child,parental_home
32,30,2024,full_time,partnered_with_child,renting
33,18,2008,education,single_no_child,parental_home
33,19,2009,full_time,single_no_child,parental_home
33,20,2010,education,single_no_child,parental_home
33,21,2011,education,single_no_child,parental_home
33,22,2012,education,single_no_child,parental_home
33,23,2013,full_time,single_no_child,parental_home
33,24,2014,full_time,single_no_child,renting
33,25,2015,full_time,single_no_child,renting
33,26,2016,full_time,single_no_child,renting
33,27,2017,full_time,single_no_child,renting
33,28,2018,full_time,single_parent,renting
33,29,2019,full_time,single_parent,renting
33,30,2020,full_time,single_parent,renting
34,18,2009,education,single_no_child,renting
34,19,2010,education,single_no_child,renting
34,20,2011,education,single_no_child,renting
34,21,2012,education,single_no_child,renting
34,22,2013,education,single_no_child,renting
34,23,2014,full_time,single_no_child,renting
34,24,2015,full_time,single_no_child,renting
34,25,2016,full_time,single_no_child,renting
34,26,2017,part_time,single_no_child,renting
34,27,2018,part_time,single_no_child,renting
34,28,2019,full_time,single_parent,renting
34,29,2020,full_time,single_parent,renting
34,30,2021,full_time,single_parent,renting
35,18,2012,education,single_no_child,parental_home
35,19,2013,education,single_no_child,parental_home
35,20,2014,education,single_no_child,parental_home
35,21,2015,education,single_no_child,parental_home
35,22,2016,education,single_no_child,parental_home
35,23,2017,full_time,single_no_child,parental_home
35,24,2018,full_time,single_no_child,parental_home
35,25,2019,full_time,single_no_child,parental_home
35,26,2020,full_time,single_no_child,parental_home
35,27,2021,full_time,partnered_no_child,renting
35,28,2022,full_time,partnered_no_child,renting
35,29,2023,full_time,partnered_no_child,renting
35,30,2024,full_time,partnered_no_child,renting
36,18,2011,education,single_no_child,parental_home
36,19,2012,education,single_no_child,parental_home
36,20,2013,full_time,single_no_child,renting
36,21,2014,full_time,single_no_child,renting
36,22,2015,full_time,single_no_child,renting
36,23,2016,full_time,partnered_no_child,renting
36,24,2017,full_time,partnered_with_child,renting
36,25,2018,full_time,partnered_with_child,renting
36,26,2019,full_time,partnered_with_child,renting
36,27,2020,full_time,partnered_with_child,renting
36,28,2021,full_time,partnered_with_child,renting
36,29,2022,full_time,partnered_with_child,renting
36,30,2023,full_time,partnered_with_child,renting
37,18,2011,education,single_no_child,renting
37,19,2012,education,single_no_child,renting
37,20,2013,education,single_no_child,renting
37,21,2014,full_time,single_no_child,renting
37,22,2015,full_time,single_no_child,renting
37,23,2016,full_time,single_no_child,renting
37,24,2017,full_time,single_no_child,renting
37,25,2018,inactive_care,single_no_child,renting
37,26,2019,unemployed,single_no_child,renting
37,27,2020,part_time,single_no_child,renting
37,28,2021,part_time,single_no_child,renting
37,29,2022,full_time,single_parent,renting
37,30,2023,full_time,partnered_with_child,renting
38,18,2009,education,single_no_child,parental_home
38,19,2010,education,single_no_child,parental_home
38,20,2011,education,single_no_child,parental_home
38,21,2012,unemployed,single_no_child,parental_home
38,22,2013,unemployed,single_no_child,parental_home
38,23,2014,part_time,single_no_child,parental_home
38,24,2015,part_time,single_no_child,parental_home
38,25,2016,full_time,single_no_child,parental_home
38,26,2017,full_time,single_no_child,parental_home
38,27,2018,full_time,partnered_no_child,parental_home
38,28,2019,full_time,partnered_no_child,renting
38,29,2020,full_time,partnered_no_child,renting
38,30,2021,full_time,partnered_no_child,renting
39,18,2010,education,single_no_child,parental_home
39,19,2011,education,single_no_child,parental_home
39,20,2012,education,single_no_child,parental_home
39,21,2013,education,single_no_child,parental_home
39,22,2014,education,single_no_child,parental_home
39,23,2015,full_time,single_no_child,parental_home
39,24,2016,full_time,single_no_child,parental_home
39,25,2017,full_time,single_no_child,renting
39,26,2018,full_time,single_no_child,renting
39,27,2019,full_time,single_no_child,renting
39,28,2020,part_time,single_no_child,renting
39,29,2021,full_time,single_no_child,renting
39,30,2022,full_time,single_no_child,renting
40,18,2008,education,single_no_child,parental_home
40,19,2009,education,single_no_child,parental_home
40,20,2010,full_time,single_no_child,parental_home
40,21,2011,full_time,single_no_child,renting
40,22,2012,full_time,single_parent,renting
40,23,2013,full_time,single_parent,renting
40,24,2014,full_time,single_parent,renting
40,25,2015,full_time,single_parent,renting
40,26,2016,full_time,single_parent,renting
40,27,2017,full_time,single_parent,renting
40,28,2018,full_time,single_parent,renting
40,29,2019,full_time,single_parent,renting
40,30,2020,full_time,single_parent,renting
41,18,2010,full_time,single_no_child,other_temporary
41,19,2011,education,single_no_child,other_temporary
41,20,2012,unemployed,single_no_child,other_temporary
41,21,2013,education,single_no_child,renting
41,22,2014,education,single_no_child,renting
41,23,2015,full_time,single_parent,renting
41,24,2016,unemployed,single_parent,renting
41,25,2017,full_time,single_parent,renting
41,26,2018,full_time,single_parent,renting
41,27,2019,full_time,single_parent,renting
41,28,2020,full_time,single_parent,renting
41,29,2021,full_time,single_parent,renting
41,30,2022,part_time,single_parent,renting
42,18,2012,education,single_no_child,parental_home
42,19,2013,education,single_no_child,parental_home
42,20,2014,part_time,single_no_child,parental_home
42,21,2015,full_time,single_no_child,parental_home
42,22,2016,full_time,single_no_child,parental_home
42,23,2017,full_time,single_no_child,parental_home
42,24,2018,full_time,single_no_child,parental_home
42,25,2019,full_time,single_no_child,parental_home
42,26,2020,full_time,single_no_child,parental_home
42,27,2021,full_time,single_no_child,renting
42,28,2022,unemployed,partnered_no_child,renting
42,29,2023,full_time,partnered_no_child,renting
42,30,2024,full_time,partnered_no_child,renting
43,18,2010,education,single_no_child,parental_home
43,19,2011,education,single_no_child,parental_home
43,20,2012,unemployed,single_no_child,parental_home
43,21,2013,inactive_care,single_no_child,parental_home
43,22,2014,full_time,partnered_no_child,parental_home
43,23,2015,unemployed,partnered_with_child,parental_home
43,24,2016,full_time,partnered_with_child,parental_home
43,25,2017,full_time,partnered_with_child,parental_home
43,26,2018,unemployed,partnered_with_child,renting
43,27,2019,full_time,partnered_with_child,renting
43,28,2020,part_time,partnered_with_child,renting
43,29,2021,full_time,partnered_with_child,renting
43,30,2022,part_time,partnered_with_child,renting
44,18,2010,education,single_no_child,renting
44,19,2011,education,single_no_child,renting
44,20,2012,education,single_no_child,renting
44,21,2013,education,single_no_child,renting
44,22,2014,education,single_no_child,renting
44,23,2015,full_time,single_no_child,renting
44,24,2016,full_time,single_no_child,renting
44,25,2017,unemployed,single_no_child,renting
44,26,2018,full_time,single_no_child,renting
44,27,2019,full_time,single_no_child,renting
44,28,2020,full_time,single_no_child,renting
44,29,2021,full_time,single_no_child,renting
44,30,2022,full_time,single_no_child,renting
45,18,2009,education,single_no_child,parental_home
45,19,2010,education,single_no_child,parental_home
45,20,2011,education,single_no_child,parental_home
45,21,2012,full_time,single_no_child,parental_home
45,22,2013,full_time,single_no_child,parental_home
45,23,2014,full_time,partnered_no_child,renting
45,24,2015,full_time,partnered_no_child,renting
45,25,2016,inactive_care,partnered_no_child,renting
45,26,2017,unemployed,partnered_no_child,renting
45,27,2018,part_time,partnered_no_child,renting
45,28,2019,part_time,partnered_with_child,owner_occupied
45,29,2020,full_time,partnered_with_child,owner_occupied
45,30,2021,full_time,single_parent,owner_occupied
46,18,2010,education,single_no_child,parental_home
46,19,2011,education,partnered_no_child,parental_home
46,20,2012,education,partnered_no_child,renting
46,21,2013,part_time,partnered_no_child,renting
46,22,2014,unemployed,partnered_no_child,renting
46,23,2015,part_time,partnered_no_child,renting
46,24,2016,part_time,partnered_no_child,renting
46,25,2017,inactive_care,partnered_no_child,renting
46,26,2018,inactive_care,partnered_no_child,renting
46,27,2019,part_time,partnered_no_child,renting
46,28,2020,part_time,partnered_no_child,renting
46,29,2021,full_time,partnered_no_child,owner_occupied
46,30,2022,full_time,partnered_no_child,owner_occupied
47,18,2010,education,single_no_child,parental_home
47,19,2011,unemployed,single_no_child,parental_home
47,20,2012,unemployed,single_no_child,parental_home
47,21,2013,unemployed,single_no_child,parental_home
47,22,2014,part_time,single_no_child,parental_home
47,23,2015,unemployed,single_no_child,parental_home
47,24,2016,part_time,single_no_child,parental_home
47,25,2017,inactive_care,single_no_child,parental_home
47,26,2018,unemployed,single_no_child,parental_home
47,27,2019,part_time,single_no_child,parental_home
47,28,2020,unemployed,partnered_no_child,parental_home
47,29,2021,full_time,partnered_with_child,parental_home
47,30,2022,part_time,partnered_with_child,parental_home
48,18,2012,education,partnered_no_child,parental_home
48,19,2013,education,partnered_no_child,parental_home
48,20,2014,unemployed,partnered_no_child,parental_home
48,21,2015,part_time,partnered_no_child,parental_home
48,22,2016,full_time,partnered_no_child,renting
48,23,2017,unemployed,partnered_no_child,renting
48,24,2018,full_time,partnered_no_child,renting
48,25,2019,part_time,partnered_no_child,renting
48,26,2020,unemployed,partnered_no_child,renting
48,27,2021,full_time,partnered_no_child,renting
48,28,2022,part_time,partnered_with_child,renting
48,29,2023,full_time,partnered_with_child,renting
48,30,2024,full_time,partnered_with_child,renting
49,18,2010,education,single_no_child,parental_home
49,19,2011,unemployed,single_no_child,parental_home
49,20,2012,education,single_no_child,parental_home
49,21,2013,education,single_no_child,parental_home
49,22,2014,education,single_no_child,parental_home
49,23,2015,full_time,single_no_child,parental_home
49,24,2016,full_time,single_no_child,parental_home
49,25,2017,full_time,partnered_no_child,parental_home
49,26,2018,full_time,partnered_with_child,parental_home
49,27,2019,full_time,partnered_with_child,parental_home
49,28,2020,full_time,partnered_with_child,renting
49,29,2021,full_time,partnered_with_child,renting
49,30,2022,full_time,partnered_with_child,renting
50,18,2008,education,single_no_child,parental_home
50,19,2009,education,single_no_child,parental_home
50,20,2010,education,single_no_child,parental_home
50,21,2011,full_time,single_no_child,parental_home
50,22,2012,full_time,single_no_child,parental_home
50,23,2013,full_time,single_no_child,parental_home
50,24,2014,full_time,single_no_child,parental_home
50,25,2015,inactive_care,single_no_child,parental_home
50,26,2016,inactive_care,single_no_child,renting
50,27,2017,part_time,single_no_child,renting
50,28,2018,part_time,single_no_child,renting
50,29,2019,full_time,single_no_child,renting
50,30,2020,full_time,single_no_child,renting
51,18,2009,education,single_no_child,parental_home
51,19,2010,education,single_no_child,parental_home
51,20,2011,education,single_no_child,parental_home
51,21,2012,education,single_no_child,parental_home
51,22,2013,education,partnered_no_child,parental_home
51,23,2014,part_time,partnered_no_child,parental_home
51,24,2015,full_time,partnered_no_child,parental_home
51,25,2016,full_time,partnered_no_child,parental_home
51,26,2017,full_time,single_no_child,parental_home
51,27,2018,full_time,single_no_child,parental_home
51,28,2019,full_time,partnered_no_child,parental_home
51,29,2020,full_time,partnered_no_child,other_temporary
51,30,2021,full_time,partnered_with_child,renting
52,18,2010,education,single_no_child,parental_home
52,19,2011,education,single_no_child,parental_home
52,20,2012,full_time,single_no_child,parental_home
52,21,2013,full_time,single_no_child,parental_home
52,22,2014,full_time,single_no_child,parental_home
52,23,2015,full_time,single_no_child,other_temporary
52,24,2016,full_time,single_no_child,renting
52,25,2017,full_time,single_no_child,renting
52,26,2018,full_time,single_no_child,renting
52,27,2019,full_time,single_no_child,renting
52,28,2020,full_time,single_no_child,renting
52,29,2021,part_time,partnered_no_child,renting
52,30,2022,full_time,partnered_no_child,renting
53,18,2011,education,partnered_no_child,renting
53,19,2012,education,partnered_no_child,renting
53,20,2013,education,partnered_no_child,renting
53,21,2014,full_time,partnered_no_child,renting
53,22,2015,full_time,partnered_no_child,renting
53,23,2016,unemployed,partnered_no_child,renting
53,24,2017,full_time,partnered_no_child,renting
53,25,2018,inactive_care,partnered_no_child,renting
53,26,2019,full_time,partnered_no_child,renting
53,27,2020,part_time,partnered_no_child,renting
53,28,2021,part_time,partnered_no_child,renting
53,29,2022,full_time,partnered_no_child,renting
53,30,2023,full_time,partnered_no_child,renting
54,18,2012,education,single_no_child,parental_home
54,19,2013,education,single_no_child,parental_home
54,20,2014,full_time,single_no_child,parental_home
54,21,2015,full_time,partnered_no_child,parental_home
54,22,2016,part_time,partnered_no_child,parental_home
54,23,2017,full_time,partnered_no_child,parental_home
54,24,2018,full_time,partnered_no_child,parental_home
54,25,2019,full_time,partnered_no_child,renting
54,26,2020,full_time,partnered_no_child,renting
54,27,2021,full_time,partnered_no_child,renting
54,28,2022,full_time,partnered_no_child,renting
54,29,2023,full_time,partnered_no_child,renting
54,30,2024,full_time,partnered_no_child,renting
55,18,2010,education,single_no_child,other_temporary
55,19,2011,education,single_no_child,other_temporary
55,20,2012,education,single_no_child,renting
55,21,2013,full_time,single_no_child,renting
55,22,2014,full_time,single_parent,renting
55,23,2015,full_time,single_parent,renting
55,24,2016,full_time,single_parent,owner_occupied
55,25,2017,inactive_care,single_parent,owner_occupied
55,26,2018,inactive_care,single_parent,owner_occupied
55,27,2019,part_time,single_parent,owner_occupied
55,28,2020,part_time,single_parent,owner_occupied
55,29,2021,full_time,single_parent,owner_occupied
55,30,2022,full_time,single_parent,owner_occupied
56,18,2008,education,single_no_child,parental_home
56,19,2009,education,single_no_child,other_temporary
56,20,2010,education,single_no_child,other_temporary
56,21,2011,education,single_no_child,renting
56,22,2012,education,single_no_child,renting
56,23,2013,full_time,single_no_child,renting
56,24,2014,full_time,single_no_child,renting
56,25,2015,full_time,single_no_child,renting
56,26,2016,full_time,single_no_child,renting
56,27,2017,full_time,single_no_child,renting
56,28,2018,full_time,single_no_child,renting
56,29,2019,full_time,single_no_child,renting
56,30,2020,full_time,single_no_child,renting
57,18,2008,education,single_no_child,renting
57,19,2009,education,single_no_child,renting
57,20,2010,education,single_no_child,renting
57,21,2011,education,single_no_child,renting
57,22,2012,education,single_parent,renting
57,23,2013,full_time,single_parent,renting
57,24,2014,full_time,single_parent,renting
57,25,2015,part_time,single_parent,renting
57,26,2016,full_time,single_parent,renting
57,27,2017,full_time,single_parent,renting
57,28,2018,full_time,partnered_with_child,renting
57,29,2019,full_time,partnered_with_child,renting
57,30,2020,full_time,partnered_with_child,owner_occupied
58,18,2009,education,single_no_child,parental_home
58,19,2010,education,single_no_child,parental_home
58,20,2011,education,single_no_child,parental_home
58,21,2012,education,single_no_child,parental_home
58,22,2013,education,partnered_no_child,parental_home
58,23,2014,full_time,partnered_no_child,renting
58,24,2015,full_time,partnered_no_child,renting
58,25,2016,full_time,partnered_no_child,renting
58,26,2017,full_time,partnered_no_child,renting
58,27,2018,full_time,partnered_no_child,owner_occupied
58,28,2019,full_time,partnered_no_child,owner_occupied
58,29,2020,full_time,partnered_with_child,owner_occupied
58,30,2021,full_time,partnered_with_child,owner_occupied
59,18,2010,education,single_no_child,parental_home
59,19,2011,education,single_no_child,parental_home
59,20,2012,education,single_no_child,parental_home
59,21,2013,education,single_no_child,parental_home
59,22,2014,education,single_no_child,parental_home
59,23,2015,full_time,single_no_child,parental_home
59,24,2016,full_time,single_no_child,parental_home
59,25,2017,full_time,single_no_child,renting
59,26,2018,full_time,single_parent,renting
59,27,2019,full_time,single_parent,renting
59,28,2020,full_time,single_parent,renting
59,29,2021,full_time,single_parent,renting
59,30,2022,full_time,single_parent,renting
60,18,2010,part_time,single_no_child,parental_home
60,19,2011,education,single_no_child,parental_home
60,20,2012,full_time,single_no_child,parental_home
60,21,2013,full_time,single_no_child,parental_home
60,22,2014,full_time,single_no_child,parental_home
60,23,2015,full_time,single_no_child,renting
60,24,2016,full_time,single_no_child,renting
60,25,2017,full_time,single_no_child,renting
60,26,2018,full_time,single_no_child,renting
60,27,2019,full_time,single_no_child,renting
60,28,2020,full_time,single_no_child,renting
60,29,2021,full_time,partnered_no_child,renting
60,30,2022,full_time,partnered_no_child,renting
61,18,2012,education,single_no_child,parental_home
61,19,2013,education,single_no_child,renting
61,20,2014,education,single_no_child,renting
61,21,2015,unemployed,single_no_child,renting
61,22,2016,education,single_no_child,renting
61,23,2017,full_time,single_no_child,renting
61,24,2018,full_time,single_no_child,owner_occupied
61,25,2019,full_time,single_no_child,owner_occupied
61,26,2020,full_time,single_no_child,owner_occupied
61,27,2021,full_time,single_no_child,owner_occupied
61,28,2022,full_time,partnered_no_child,owner_occupied
61,29,2023,full_time,partnered_no_child,owner_occupied
61,30,2024,full_time,partnered_with_child,owner_occupied
62,18,2009,education,single_no_child,parental_home
62,19,2010,education,single_no_child,parental_home
62,20,2011,education,single_no_child,parental_home
62,21,2012,full_time,single_no_child,parental_home
62,22,2013,full_time,single_no_child,parental_home
62,23,2014,full_time,single_no_child,renting
62,24,2015,part_time,single_no_child,renting
62,25,2016,inactive_care,single_no_child,renting
62,26,2017,inactive_care,single_no_child,renting
62,27,2018,full_time,single_no_child,renting
62,28,2019,inactive_care,single_no_child,renting
62,29,2020,full_time,single_no_child,renting
62,30,2021,full_time,single_no_child,renting
63,18,2012,education,single_no_child,parental_home
63,19,2013,education,single_no_child,parental_home
63,20,2014,full_time,single_no_child,parental_home
63,21,2015,part_time,single_no_child,parental_home
63,22,2016,full_time,single_no_child,parental_home
63,23,2017,full_time,single_no_child,parental_home
63,24,2018,full_time,single_no_child,parental_home
63,25,2019,full_time,single_no_child,parental_home
63,26,2020,full_time,single_parent,parental_home
63,27,2021,full_time,single_parent,parental_home
63,28,2022,full_time,partnered_with_child,parental_home
63,29,2023,full_time,partnered_with_child,parental_home
63,30,2024,full_time,partnered_with_child,parental_home
64,18,2008,education,single_no_child,parental_home
64,19,2009,education,single_no_child,parental_home
64,20,2010,education,single_no_child,parental_home
64,21,2011,education,single_no_child,parental_home
64,22,2012,education,single_no_child,parental_home
64,23,2013,full_time,single_no_child,parental_home
64,24,2014,full_time,single_no_child,parental_home
64,25,2015,full_time,single_no_child,parental_home
64,26,2016,part_time,single_no_child,parental_home
64,27,2017,full_time,single_no_child,parental_home
64,28,2018,full_time,single_no_child,parental_home
64,29,2019,full_time,single_no_child,renting
64,30,2020,full_time,single_parent,renting
65,18,2008,education,single_no_child,parental_home
65,19,2009,education,single_no_child,parental_home
65,20,2010,education,single_no_child,parental_home
65,21,2011,education,single_no_child,parental_home
65,22,2012,education,single_no_child,parental_home
65,23,2013,full_time,single_no_child,parental_home
65,24,2014,full_time,single_no_child,renting
65,25,2015,full_time,single_no_child,owner_occupied
65,26,2016,full_time,single_no_child,owner_occupied
65,27,2017,full_time,single_no_child,owner_occupied
65,28,2018,full_time,partnered_no_child,owner_occupied
65,29,2019,full_time,partnered_no_child,owner_occupied
65,30,2020,full_time,partnered_no_child,owner_occupied
66,18,2009,education,single_no_child,parental_home
66,19,2010,education,single_no_child,parental_home
66,20,2011,education,single_no_child,parental_home
66,21,2012,education,single_no_child,parental_home
66,22,2013,education,single_no_child,parental_home
66,23,2014,full_time,single_no_child,parental_home
66,24,2015,full_time,single_no_child,parental_home
66,25,2016,full_time,single_no_child,parental_home
66,26,2017,full_time,single_no_child,parental_home
66,27,2018,full_time,partnered_no_child,parental_home
66,28,2019,full_time,partnered_no_child,parental_home
66,29,2020,full_time,partnered_no_child,parental_home
66,30,2021,full_time,partnered_no_child,parental_home
67,18,2012,education,single_no_child,parental_home
67,19,2013,education,single_no_child,renting
67,20,2014,unemployed,partnered_no_child,other_temporary
67,21,2015,part_time,partnered_no_child,other_temporary
67,22,2016,full_time,partnered_no_child,renting
67,23,2017,unemployed,partnered_no_child,renting
67,24,2018,full_time,partnered_no_child,renting
67,25,2019,part_time,partnered_no_child,renting
67,26,2020,unemployed,single_parent,renting
67,27,2021,full_time,single_parent,renting
67,28,2022,part_time,single_parent,renting
67,29,2023,full_time,single_parent,renting
67,30,2024,full_time,single_parent,renting
68,18,2009,education,single_no_child,parental_home
68,19,2010,education,single_no_child,renting
68,20,2011,unemployed,single_no_child,renting
68,21,2012,part_time,single_no_child,renting
68,22,2013,full_time,single_no_child,renting
68,23,2014,unemployed,single_no_child,renting
68,24,2015,full_time,single_no_child,renting
68,25,2016,full_time,partnered_with_child,renting
68,26,2017,unemployed,partnered_with_child,renting
68,27,2018,full_time,partnered_with_child,renting
68,28,2019,part_time,partnered_with_child,renting
68,29,2020,full_time,partnered_with_child,renting
68,30,2021,full_time,partnered_with_child,renting
69,18,2011,education,single_no_child,renting
69,19,2012,education,single_no_child,renting
69,20,2013,education,single_no_child,renting
69,21,2014,full_time,single_no_child,renting
69,22,2015,full_time,single_no_child,renting
69,23,2016,full_time,single_no_child,renting
69,24,2017,full_time,single_no_child,renting
69,25,2018,inactive_care,single_no_child,renting
69,26,2019,inactive_care,partnered_no_child,renting
69,27,2020,part_time,partnered_no_child,renting
69,28,2021,part_time,partnered_no_child,renting
69,29,2022,full_time,partnered_no_child,renting
69,30,2023,full_time,partnered_with_child,renting
70,18,2008,education,single_no_child,parental_home
70,19,2009,education,single_no_child,parental_home
70,20,2010,education,single_no_child,parental_home
70,21,2011,education,single_no_child,parental_home
70,22,2012,education,single_no_child,parental_home
70,23,2013,full_time,single_no_child,parental_home
70,24,2014,unemployed,single_no_child,parental_home
70,25,2015,full_time,single_no_child,parental_home
70,26,2016,full_time,single_no_child,other_temporary
70,27,2017,full_time,single_no_child,other_temporary
70,28,2018,full_time,single_no_child,renting
70,29,2019,full_time,single_no_child,owner_occupied
70,30,2020,full_time,single_no_child,owner_occupied
71,18,2010,education,single_no_child,parental_home
71,19,2011,education,single_no_child,renting
71,20,2012,education,single_no_child,renting
71,21,2013,full_time,single_parent,renting
71,22,2014,education,single_parent,renting
71,23,2015,inactive_care,single_parent,renting
71,24,2016,full_time,single_parent,renting
71,25,2017,full_time,single_parent,owner_occupied
71,26,2018,full_time,single_parent,owner_occupied
71,27,2019,full_time,partnered_with_child,owner_occupied
71,28,2020,full_time,partnered_with_child,owner_occupied
71,29,2021,full_time,partnered_with_child,owner_occupied
71,30,2022,part_time,partnered_with_child,owner_occupied
72,18,2009,education,single_no_child,parental_home
72,19,2010,education,single_no_child,parental_home
72,20,2011,education,single_no_child,parental_home
72,21,2012,education,single_no_child,parental_home
72,22,2013,education,single_no_child,renting
72,23,2014,full_time,partnered_no_child,renting
72,24,2015,part_time,partnered_no_child,renting
72,25,2016,full_time,partnered_no_child,renting
72,26,2017,full_time,partnered_with_child,renting
72,27,2018,full_time,partnered_with_child,renting
72,28,2019,full_time,partnered_with_child,renting
72,29,2020,full_time,partnered_with_child,renting
72,30,2021,full_time,partnered_with_child,renting
73,18,2011,education,single_no_child,parental_home
73,19,2012,education,single_no_child,parental_home
73,20,2013,full_time,single_no_child,parental_home
73,21,2014,full_time,single_no_child,parental_home
73,22,2015,full_time,single_no_child,parental_home
73,23,2016,full_time,single_no_child,renting
73,24,2017,full_time,single_no_child,renting
73,25,2018,full_time,single_no_child,renting
73,26,2019,full_time,single_no_child,renting
73,27,2020,full_time,single_no_child,renting
73,28,2021,full_time,partnered_no_child,renting
73,29,2022,part_time,partnered_no_child,renting
73,30,2023,full_time,partnered_no_child,renting
74,18,2010,unemployed,single_no_child,renting
74,19,2011,education,single_no_child,renting
74,20,2012,education,single_no_child,renting
74,21,2013,part_time,single_no_child,renting
74,22,2014,education,single_no_child,renting
74,23,2015,full_time,single_no_child,renting
74,24,2016,full_time,single_no_child,renting
74,25,2017,part_time,single_no_child,renting
74,26,2018,full_time,single_no_child,renting
74,27,2019,full_time,single_no_child,owner_occupied
74,28,2020,full_time,partnered_no_child,owner_occupied
74,29,2021,full_time,partnered_no_child,owner_occupied
74,30,2022,full_time,partnered_no_child,owner_occupied
75,18,2012,education,single_no_child,parental_home
75,19,2013,education,single_no_child,parental_home
75,20,2014,education,single_no_child,parental_home
75,21,2015,full_time,single_no_child,parental_home
75,22,2016,full_time,single_no_child,renting
75,23,2017,full_time,single_no_child,renting
75,24,2018,full_time,single_no_child,renting
75,25,2019,part_time,single_no_child,renting
75,26,2020,inactive_care,single_no_child,renting
75,27,2021,part_time,single_no_child,renting
75,28,2022,part_time,single_no_child,renting
75,29,2023,full_time,single_no_child,renting
75,30,2024,full_time,partnered_with_child,renting
76,18,2012,education,single_no_child,parental_home
76,19,2013,part_time,single_no_child,parental_home
76,20,2014,full_time,single_no_child,parental_home
76,21,2015,full_time,single_no_child,parental_home
76,22,2016,full_time,single_no_child,parental_home
76,23,2017,full_time,single_no_child,parental_home
76,24,2018,full_time,single_no_child,parental_home
76,25,2019,full_time,single_no_child,renting
76,26,2020,full_time,single_no_child,renting
76,27,2021,full_time,partnered_no_child,renting
76,28,2022,full_time,partnered_no_child,owner_occupied
76,29,2023,full_time,partnered_no_child,owner_occupied
76,30,2024,full_time,partnered_no_child,owner_occupied
77,18,2011,education,single_no_child,parental_home
77,19,2012,education,single_no_child,parental_home
77,20,2013,unemployed,partnered_no_child,renting
77,21,2014,full_time,partnered_with_child,renting
77,22,2015,full_time,single_parent,renting
77,23,2016,unemployed,single_parent,renting
77,24,2017,full_time,single_parent,renting
77,25,2018,part_time,single_parent,renting
77,26,2019,unemployed,single_parent,renting
77,27,2020,full_time,single_parent,renting
77,28,2021,part_time,single_parent,renting
77,29,2022,full_time,single_parent,renting
77,30,2023,education,single_parent,renting
78,18,2008,education,single_no_child,renting
78,19,2009,education,single_no_child,renting
78,20,2010,education,single_no_child,renting
78,21,2011,education,single_no_child,renting
78,22,2012,education,single_no_child,renting
78,23,2013,full_time,single_no_child,renting
78,24,2014,full_time,partnered_no_child,owner_occupied
78,25,2015,full_time,partnered_no_child,owner_occupied
78,26,2016,full_time,partnered_no_child,owner_occupied
78,27,2017,full_time,partnered_with_child,owner_occupied
78,28,2018,full_time,partnered_with_child,owner_occupied
78,29,2019,full_time,partnered_with_child,owner_occupied
78,30,2020,full_time,partnered_with_child,owner_occupied
79,18,2010,unemployed,single_no_child,parental_home
79,19,2011,education,single_no_child,parental_home
79,20,2012,education,single_no_child,renting
79,21,2013,education,single_no_child,renting
79,22,2014,education,single_no_child,renting
79,23,2015,full_time,single_no_child,renting
79,24,2016,full_time,single_no_child,renting
79,25,2017,full_time,single_no_child,renting
79,26,2018,full_time,single_no_child,renting
79,27,2019,full_time,single_no_child,renting
79,28,2020,education,single_no_child,renting
79,29,2021,full_time,single_no_child,renting
79,30,2022,full_time,single_no_child,owner_occupied
80,18,2012,part_time,partnered_no_child,parental_home
80,19,2013,education,partnered_no_child,parental_home
80,20,2014,education,partnered_no_child,parental_home
80,21,2015,education,partnered_no_child,parental_home
80,22,2016,education,partnered_no_child,parental_home
80,23,2017,full_time,partnered_no_child,parental_home
80,24,2018,full_time,partnered_no_child,parental_home
80,25,2019,full_time,partnered_no_child,renting
80,26,2020,full_time,partnered_with_child,renting
80,27,2021,full_time,partnered_with_child,renting
80,28,2022,full_time,partnered_with_child,renting
80,29,2023,full_time,partnered_with_child,renting
80,30,2024,full_time,partnered_with_child,owner_occupied
81,18,2012,education,single_no_child,parental_home
81,19,2013,education,single_no_child,parental_home
81,20,2014,education,single_no_child,parental_home
81,21,2015,education,single_no_child,parental_home
81,22,2016,unemployed,single_no_child,parental_home
81,23,2017,part_time,single_no_child,parental_home
81,24,2018,full_time,single_no_child,parental_home
81,25,2019,part_time,single_no_child,parental_home
81,26,2020,full_time,single_no_child,renting
81,27,2021,full_time,single_no_child,renting
81,28,2022,full_time,single_no_child,renting
81,29,2023,inactive_care,single_no_child,renting
81,30,2024,full_time,partnered_no_child,renting
82,18,2008,education,single_no_child,parental_home
82,19,2009,education,partnered_no_child,parental_home
82,20,2010,full_time,partnered_no_child,parental_home
82,21,2011,full_time,partnered_no_child,parental_home
82,22,2012,full_time,partnered_no_child,parental_home
82,23,2013,inactive_care,partnered_with_child,parental_home
82,24,2014,full_time,partnered_with_child,parental_home
82,25,2015,full_time,partnered_with_child,parental_home
82,26,2016,full_time,partnered_with_child,parental_home
82,27,2017,full_time,partnered_with_child,renting
82,28,2018,full_time,partnered_with_child,renting
82,29,2019,part_time,partnered_with_child,renting
82,30,2020,full_time,partnered_with_child,renting
83,18,2011,education,single_no_child,parental_home
83,19,2012,education,single_no_child,parental_home
83,20,2013,unemployed,single_no_child,parental_home
83,21,2014,part_time,single_no_child,parental_home
83,22,2015,full_time,single_no_child,parental_home
83,23,2016,unemployed,single_no_child,renting
83,24,2017,full_time,single_parent,renting
83,25,2018,part_time,single_parent,renting
83,26,2019,unemployed,single_parent,renting
83,27,2020,unemployed,single_parent,renting
83,28,2021,part_time,single_parent,renting
83,29,2022,full_time,single_parent,renting
83,30,2023,inactive_care,partnered_with_child,renting
84,18,2012,education,single_no_child,parental_home
84,19,2013,education,single_no_child,renting
84,20,2014,part_time,single_no_child,renting
84,21,2015,full_time,single_no_child,renting
84,22,2016,full_time,single_no_child,renting
84,23,2017,full_time,single_no_child,renting
84,24,2018,full_time,partnered_no_child,renting
84,25,2019,full_time,partnered_no_child,renting
84,26,2020,full_time,partnered_no_child,renting
84,27,2021,full_time,partnered_no_child,renting
84,28,2022,full_time,partnered_no_child,renting
84,29,2023,full_time,partnered_no_child,renting
84,30,2024,full_time,partnered_no_child,renting
85,18,2010,education,single_no_child,parental_home
85,19,2011,education,single_no_child,parental_home
85,20,2012,full_time,single_no_child,parental_home
85,21,2013,full_time,single_no_child,parental_home
85,22,2014,full_time,single_no_child,parental_home
85,23,2015,full_time,single_no_child,parental_home
85,24,2016,inactive_care,single_no_child,parental_home
85,25,2017,full_time,partnered_no_child,renting
85,26,2018,inactive_care,single_no_child,renting
85,27,2019,full_time,partnered_no_child,renting
85,28,2020,full_time,partnered_no_child,renting
85,29,2021,full_time,partnered_no_child,renting
85,30,2022,full_time,partnered_no_child,renting
86,18,2008,education,single_no_child,parental_home
86,19,2009,education,single_no_child,parental_home
86,20,2010,education,single_no_child,parental_home
86,21,2011,full_time,single_no_child,parental_home
86,22,2012,full_time,single_no_child,parental_home
86,23,2013,full_time,single_no_child,parental_home
86,24,2014,full_time,single_no_child,renting
86,25,2015,inactive_care,single_no_child,renting
86,26,2016,inactive_care,single_parent,renting
86,27,2017,part_time,single_parent,renting
86,28,2018,part_time,single_parent,renting
86,29,2019,full_time,partnered_with_child,renting
86,30,2020,full_time,partnered_with_child,renting
87,18,2010,education,single_no_child,parental_home
87,19,2011,education,single_no_child,parental_home
87,20,2012,education,single_no_child,renting
87,21,2013,unemployed,single_no_child,renting
87,22,2014,unemployed,single_no_child,renting
87,23,2015,part_time,single_no_child,renting
87,24,2016,part_time,partnered_with_child,renting
87,25,2017,full_time,partnered_with_child,renting
87,26,2018,full_time,partnered_with_child,renting
87,27,2019,full_time,partnered_with_child,renting
87,28,2020,full_time,partnered_with_child,renting
87,29,2021,full_time,partnered_with_child,renting
87,30,2022,full_time,partnered_with_child,renting
88,18,2009,education,single_no_child,renting
88,19,2010,education,single_no_child,renting
88,20,2011,education,single_no_child,renting
88,21,2012,education,single_no_child,renting
88,22,2013,education,single_no_child,renting
88,23,2014,full_time,single_no_child,renting
88,24,2015,full_time,single_no_child,renting
88,25,2016,part_time,single_no_child,renting
88,26,2017,full_time,single_no_child,renting
88,27,2018,full_time,partnered_no_child,renting
88,28,2019,full_time,partnered_no_child,renting
88,29,2020,full_time,partnered_no_child,renting
88,30,2021,full_time,partnered_no_child,renting
89,18,2012,education,single_no_child,parental_home
89,19,2013,unemployed,single_no_child,parental_home
89,20,2014,full_time,single_no_child,other_temporary
89,21,2015,education,single_no_child,other_temporary
89,22,2016,education,single_no_child,other_temporary
89,23,2017,full_time,single_no_child,other_temporary
89,24,2018,full_time,single_no_child,renting
89,25,2019,full_time,single_no_child,renting
89,26,2020,full_time,single_parent,renting
89,27,2021,full_time,single_parent,renting
89,28,2022,full_time,partnered_with_child,renting
89,29,2023,full_time,partnered_with_child,owner_occupied
89,30,2024,inactive_care,partnered_with_child,owner_occupied
90,18,2009,education,single_no_child,parental_home
90,19,2010,unemployed,single_no_child,parental_home
90,20,2011,unemployed,single_no_child,parental_home
90,21,2012,unemployed,single_no_child,parental_home
90,22,2013,part_time,single_no_child,parental_home
90,23,2014,unemployed,single_no_child,parental_home
90,24,2015,unemployed,single_no_child,parental_home
90,25,2016,inactive_care,single_no_child,parental_home
90,26,2017,unemployed,single_no_child,parental_home
90,27,2018,part_time,single_no_child,parental_home
90,28,2019,full_time,single_no_child,parental_home
90,29,2020,full_time,single_no_child,parental_home
90,30,2021,part_time,single_no_child,parental_home
91,18,2010,education,single_no_child,parental_home
91,19,2011,education,partnered_no_child,parental_home
91,20,2012,full_time,partnered_no_child,parental_home
91,21,2013,full_time,partnered_no_child,parental_home
91,22,2014,full_time,partnered_no_child,renting
91,23,2015,full_time,partnered_no_child,renting
91,24,2016,full_time,partnered_no_child,renting
91,25,2017,unemployed,partnered_no_child,renting
91,26,2018,part_time,partnered_no_child,renting
91,27,2019,full_time,partnered_no_child,renting
91,28,2020,full_time,partnered_no_child,renting
91,29,2021,full_time,partnered_no_child,renting
91,30,2022,full_time,partnered_no_child,renting
92,18,2008,education,single_no_child,parental_home
92,19,2009,education,single_no_child,parental_home
92,20,2010,education,single_no_child,parental_home
92,21,2011,education,single_no_child,renting
92,22,2012,education,single_no_child,renting
92,23,2013,full_time,partnered_no_child,renting
92,24,2014,full_time,partnered_no_child,renting
92,25,2015,full_time,partnered_no_child,renting
92,26,2016,full_time,partnered_no_child,renting
92,27,2017,unemployed,partnered_no_child,renting
92,28,2018,full_time,partnered_with_child,owner_occupied
92,29,2019,full_time,partnered_with_child,owner_occupied
92,30,2020,full_time,partnered_with_child,owner_occupied
93,18,2010,education,single_no_child,parental_home
93,19,2011,education,single_no_child,parental_home
93,20,2012,education,single_no_child,parental_home
93,21,2013,unemployed,single_no_child,renting
93,22,2014,unemployed,partnered_no_child,renting
93,23,2015,part_time,partnered_no_child,renting
93,24,2016,part_time,partnered_no_child,renting
93,25,2017,full_time,partnered_no_child,renting
93,26,2018,full_time,single_no_child,renting
93,27,2019,full_time,single_no_child,renting
93,28,2020,full_time,single_no_child,renting
93,29,2021,full_time,partnered_no_child,renting
93,30,2022,full_time,partnered_with_child,renting
94,18,2011,education,single_no_child,parental_home
94,19,2012,education,single_no_child,parental_home
94,20,2013,full_time,single_no_child,parental_home
94,21,2014,education,single_no_child,parental_home
94,22,2015,education,single_no_child,parental_home
94,23,2016,full_time,partnered_no_child,parental_home
94,24,2017,full_time,partnered_no_child,parental_home
94,25,2018,full_time,partnered_no_child,parental_home
94,26,2019,full_time,partnered_no_child,parental_home
94,27,2020,full_time,partnered_no_child,renting
94,28,2021,full_time,partnered_no_child,renting
94,29,2022,full_time,partnered_no_child,renting
94,30,2023,full_time,partnered_with_child,renting
95,18,2008,education,single_no_child,parental_home
95,19,2009,education,single_no_child,parental_home
95,20,2010,education,single_no_child,parental_home
95,21,2011,education,single_no_child,parental_home
95,22,2012,education,single_no_child,parental_home
95,23,2013,full_time,single_no_child,parental_home
95,24,2014,full_time,single_no_child,renting
95,25,2015,full_time,partnered_no_child,renting
95,26,2016,part_time,partnered_no_child,renting
95,27,2017,full_time,partnered_no_child,renting
95,28,2018,full_time,partnered_no_child,renting
95,29,2019,full_time,partnered_no_child,renting
95,30,2020,full_time,partnered_no_child,renting
96,18,2008,unemployed,single_no_child,renting
96,19,2009,unemployed,single_no_child,other_temporary
96,20,2010,education,single_no_child,renting
96,21,2011,education,single_no_child,renting
96,22,2012,education,single_no_child,renting
96,23,2013,full_time,single_no_child,renting
96,24,2014,full_time,single_parent,renting
96,25,2015,full_time,single_parent,renting
96,26,2016,full_time,single_parent,renting
96,27,2017,full_time,single_parent,renting
96,28,2018,full_time,single_parent,renting
96,29,2019,full_time,single_parent,renting
96,30,2020,full_time,partnered_with_child,renting
97,18,2011,education,single_no_child,parental_home
97,19,2012,unemployed,single_no_child,parental_home
97,20,2013,unemployed,single_no_child,parental_home
97,21,2014,unemployed,single_no_child,parental_home
97,22,2015,part_time,single_no_child,parental_home
97,23,2016,unemployed,partnered_no_child,parental_home
97,24,2017,unemployed,partnered_no_child,parental_home
97,25,2018,part_time,partnered_no_child,parental_home
97,26,2019,unemployed,partnered_no_child,parental_home
97,27,2020,part_time,partnered_no_child,parental_home
97,28,2021,unemployed,single_no_child,renting
97,29,2022,full_time,single_no_child,renting
97,30,2023,part_time,single_no_child,renting
98,18,2011,education,single_no_child,renting
98,19,2012,education,single_no_child,renting
98,20,2013,education,single_no_child,renting
98,21,2014,unemployed,single_no_child,renting
98,22,2015,unemployed,single_no_child,renting
98,23,2016,part_time,single_no_child,renting
98,24,2017,part_time,single_no_child,renting
98,25,2018,full_time,single_no_child,renting
98,26,2019,full_time,single_no_child,renting
98,27,2020,part_time,single_parent,renting
98,28,2021,full_time,single_parent,renting
98,29,2022,full_time,single_parent,renting
98,30,2023,full_time,single_parent,renting
99,18,2011,part_time,single_no_child,parental_home
99,19,2012,full_time,single_no_child,parental_home
99,20,2013,education,single_no_child,parental_home
99,21,2014,education,single_no_child,parental_home
99,22,2015,education,single_no_child,parental_home
99,23,2016,full_time,single_no_child,parental_home
99,24,2017,full_time,single_parent,parental_home
99,25,2018,full_time,single_parent,parental_home
99,26,2019,full_time,single_parent,parental_home
99,27,2020,inactive_care,single_parent,renting
99,28,2021,full_time,single_parent,renting
99,29,2022,unemployed,single_parent,renting
99,30,2023,full_time,single_parent,renting
100,18,2009,education,single_no_child,other_temporary
100,19,2010,education,single_no_child,renting
100,20,2011,unemployed,single_no_child,renting
100,21,2012,part_time,single_no_child,renting
100,22,2013,full_time,partnered_no_child,renting
100,23,2014,unemployed,partnered_no_child,renting
100,24,2015,full_time,partnered_no_child,renting
100,25,2016,part_time,partnered_no_child,renting
100,26,2017,unemployed,partnered_no_child,renting
100,27,2018,full_time,partnered_no_child,renting
100,28,2019,part_time,partnered_no_child,renting
100,29,2020,full_time,partnered_no_child,owner_occupied
100,30,2021,full_time,single_no_child,owner_occupied
101,18,2011,education,partnered_no_child,parental_home
101,19,2012,unemployed,partnered_no_child,parental_home
101,20,2013,inactive_care,partnered_no_child,parental_home
101,21,2014,full_time,partnered_no_child,parental_home
101,22,2015,full_time,partnered_no_child,parental_home
101,23,2016,full_time,partnered_no_child,parental_home
101,24,2017,full_time,partnered_no_child,parental_home
101,25,2018,inactive_care,partnered_no_child,parental_home
101,26,2019,inactive_care,partnered_no_child,parental_home
101,27,2020,part_time,partnered_no_child,parental_home
101,28,2021,full_time,partnered_no_child,renting
101,29,2022,full_time,partnered_with_child,renting
101,30,2023,full_time,partnered_with_child,renting
102,18,2012,education,single_no_child,parental_home
102,19,2013,education,single_no_child,parental_home
102,20,2014,education,single_no_child,parental_home
102,21,2015,education,single_no_child,parental_home
102,22,2016,unemployed,partnered_no_child,parental_home
102,23,2017,full_time,partnered_with_child,parental_home
102,24,2018,full_time,partnered_with_child,parental_home
102,25,2019,full_time,partnered_with_child,parental_home
102,26,2020,full_time,partnered_with_child,parental_home
102,27,2021,full_time,partnered_with_child,parental_home
102,28,2022,full_time,partnered_with_child,renting
102,29,2023,full_time,partnered_with_child,renting
102,30,2024,full_time,partnered_with_child,renting
103,18,2008,education,single_no_child,parental_home
103,19,2009,education,single_no_child,renting
103,20,2010,education,single_no_child,renting
103,21,2011,full_time,single_no_child,renting
103,22,2012,full_time,single_no_child,renting
103,23,2013,full_time,single_parent,renting
103,24,2014,full_time,single_parent,renting
103,25,2015,inactive_care,single_parent,renting
103,26,2016,inactive_care,single_parent,renting
103,27,2017,part_time,single_parent,owner_occupied
103,28,2018,part_time,single_parent,owner_occupied
103,29,2019,full_time,single_parent,owner_occupied
103,30,2020,full_time,single_parent,owner_occupied
104,18,2010,education,single_no_child,other_temporary
104,19,2011,part_time,single_no_child,other_temporary
104,20,2012,education,partnered_no_child,renting
104,21,2013,education,partnered_no_child,renting
104,22,2014,education,partnered_no_child,renting
104,23,2015,full_time,partnered_no_child,renting
104,24,2016,full_time,partnered_no_child,renting
104,25,2017,full_time,partnered_with_child,renting
104,26,2018,full_time,partnered_with_child,renting
104,27,2019,full_time,partnered_with_child,renting
104,28,2020,full_time,partnered_with_child,renting
104,29,2021,full_time,partnered_with_child,renting
104,30,2022,full_time,partnered_with_child,renting
105,18,2010,education,single_no_child,parental_home
105,19,2011,education,single_no_child,parental_home
105,20,2012,part_time,single_no_child,renting
105,21,2013,education,single_no_child,renting
105,22,2014,education,single_no_child,renting
105,23,2015,unemployed,single_no_child,renting
105,24,2016,full_time,single_no_child,renting
105,25,2017,full_time,single_no_child,renting
105,26,2018,full_time,single_no_child,renting
105,27,2019,full_time,single_no_child,renting
105,28,2020,full_time,single_no_child,renting
105,29,2021,full_time,partnered_no_child,renting
105,30,2022,full_time,partnered_no_child,renting
106,18,2008,education,single_no_child,parental_home
106,19,2009,education,single_no_child,parental_home
106,20,2010,education,single_no_child,parental_home
106,21,2011,full_time,single_no_child,renting
106,22,2012,full_time,single_no_child,renting
106,23,2013,full_time,single_no_child,renting
106,24,2014,full_time,single_no_child,renting
106,25,2015,unemployed,single_no_child,renting
106,26,2016,inactive_care,single_no_child,renting
106,27,2017,part_time,single_no_child,renting
106,28,2018,part_time,single_no_child,renting
106,29,2019,full_time,single_no_child,renting
106,30,2020,full_time,single_parent,renting
107,18,2011,education,single_no_child,parental_home
107,19,2012,education,single_no_child,parental_home
107,20,2013,education,single_no_child,parental_home
107,21,2014,education,single_no_child,parental_home
107,22,2015,education,single_no_child,parental_home
107,23,2016,full_time,partnered_no_child,parental_home
107,24,2017,full_time,partnered_no_child,parental_home
107,25,2018,full_time,partnered_no_child,parental_home
107,26,2019,full_time,partnered_with_child,parental_home
107,27,2020,full_time,partnered_with_child,parental_home
107,28,2021,full_time,partnered_with_child,parental_home
107,29,2022,unemployed,partnered_with_child,parental_home
107,30,2023,full_time,partnered_with_child,renting
108,18,2008,education,single_no_child,parental_home
108,19,2009,unemployed,single_no_child,parental_home
108,20,2010,unemployed,single_no_child,parental_home
108,21,2011,unemployed,single_no_child,parental_home
108,22,2012,part_time,single_no_child,parental_home
108,23,2013,part_time,single_no_child,parental_home
108,24,2014,unemployed,partnered_no_child,parental_home
108,25,2015,inactive_care,partnered_no_child,parental_home
108,26,2016,unemployed,partnered_no_child,renting
108,27,2017,part_time,partnered_with_child,owner_occupied
108,28,2018,unemployed,partnered_with_child,owner_occupied
108,29,2019,full_time,partnered_with_child,owner_occupied
108,30,2020,part_time,partnered_with_child,owner_occupied
109,18,2008,education,single_no_child,renting
109,19,2009,unemployed,single_no_child,renting
109,20,2010,unemployed,single_no_child,renting
109,21,2011,unemployed,single_no_child,renting
109,22,2012,part_time,single_no_child,renting
109,23,2013,part_time,single_no_child,renting
109,24,2014,unemployed,single_no_child,renting
109,25,2015,inactive_care,single_no_child,renting
109,26,2016,part_time,single_no_child,renting
109,27,2017,unemployed,single_no_child,renting
109,28,2018,unemployed,partnered_no_child,renting
109,29,2019,inactive_care,partnered_no_child,renting
109,30,2020,part_time,partnered_no_child,renting
110,18,2008,education,single_no_child,parental_home
110,19,2009,education,single_no_child,parental_home
110,20,2010,education,single_no_child,parental_home
110,21,2011,inactive_care,single_no_child,parental_home
110,22,2012,unemployed,single_no_child,renting
110,23,2013,part_time,partnered_no_child,renting
110,24,2014,part_time,partnered_no_child,renting
110,25,2015,full_time,partnered_no_child,renting
110,26,2016,full_time,partnered_no_child,renting
110,27,2017,full_time,partnered_no_child,renting
110,28,2018,full_time,partnered_no_child,renting
110,29,2019,full_time,partnered_no_child,renting
110,30,2020,full_time,partnered_no_child,renting
111,18,2010,education,single_no_child,renting
111,19,2011,education,single_no_child,renting
111,20,2012,education,single_no_child,renting
111,21,2013,education,single_no_child,renting
111,22,2014,education,single_parent,renting
111,23,2015,full_time,partnered_with_child,renting
111,24,2016,full_time,partnered_with_child,renting
111,25,2017,full_time,partnered_with_child,renting
111,26,2018,full_time,partnered_with_child,renting
111,27,2019,full_time,partnered_with_child,owner_occupied
111,28,2020,full_time,partnered_with_child,owner_occupied
111,29,2021,full_time,partnered_with_child,owner_occupied
111,30,2022,full_time,partnered_with_child,owner_occupied
112,18,2011,education,single_no_child,other_temporary
112,19,2012,education,single_no_child,other_temporary
112,20,2013,full_time,single_no_child,renting
112,21,2014,full_time,single_no_child,renting
112,22,2015,full_time,single_no_child,renting
112,23,2016,full_time,single_no_child,renting
112,24,2017,full_time,single_no_child,renting
112,25,2018,full_time,single_no_child,renting
112,26,2019,full_time,partnered_no_child,renting
112,27,2020,full_time,partnered_with_child,renting
112,28,2021,full_time,partnered_with_child,renting
112,29,2022,full_time,partnered_with_child,renting
112,30,2023,full_time,partnered_with_child,renting
113,18,2009,education,single_no_child,renting
113,19,2010,education,single_no_child,renting
113,20,2011,education,single_no_child,renting
113,21,2012,full_time,single_no_child,renting
113,22,2013,full_time,single_no_child,renting
113,23,2014,full_time,single_no_child,renting
113,24,2015,full_time,partnered_no_child,renting
113,25,2016,inactive_care,partnered_no_child,renting
113,26,2017,inactive_care,partnered_no_child,renting
113,27,2018,part_time,partnered_no_child,renting
113,28,2019,part_time,partnered_no_child,renting
113,29,2020,full_time,partnered_no_child,renting
113,30,2021,part_time,partnered_no_child,renting
114,18,2010,education,single_no_child,parental_home
114,19,2011,education,single_no_child,parental_home
114,20,2012,education,partnered_no_child,parental_home
114,21,2013,education,partnered_no_child,other_temporary
114,22,2014,education,partnered_no_child,other_temporary
114,23,2015,full_time,partnered_no_child,other_temporary
114,24,2016,unemployed,partnered_no_child,renting
114,25,2017,full_time,partnered_no_child,renting
114,26,2018,full_time,partnered_no_child,renting
114,27,2019,full_time,partnered_no_child,renting
114,28,2020,full_time,partnered_no_child,renting
114,29,2021,full_time,partnered_with_child,owner_occupied
114,30,2022,inactive_care,partnered_with_child,owner_occupied
115,18,2011,education,single_no_child,parental_home
115,19,2012,education,single_no_child,parental_home
115,20,2013,education,single_no_child,parental_home
115,21,2014,full_time,single_no_child,parental_home
115,22,2015,education,single_no_child,parental_home
115,23,2016,full_time,single_no_child,parental_home
115,24,2017,full_time,single_no_child,parental_home
115,25,2018,full_time,single_no_child,other_temporary
115,26,2019,full_time,single_no_child,renting
115,27,2020,full_time,single_no_child,renting
115,28,2021,full_time,partnered_no_child,renting
115,29,2022,full_time,partnered_no_child,owner_occupied
115,30,2023,full_time,partnered_no_child,owner_occupied
116,18,2011,education,single_no_child,parental_home
116,19,2012,education,single_no_child,parental_home
116,20,2013,education,single_no_child,parental_home
116,21,2014,education,single_no_child,parental_home
116,22,2015,education,single_no_child,parental_home
116,23,2016,full_time,single_no_child,parental_home
116,24,2017,full_time,single_no_child,parental_home
116,25,2018,full_time,single_no_child,parental_home
116,26,2019,part_time,single_no_child,parental_home
116,27,2020,full_time,single_no_child,parental_home
116,28,2021,full_time,single_no_child,renting
116,29,2022,full_time,single_no_child,renting
116,30,2023,full_time,single_no_child,renting
117,18,2009,education,single_no_child,renting
117,19,2010,education,single_no_child,renting
117,20,2011,unemployed,single_no_child,renting
117,21,2012,part_time,partnered_no_child,renting
117,22,2013,full_time,partnered_no_child,renting
117,23,2014,part_time,partnered_with_child,renting
117,24,2015,full_time,partnered_with_child,renting
117,25,2016,part_time,partnered_with_child,renting
117,26,2017,unemployed,partnered_with_child,renting
117,27,2018,full_time,partnered_with_child,renting
117,28,2019,part_time,partnered_with_child,renting
117,29,2020,full_time,partnered_with_child,renting
117,30,2021,full_time,partnered_with_child,owner_occupied
118,18,2008,education,single_no_child,parental_home
118,19,2009,education,single_no_child,parental_home
118,20,2010,education,single_no_child,parental_home
118,21,2011,education,single_no_child,parental_home
118,22,2012,education,single_no_child,parental_home
118,23,2013,part_time,single_no_child,parental_home
118,24,2014,full_time,single_no_child,parental_home
118,25,2015,full_time,single_no_child,parental_home
118,26,2016,full_time,single_no_child,parental_home
118,27,2017,full_time,single_no_child,parental_home
118,28,2018,full_time,single_no_child,parental_home
118,29,2019,full_time,partnered_no_child,parental_home
118,30,2020,full_time,partnered_no_child,parental_home
119,18,2010,education,single_no_child,parental_home
119,19,2011,education,single_no_child,parental_home
119,20,2012,education,single_no_child,parental_home
119,21,2013,full_time,single_no_child,parental_home
119,22,2014,part_time,single_no_child,parental_home
119,23,2015,full_time,partnered_no_child,parental_home
119,24,2016,full_time,partnered_no_child,parental_home
119,25,2017,inactive_care,partnered_no_child,parental_home
119,26,2018,inactive_care,partnered_no_child,parental_home
119,27,2019,part_time,partnered_no_child,parental_home
119,28,2020,part_time,single_no_child,renting
119,29,2021,full_time,single_no_child,renting
119,30,2022,full_time,single_no_child,renting
120,18,2009,education,single_no_child,parental_home
120,19,2010,part_time,single_no_child,parental_home
120,20,2011,education,single_no_child,parental_home
120,21,2012,education,partnered_no_child,parental_home
120,22,2013,education,partnered_no_child,renting
120,23,2014,full_time,partnered_no_child,renting
120,24,2015,full_time,partnered_no_child,renting
120,25,2016,full_time,partnered_no_child,renting
120,26,2017,full_time,partnered_no_child,renting
120,27,2018,full_time,partnered_with_child,renting
120,28,2019,part_time,partnered_with_child,renting
120,29,2020,full_time,partnered_with_child,renting
120,30,2021,full_time,partnered_with_child,renting
121,18,2010,education,single_no_child,parental_home
121,19,2011,full_time,single_no_child,parental_home
121,20,2012,education,single_no_child,parental_home
121,21,2013,education,single_no_child,parental_home
121,22,2014,education,single_no_child,parental_home
121,23,2015,full_time,partnered_no_child,parental_home
121,24,2016,full_time,single_no_child,parental_home
121,25,2017,full_time,single_no_child,parental_home
121,26,2018,full_time,single_no_child,renting
121,27,2019,full_time,single_no_child,renting
121,28,2020,full_time,single_no_child,renting
121,29,2021,full_time,single_parent,renting
121,30,2022,full_time,single_parent,renting
122,18,2011,education,single_no_child,parental_home
122,19,2012,part_time,single_no_child,parental_home
122,20,2013,education,single_no_child,parental_home
122,21,2014,education,partnered_no_child,parental_home
122,22,2015,education,partnered_no_child,parental_home
122,23,2016,full_time,partnered_no_child,renting
122,24,2017,full_time,partnered_with_child,owner_occupied
122,25,2018,full_time,partnered_with_child,owner_occupied
122,26,2019,inactive_care,partnered_with_child,owner_occupied
122,27,2020,full_time,partnered_with_child,owner_occupied
122,28,2021,full_time,partnered_with_child,owner_occupied
122,29,2022,full_time,partnered_with_child,owner_occupied
122,30,2023,full_time,partnered_with_child,owner_occupied
123,18,2012,education,partnered_no_child,parental_home
123,19,2013,education,partnered_no_child,parental_home
123,20,2014,education,partnered_no_child,parental_home
123,21,2015,unemployed,partnered_with_child,parental_home
123,22,2016,unemployed,partnered_with_child,parental_home
123,23,2017,part_time,partnered_with_child,parental_home
123,24,2018,part_time,partnered_with_child,parental_home
123,25,2019,full_time,partnered_with_child,parental_home
123,26,2020,full_time,partnered_with_child,renting
123,27,2021,full_time,partnered_with_child,renting
123,28,2022,full_time,partnered_with_child,renting
123,29,2023,part_time,partnered_with_child,renting
123,30,2024,full_time,partnered_with_child,owner_occupied
124,18,2011,education,single_no_child,parental_home
124,19,2012,education,single_no_child,renting
124,20,2013,education,single_no_child,renting
124,21,2014,education,single_no_child,renting
124,22,2015,education,single_no_child,renting
124,23,2016,full_time,single_no_child,renting
124,24,2017,full_time,single_no_child,renting
124,25,2018,full_time,single_no_child,renting
124,26,2019,full_time,single_no_child,renting
124,27,2020,full_time,single_no_child,renting
124,28,2021,full_time,single_no_child,renting
124,29,2022,inactive_care,single_no_child,owner_occupied
124,30,2023,full_time,single_no_child,owner_occupied
125,18,2009,education,single_no_child,parental_home
125,19,2010,education,single_no_child,parental_home
125,20,2011,education,single_no_child,parental_home
125,21,2012,full_time,single_no_child,parental_home
125,22,2013,full_time,single_no_child,renting
125,23,2014,inactive_care,single_no_child,renting
125,24,2015,part_time,single_no_child,renting
125,25,2016,inactive_care,partnered_no_child,renting
125,26,2017,inactive_care,partnered_no_child,owner_occupied
125,27,2018,unemployed,partnered_no_child,owner_occupied
125,28,2019,part_time,partnered_no_child,owner_occupied
125,29,2020,full_time,partnered_no_child,renting
125,30,2021,full_time,partnered_no_child,renting
126,18,2010,education,single_no_child,renting
126,19,2011,education,single_no_child,renting
126,20,2012,education,single_no_child,renting
126,21,2013,unemployed,single_no_child,renting
126,22,2014,education,single_no_child,renting
126,23,2015,full_time,single_no_child,renting
126,24,2016,full_time,partnered_no_child,owner_occupied
126,25,2017,full_time,partnered_no_child,owner_occupied
126,26,2018,full_time,partnered_no_child,owner_occupied
126,27,2019,full_time,partnered_no_child,owner_occupied
126,28,2020,full_time,partnered_no_child,owner_occupied
126,29,2021,full_time,partnered_no_child,owner_occupied
126,30,2022,full_time,partnered_no_child,owner_occupied
127,18,2011,education,single_no_child,parental_home
127,19,2012,education,single_no_child,parental_home
127,20,2013,unemployed,single_no_child,parental_home
127,21,2014,part_time,single_no_child,parental_home
127,22,2015,full_time,single_no_child,parental_home
127,23,2016,part_time,single_no_child,parental_home
127,24,2017,inactive_care,single_no_child,parental_home
127,25,2018,part_time,single_no_child,parental_home
127,26,2019,unemployed,single_parent,parental_home
127,27,2020,inactive_care,single_parent,parental_home
127,28,2021,part_time,single_parent,parental_home
127,29,2022,full_time,single_parent,parental_home
127,30,2023,full_time,single_parent,parental_home
128,18,2008,education,single_no_child,renting
128,19,2009,education,single_no_child,renting
128,20,2010,unemployed,single_no_child,renting
128,21,2011,part_time,single_no_child,renting
128,22,2012,full_time,single_no_child,renting
128,23,2013,unemployed,single_no_child,renting
128,24,2014,full_time,single_no_child,renting
128,25,2015,part_time,single_parent,renting
128,26,2016,unemployed,single_parent,renting
128,27,2017,full_time,single_parent,renting
128,28,2018,part_time,single_parent,renting
128,29,2019,full_time,single_parent,renting
128,30,2020,full_time,single_parent,renting
129,18,2012,education,single_no_child,renting
129,19,2013,education,single_no_child,renting
129,20,2014,full_time,single_no_child,renting
129,21,2015,full_time,single_no_child,renting
129,22,2016,full_time,single_no_child,renting
129,23,2017,full_time,single_no_child,renting
129,24,2018,full_time,single_no_child,renting
129,25,2019,full_time,single_no_child,renting
129,26,2020,full_time,single_no_child,renting
129,27,2021,full_time,partnered_no_child,renting
129,28,2022,full_time,partnered_no_child,renting
129,29,2023,full_time,partnered_no_child,renting
129,30,2024,full_time,partnered_no_child,renting
130,18,2011,unemployed,single_no_child,parental_home
130,19,2012,education,single_no_child,parental_home
130,20,2013,full_time,single_no_child,parental_home
130,21,2014,full_time,single_no_child,parental_home
130,22,2015,unemployed,single_no_child,parental_home
130,23,2016,full_time,single_no_child,parental_home
130,24,2017,full_time,partnered_no_child,parental_home
130,25,2018,full_time,partnered_no_child,parental_home
130,26,2019,unemployed,partnered_no_child,parental_home
130,27,2020,full_time,partnered_with_child,parental_home
130,28,2021,full_time,partnered_with_child,renting
130,29,2022,full_time,partnered_with_child,renting
130,30,2023,full_time,partnered_with_child,renting
131,18,2012,education,single_no_child,parental_home
131,19,2013,inactive_care,single_no_child,parental_home
131,20,2014,unemployed,single_no_child,parental_home
131,21,2015,part_time,single_no_child,parental_home
131,22,2016,full_time,single_no_child,parental_home
131,23,2017,unemployed,single_no_child,parental_home
131,24,2018,full_time,partnered_no_child,parental_home
131,25,2019,part_time,partnered_no_child,renting
131,26,2020,unemployed,partnered_no_child,renting
131,27,2021,full_time,partnered_no_child,renting
131,28,2022,part_time,single_no_child,renting
131,29,2023,full_time,partnered_no_child,renting
131,30,2024,full_time,partnered_with_child,renting
132,18,2012,education,single_no_child,parental_home
132,19,2013,unemployed,single_no_child,parental_home
132,20,2014,unemployed,single_no_child,parental_home
132,21,2015,part_time,single_no_child,parental_home
132,22,2016,unemployed,single_no_child,parental_home
132,23,2017,full_time,single_no_child,parental_home
132,24,2018,unemployed,single_no_child,parental_home
132,25,2019,inactive_care,single_no_child,parental_home
132,26,2020,unemployed,partnered_no_child,parental_home
132,27,2021,part_time,partnered_no_child,parental_home
132,28,2022,unemployed,partnered_no_child,parental_home
132,29,2023,full_time,partnered_with_child,renting
132,30,2024,inactive_care,partnered_with_child,renting
133,18,2008,education,single_no_child,parental_home
133,19,2009,education,single_no_child,parental_home
133,20,2010,education,single_no_child,parental_home
133,21,2011,education,single_no_child,parental_home
133,22,2012,education,single_no_child,parental_home
133,23,2013,full_time,single_no_child,parental_home
133,24,2014,full_time,single_no_child,parental_home
133,25,2015,full_time,single_no_child,parental_home
133,26,2016,full_time,single_no_child,parental_home
133,27,2017,full_time,single_no_child,renting
133,28,2018,full_time,single_no_child,renting
133,29,2019,full_time,single_no_child,renting
133,30,2020,full_time,partnered_no_child,renting
134,18,2009,education,single_no_child,parental_home
134,19,2010,education,single_no_child,parental_home
134,20,2011,education,single_no_child,parental_home
134,21,2012,full_time,single_no_child,renting
134,22,2013,full_time,single_no_child,renting
134,23,2014,part_time,single_no_child,renting
134,24,2015,full_time,single_no_child,renting
134,25,2016,inactive_care,single_no_child,renting
134,26,2017,inactive_care,single_no_child,renting
134,27,2018,part_time,partnered_no_child,renting
134,28,2019,part_time,partnered_no_child,renting
134,29,2020,full_time,partnered_no_child,renting
134,30,2021,full_time,partnered_no_child,renting
135,18,2011,education,single_no_child,renting
135,19,2012,education,single_no_child,renting
135,20,2013,full_time,partnered_no_child,renting
135,21,2014,full_time,partnered_no_child,renting
135,22,2015,part_time,partnered_no_child,renting
135,23,2016,unemployed,partnered_no_child,renting
135,24,2017,full_time,partnered_no_child,renting
135,25,2018,full_time,partnered_no_child,renting
135,26,2019,full_time,partnered_no_child,renting
135,27,2020,full_time,partnered_no_child,renting
135,28,2021,part_time,partnered_no_child,renting
135,29,2022,full_time,partnered_no_child,renting
135,30,2023,full_time,partnered_no_child,renting
136,18,2011,education,single_no_child,other_temporary
136,19,2012,education,single_no_child,renting
136,20,2013,education,single_no_child,renting
136,21,2014,education,single_no_child,renting
136,22,2015,education,single_no_child,renting
136,23,2016,full_time,single_no_child,renting
136,24,2017,full_time,single_no_child,renting
136,25,2018,full_time,single_no_child,renting
136,26,2019,full_time,single_no_child,renting
136,27,2020,full_time,single_no_child,owner_occupied
136,28,2021,full_time,single_no_child,owner_occupied
136,29,2022,full_time,single_no_child,owner_occupied
136,30,2023,unemployed,single_no_child,owner_occupied
137,18,2010,education,single_no_child,parental_home
137,19,2011,education,single_no_child,parental_home
137,20,2012,full_time,single_no_child,parental_home
137,21,2013,full_time,partnered_no_child,parental_home
137,22,2014,full_time,partnered_no_child,renting
137,23,2015,full_time,partnered_no_child,renting
137,24,2016,full_time,partnered_no_child,renting
137,25,2017,inactive_care,partnered_no_child,renting
137,26,2018,full_time,partnered_no_child,renting
137,27,2019,part_time,partnered_no_child,renting
137,28,2020,full_time,partnered_no_child,renting
137,29,2021,full_time,partnered_no_child,renting
137,30,2022,full_time,partnered_no_child,renting
138,18,2012,education,single_no_child,parental_home
138,19,2013,education,single_no_child,parental_home
138,20,2014,education,single_no_child,parental_home
138,21,2015,education,single_no_child,parental_home
138,22,2016,education,single_no_child,parental_home
138,23,2017,full_time,single_no_child,parental_home
138,24,2018,full_time,single_no_child,parental_home
138,25,2019,full_time,single_no_child,renting
138,26,2020,full_time,single_no_child,renting
138,27,2021,part_time,single_no_child,owner_occupied
138,28,2022,full_time,single_no_child,owner_occupied
138,29,2023,full_time,single_no_child,owner_occupied
138,30,2024,full_time,partnered_no_child,owner_occupied
139,18,2012,education,single_no_child,parental_home
139,19,2013,education,single_no_child,parental_home
139,20,2014,unemployed,single_no_child,parental_home
139,21,2015,part_time,single_no_child,parental_home
139,22,2016,full_time,single_no_child,parental_home
139,23,2017,unemployed,single_no_child,parental_home
139,24,2018,full_time,partnered_no_child,parental_home
139,25,2019,part_time,partnered_no_child,parental_home
139,26,2020,unemployed,partnered_no_child,parental_home
139,27,2021,full_time,partnered_no_child,parental_home
139,28,2022,part_time,partnered_no_child,renting
139,29,2023,full_time,partnered_no_child,renting
139,30,2024,full_time,partnered_no_child,renting
140,18,2010,part_time,single_no_child,parental_home
140,19,2011,education,single_no_child,parental_home
140,20,2012,education,single_no_child,parental_home
140,21,2013,education,single_no_child,parental_home
140,22,2014,education,partnered_no_child,parental_home
140,23,2015,full_time,partnered_no_child,renting
140,24,2016,full_time,partnered_no_child,renting
140,25,2017,full_time,partnered_no_child,renting
140,26,2018,full_time,partnered_no_child,renting
140,27,2019,full_time,partnered_no_child,renting
140,28,2020,full_time,partnered_no_child,renting
140,29,2021,full_time,partnered_no_child,renting
140,30,2022,full_time,partnered_no_child,renting
141,18,2010,education,single_no_child,parental_home
141,19,2011,education,single_no_child,parental_home
141,20,2012,education,single_no_child,parental_home
141,21,2013,education,single_no_child,parental_home
141,22,2014,education,single_no_child,parental_home
141,23,2015,part_time,single_no_child,renting
141,24,2016,full_time,single_no_child,renting
141,25,2017,full_time,partnered_no_child,owner_occupied
141,26,2018,full_time,partnered_no_child,owner_occupied
141,27,2019,full_time,partnered_no_child,owner_occupied
141,28,2020,full_time,partnered_no_child,owner_occupied
141,29,2021,full_time,partnered_no_child,owner_occupied
141,30,2022,part_time,partnered_no_child,owner_occupied
142,18,2009,education,single_no_child,parental_home
142,19,2010,education,single_no_child,parental_home
142,20,2011,education,single_no_child,parental_home
142,21,2012,full_time,single_no_child,other_temporary
142,22,2013,unemployed,single_no_child,other_temporary
142,23,2014,full_time,single_no_child,renting
142,24,2015,full_time,single_no_child,renting
142,25,2016,inactive_care,single_no_child,renting
142,26,2017,inactive_care,single_no_child,renting
142,27,2018,unemployed,single_no_child,renting
142,28,2019,full_time,single_parent,renting
142,29,2020,full_time,single_parent,renting
142,30,2021,full_time,single_parent,renting
143,18,2011,education,single_no_child,parental_home
143,19,2012,inactive_care,single_no_child,parental_home
143,20,2013,unemployed,partnered_no_child,parental_home
143,21,2014,unemployed,partnered_no_child,renting
143,22,2015,part_time,partnered_no_child,renting
143,23,2016,unemployed,partnered_no_child,renting
143,24,2017,unemployed,partnered_no_child,renting
143,25,2018,inactive_care,partnered_no_child,renting
143,26,2019,unemployed,partnered_no_child,renting
143,27,2020,part_time,partnered_no_child,renting
143,28,2021,unemployed,partnered_no_child,renting
143,29,2022,full_time,partnered_no_child,renting
143,30,2023,part_time,partnered_no_child,renting
144,18,2008,education,single_no_child,renting
144,19,2009,education,single_no_child,renting
144,20,2010,education,single_no_child,renting
144,21,2011,education,single_no_child,renting
144,22,2012,education,single_no_child,renting
144,23,2013,full_time,partnered_no_child,renting
144,24,2014,full_time,partnered_no_child,renting
144,25,2015,full_time,partnered_no_child,renting
144,26,2016,full_time,partnered_no_child,renting
144,27,2017,full_time,partnered_no_child,renting
144,28,2018,full_time,partnered_with_child,renting
144,29,2019,full_time,partnered_with_child,renting
144,30,2020,part_time,partnered_with_child,renting
145,18,2009,education,single_no_child,renting
145,19,2010,education,single_no_child,renting
145,20,2011,full_time,single_no_child,renting
145,21,2012,full_time,single_no_child,renting
145,22,2013,full_time,single_no_child,renting
145,23,2014,full_time,single_no_child,renting
145,24,2015,full_time,single_no_child,renting
145,25,2016,full_time,single_no_child,renting
145,26,2017,full_time,partnered_no_child,renting
145,27,2018,full_time,partnered_no_child,renting
145,28,2019,full_time,partnered_with_child,renting
145,29,2020,full_time,partnered_with_child,renting
145,30,2021,full_time,single_parent,renting
146,18,2009,education,single_no_child,parental_home
146,19,2010,education,single_no_child,renting
146,20,2011,education,single_no_child,renting
146,21,2012,unemployed,single_no_child,renting
146,22,2013,unemployed,single_no_child,renting
146,23,2014,inactive_care,single_no_child,renting
146,24,2015,part_time,single_no_child,renting
146,25,2016,full_time,single_parent,renting
146,26,2017,full_time,single_parent,renting
146,27,2018,full_time,single_parent,renting
146,28,2019,full_time,partnered_with_child,renting
146,29,2020,full_time,partnered_with_child,renting
146,30,2021,full_time,partnered_with_child,renting
147,18,2011,education,single_no_child,renting
147,19,2012,unemployed,single_no_child,renting
147,20,2013,full_time,single_no_child,renting
147,21,2014,unemployed,single_no_child,renting
147,22,2015,part_time,single_no_child,renting
147,23,2016,unemployed,single_no_child,renting
147,24,2017,unemployed,single_no_child,renting
147,25,2018,inactive_care,single_parent,renting
147,26,2019,unemployed,single_parent,renting
147,27,2020,part_time,single_parent,renting
147,28,2021,unemployed,single_parent,renting
147,29,2022,full_time,single_parent,renting
147,30,2023,part_time,single_parent,renting
148,18,2012,education,single_no_child,parental_home
148,19,2013,education,single_no_child,parental_home
148,20,2014,education,single_no_child,parental_home
148,21,2015,education,single_no_child,parental_home
148,22,2016,education,single_no_child,renting
148,23,2017,full_time,partnered_with_child,renting
148,24,2018,full_time,partnered_with_child,renting
148,25,2019,full_time,partnered_with_child,renting
148,26,2020,full_time,partnered_with_child,renting
148,27,2021,full_time,partnered_with_child,owner_occupied
148,28,2022,full_time,partnered_with_child,owner_occupied
148,29,2023,full_time,partnered_with_child,owner_occupied
148,30,2024,full_time,partnered_with_child,owner_occupied
149,18,2009,education,single_no_child,parental_home
149,19,2010,full_time,single_no_child,parental_home
149,20,2011,full_time,single_no_child,parental_home
149,21,2012,full_time,single_no_child,parental_home
149,22,2013,full_time,single_no_child,renting
149,23,2014,full_time,single_no_child,renting
149,24,2015,full_time,partnered_no_child,renting
149,25,2016,full_time,partnered_no_child,renting
149,26,2017,full_time,partnered_no_child,owner_occupied
149,27,2018,full_time,partnered_no_child,owner_occupied
149,28,2019,full_time,partnered_no_child,owner_occupied
149,29,2020,full_time,partnered_no_child,owner_occupied
149,30,2021,part_time,partnered_no_child,owner_occupied
150,18,2009,inactive_care,single_no_child,parental_home
150,19,2010,education,single_no_child,renting
150,20,2011,education,single_no_child,renting
150,21,2012,education,single_no_child,renting
150,22,2013,education,single_parent,renting
150,23,2014,full_time,single_parent,renting
150,24,2015,full_time,single_parent,renting
150,25,2016,full_time,single_parent,renting
150,26,2017,full_time,single_parent,renting
150,27,2018,full_time,single_parent,renting
150,28,2019,full_time,partnered_with_child,renting
150,29,2020,part_time,partnered_with_child,renting
150,30,2021,full_time,partnered_with_child,renting
151,18,2011,education,single_no_child,parental_home
151,19,2012,education,single_no_child,parental_home
151,20,2013,unemployed,single_no_child,parental_home
151,21,2014,unemployed,single_no_child,renting
151,22,2015,full_time,single_no_child,renting
151,23,2016,full_time,single_no_child,renting
151,24,2017,full_time,single_no_child,renting
151,25,2018,full_time,single_no_child,renting
151,26,2019,full_time,single_no_child,renting
151,27,2020,full_time,single_no_child,renting
151,28,2021,full_time,single_no_child,renting
151,29,2022,full_time,single_no_child,renting
151,30,2023,full_time,single_no_child,renting
152,18,2011,education,single_no_child,parental_home
152,19,2012,education,single_no_child,parental_home
152,20,2013,part_time,single_no_child,parental_home
152,21,2014,education,single_no_child,parental_home
152,22,2015,education,single_no_child,parental_home
152,23,2016,full_time,single_no_child,parental_home
152,24,2017,full_time,single_no_child,renting
152,25,2018,full_time,single_no_child,renting
152,26,2019,full_time,single_no_child,renting
152,27,2020,full_time,single_parent,renting
152,28,2021,full_time,single_parent,renting
152,29,2022,full_time,single_parent,owner_occupied
152,30,2023,full_time,partnered_with_child,owner_occupied
153,18,2010,education,single_no_child,parental_home
153,19,2011,education,single_no_child,parental_home
153,20,2012,education,single_no_child,parental_home
153,21,2013,education,single_no_child,parental_home
153,22,2014,education,single_no_child,parental_home
153,23,2015,full_time,single_no_child,parental_home
153,24,2016,full_time,single_no_child,parental_home
153,25,2017,full_time,single_no_child,parental_home
153,26,2018,full_time,partnered_no_child,parental_home
153,27,2019,full_time,partnered_no_child,parental_home
153,28,2020,full_time,partnered_no_child,renting
153,29,2021,full_time,partnered_no_child,renting
153,30,2022,full_time,partnered_with_child,renting
154,18,2009,education,single_no_child,parental_home
154,19,2010,education,single_no_child,parental_home
154,20,2011,education,single_no_child,parental_home
154,21,2012,full_time,partnered_no_child,parental_home
154,22,2013,full_time,partnered_no_child,parental_home
154,23,2014,full_time,partnered_no_child,parental_home
154,24,2015,full_time,partnered_no_child,parental_home
154,25,2016,inactive_care,partnered_no_child,parental_home
154,26,2017,inactive_care,partnered_no_child,renting
154,27,2018,part_time,single_parent,renting
154,28,2019,part_time,single_parent,renting
154,29,2020,full_time,single_parent,renting
154,30,2021,full_time,single_parent,renting
155,18,2011,education,single_no_child,parental_home
155,19,2012,education,single_no_child,renting
155,20,2013,full_time,single_no_child,renting
155,21,2014,part_time,single_no_child,renting
155,22,2015,full_time,single_no_child,renting
155,23,2016,full_time,single_no_child,renting
155,24,2017,full_time,single_no_child,renting
155,25,2018,unemployed,single_no_child,renting
155,26,2019,full_time,partnered_no_child,renting
155,27,2020,full_time,partnered_with_child,renting
155,28,2021,full_time,partnered_with_child,renting
155,29,2022,full_time,partnered_with_child,renting
155,30,2023,part_time,partnered_with_child,renting
156,18,2008,education,single_no_child,parental_home
156,19,2009,education,single_no_child,other_temporary
156,20,2010,full_time,single_no_child,other_temporary
156,21,2011,full_time,single_no_child,renting
156,22,2012,full_time,single_no_child,renting
156,23,2013,education,single_no_child,renting
156,24,2014,full_time,single_no_child,renting
156,25,2015,full_time,single_no_child,renting
156,26,2016,full_time,single_no_child,renting
156,27,2017,full_time,single_no_child,renting
156,28,2018,full_time,partnered_no_child,renting
156,29,2019,unemployed,single_no_child,renting
156,30,2020,full_time,single_no_child,renting
157,18,2008,education,single_no_child,parental_home
157,19,2009,education,single_no_child,parental_home
157,20,2010,full_time,single_no_child,parental_home
157,21,2011,full_time,single_no_child,parental_home
157,22,2012,full_time,single_no_child,parental_home
157,23,2013,inactive_care,single_no_child,renting
157,24,2014,full_time,single_no_child,renting
157,25,2015,full_time,single_parent,renting
157,26,2016,full_time,single_parent,renting
157,27,2017,full_time,single_parent,renting
157,28,2018,full_time,single_parent,renting
157,29,2019,full_time,single_parent,owner_occupied
157,30,2020,inactive_care,single_parent,owner_occupied
158,18,2008,education,single_no_child,parental_home
158,19,2009,education,single_no_child,parental_home
158,20,2010,education,single_no_child,parental_home
158,21,2011,education,single_parent,renting
158,22,2012,education,single_parent,renting
158,23,2013,full_time,single_parent,renting
158,24,2014,inactive_care,partnered_with_child,renting
158,25,2015,full_time,partnered_with_child,renting
158,26,2016,full_time,partnered_with_child,renting
158,27,2017,full_time,partnered_with_child,renting
158,28,2018,part_time,partnered_with_child,renting
158,29,2019,full_time,partnered_with_child,renting
158,30,2020,full_time,partnered_with_child,renting
159,18,2011,inactive_care,single_no_child,parental_home
159,19,2012,education,single_no_child,parental_home
159,20,2013,education,single_no_child,parental_home
159,21,2014,education,single_no_child,parental_home
159,22,2015,education,partnered_no_child,parental_home
159,23,2016,full_time,partnered_no_child,parental_home
159,24,2017,full_time,partnered_no_child,parental_home
159,25,2018,full_time,partnered_no_child,renting
159,26,2019,education,partnered_no_child,renting
159,27,2020,full_time,partnered_no_child,renting
159,28,2021,full_time,partnered_with_child,renting
159,29,2022,unemployed,partnered_with_child,renting
159,30,2023,unemployed,partnered_with_child,renting
160,18,2012,education,single_no_child,renting
160,19,2013,education,single_no_child,renting
160,20,2014,education,single_no_child,renting
160,21,2015,education,single_no_child,renting
160,22,2016,education,single_no_child,renting
160,23,2017,full_time,single_no_child,renting
160,24,2018,full_time,partnered_no_child,renting
160,25,2019,part_time,partnered_with_child,renting
160,26,2020,full_time,partnered_with_child,renting
160,27,2021,full_time,partnered_with_child,renting
160,28,2022,full_time,partnered_with_child,renting
160,29,2023,full_time,partnered_with_child,renting
160,30,2024,full_time,partnered_with_child,renting
161,18,2009,education,single_no_child,parental_home
161,19,2010,education,single_no_child,parental_home
161,20,2011,unemployed,single_no_child,parental_home
161,21,2012,inactive_care,single_no_child,parental_home
161,22,2013,full_time,single_no_child,parental_home
161,23,2014,unemployed,single_parent,parental_home
161,24,2015,full_time,partnered_with_child,renting
161,25,2016,part_time,partnered_with_child,renting
161,26,2017,unemployed,single_parent,renting
161,27,2018,unemployed,single_parent,renting
161,28,2019,part_time,single_parent,renting
161,29,2020,full_time,single_parent,renting
161,30,2021,full_time,single_parent,renting
162,18,2009,education,single_no_child,parental_home
162,19,2010,education,single_no_child,parental_home
162,20,2011,education,single_no_child,parental_home
162,21,2012,full_time,single_no_child,parental_home
162,22,2013,full_time,single_no_child,parental_home
162,23,2014,full_time,single_no_child,parental_home
162,24,2015,full_time,single_no_child,parental_home
162,25,2016,inactive_care,single_no_child,parental_home
162,26,2017,inactive_care,partnered_no_child,parental_home
162,27,2018,part_time,partnered_no_child,parental_home
162,28,2019,part_time,partnered_no_child,parental_home
162,29,2020,full_time,partnered_no_child,parental_home
162,30,2021,full_time,partnered_no_child,renting
163,18,2010,education,single_no_child,parental_home
163,19,2011,education,single_no_child,parental_home
163,20,2012,education,single_no_child,parental_home
163,21,2013,full_time,single_no_child,parental_home
163,22,2014,full_time,single_no_child,parental_home
163,23,2015,full_time,single_no_child,parental_home
163,24,2016,full_time,single_no_child,parental_home
163,25,2017,inactive_care,single_no_child,parental_home
163,26,2018,inactive_care,single_no_child,parental_home
163,27,2019,part_time,single_no_child,parental_home
163,28,2020,part_time,single_no_child,parental_home
163,29,2021,part_time,partnered_no_child,parental_home
163,30,2022,full_time,partnered_no_child,parental_home
164,18,2010,full_time,single_no_child,renting
164,19,2011,education,single_no_child,renting
164,20,2012,unemployed,single_no_child,renting
164,21,2013,education,single_no_child,renting
164,22,2014,education,single_no_child,renting
164,23,2015,full_time,single_no_child,renting
164,24,2016,full_time,single_no_child,renting
164,25,2017,full_time,single_no_child,renting
164,26,2018,full_time,single_no_child,renting
164,27,2019,full_time,partnered_with_child,renting
164,28,2020,part_time,partnered_with_child,renting
164,29,2021,full_time,partnered_with_child,renting
164,30,2022,full_time,partnered_with_child,renting
165,18,2010,education,single_no_child,parental_home
165,19,2011,education,single_no_child,parental_home
165,20,2012,education,single_no_child,parental_home
165,21,2013,education,single_no_child,parental_home
165,22,2014,education,single_no_child,parental_home
165,23,2015,full_time,single_no_child,parental_home
165,24,2016,full_time,single_no_child,parental_home
165,25,2017,full_time,single_no_child,parental_home
165,26,2018,full_time,single_no_child,renting
165,27,2019,full_time,single_no_child,renting
165,28,2020,full_time,single_no_child,renting
165,29,2021,full_time,partnered_no_child,renting
165,30,2022,full_time,partnered_no_child,renting
166,18,2009,education,single_no_child,parental_home
166,19,2010,education,single_no_child,parental_home
166,20,2011,full_time,single_no_child,parental_home
166,21,2012,full_time,single_no_child,renting
166,22,2013,full_time,single_no_child,renting
166,23,2014,full_time,single_no_child,renting
166,24,2015,full_time,single_no_child,renting
166,25,2016,full_time,single_no_child,renting
166,26,2017,full_time,single_no_child,renting
166,27,2018,full_time,single_no_child,renting
166,28,2019,full_time,single_parent,renting
166,29,2020,full_time,single_parent,renting
166,30,2021,full_time,single_parent,owner_occupied
167,18,2008,education,single_no_child,parental_home
167,19,2009,education,single_no_child,parental_home
167,20,2010,education,single_no_child,parental_home
167,21,2011,education,single_no_child,parental_home
167,22,2012,education,partnered_no_child,parental_home
167,23,2013,full_time,partnered_no_child,parental_home
167,24,2014,full_time,partnered_no_child,parental_home
167,25,2015,full_time,partnered_no_child,renting
167,26,2016,full_time,partnered_with_child,renting
167,27,2017,full_time,partnered_with_child,renting
167,28,2018,full_time,partnered_with_child,renting
167,29,2019,full_time,partnered_with_child,renting
167,30,2020,full_time,partnered_with_child,owner_occupied
168,18,2011,education,single_no_child,parental_home
168,19,2012,education,single_no_child,parental_home
168,20,2013,full_time,single_no_child,parental_home
168,21,2014,full_time,single_no_child,parental_home
168,22,2015,full_time,single_no_child,renting
168,23,2016,full_time,single_no_child,renting
168,24,2017,full_time,single_no_child,renting
168,25,2018,full_time,single_no_child,renting
168,26,2019,full_time,partnered_with_child,renting
168,27,2020,full_time,partnered_with_child,renting
168,28,2021,full_time,partnered_with_child,renting
168,29,2022,full_time,partnered_with_child,renting
168,30,2023,full_time,partnered_with_child,renting
169,18,2010,education,single_no_child,renting
169,19,2011,education,single_no_child,renting
169,20,2012,education,single_no_child,renting
169,21,2013,unemployed,single_no_child,renting
169,22,2014,unemployed,partnered_no_child,renting
169,23,2015,part_time,partnered_no_child,renting
169,24,2016,part_time,partnered_no_child,renting
169,25,2017,full_time,partnered_no_child,renting
169,26,2018,full_time,partnered_no_child,renting
169,27,2019,full_time,single_no_child,renting
169,28,2020,full_time,single_parent,renting
169,29,2021,full_time,single_parent,renting
169,30,2022,full_time,single_parent,renting
170,18,2010,education,single_no_child,parental_home
170,19,2011,education,single_no_child,parental_home
170,20,2012,education,single_no_child,parental_home
170,21,2013,education,single_no_child,parental_home
170,22,2014,education,single_no_child,parental_home
170,23,2015,full_time,partnered_with_child,renting
170,24,2016,full_time,partnered_with_child,renting
170,25,2017,part_time,partnered_with_child,renting
170,26,2018,full_time,partnered_with_child,renting
170,27,2019,full_time,partnered_with_child,renting
170,28,2020,part_time,partnered_with_child,renting
170,29,2021,inactive_care,partnered_with_child,renting
170,30,2022,full_time,partnered_with_child,renting
171,18,2012,education,single_no_child,renting
171,19,2013,education,single_no_child,renting
171,20,2014,education,single_no_child,renting
171,21,2015,education,single_no_child,renting
171,22,2016,education,single_no_child,renting
171,23,2017,full_time,single_no_child,renting
171,24,2018,full_time,partnered_no_child,renting
171,25,2019,full_time,partnered_no_child,renting
171,26,2020,full_time,partnered_with_child,owner_occupied
171,27,2021,full_time,partnered_with_child,owner_occupied
171,28,2022,full_time,partnered_with_child,owner_occupied
171,29,2023,part_time,partnered_with_child,owner_occupied
171,30,2024,full_time,partnered_with_child,owner_occupied
172,18,2009,education,single_no_child,parental_home
172,19,2010,education,single_no_child,parental_home
172,20,2011,full_time,single_no_child,parental_home
172,21,2012,full_time,single_no_child,parental_home
172,22,2013,full_time,single_no_child,renting
172,23,2014,full_time,single_no_child,renting
172,24,2015,inactive_care,single_no_child,renting
172,25,2016,full_time,single_no_child,owner_occupied
172,26,2017,full_time,single_no_child,owner_occupied
172,27,2018,full_time,single_no_child,owner_occupied
172,28,2019,full_time,single_no_child,owner_occupied
172,29,2020,unemployed,single_no_child,owner_occupied
172,30,2021,full_time,single_no_child,owner_occupied
173,18,2011,part_time,partnered_no_child,parental_home
173,19,2012,education,partnered_no_child,parental_home
173,20,2013,education,partnered_no_child,renting
173,21,2014,education,partnered_no_child,renting
173,22,2015,education,partnered_no_child,renting
173,23,2016,full_time,partnered_with_child,renting
173,24,2017,full_time,partnered_with_child,renting
173,25,2018,full_time,partnered_with_child,renting
173,26,2019,full_time,partnered_with_child,renting
173,27,2020,full_time,partnered_with_child,renting
173,28,2021,full_time,partnered_with_child,renting
173,29,2022,full_time,partnered_with_child,renting
173,30,2023,full_time,partnered_with_child,renting
174,18,2011,education,partnered_no_child,parental_home
174,19,2012,education,partnered_no_child,parental_home
174,20,2013,full_time,partnered_no_child,parental_home
174,21,2014,full_time,partnered_no_child,parental_home
174,22,2015,full_time,partnered_no_child,parental_home
174,23,2016,full_time,partnered_no_child,parental_home
174,24,2017,full_time,partnered_no_child,renting
174,25,2018,full_time,partnered_no_child,renting
174,26,2019,full_time,partnered_with_child,renting
174,27,2020,unemployed,partnered_with_child,renting
174,28,2021,full_time,partnered_with_child,renting
174,29,2022,full_time,partnered_with_child,renting
174,30,2023,full_time,partnered_with_child,renting
175,18,2009,education,single_no_child,parental_home
175,19,2010,education,single_no_child,parental_home
175,20,2011,education,single_no_child,parental_home
175,21,2012,education,single_no_child,renting
175,22,2013,education,single_no_child,renting
175,23,2014,full_time,single_no_child,renting
175,24,2015,full_time,single_no_child,renting
175,25,2016,full_time,single_no_child,renting
175,26,2017,full_time,single_no_child,renting
175,27,2018,full_time,single_no_child,renting
175,28,2019,full_time,single_no_child,renting
175,29,2020,full_time,single_no_child,renting
175,30,2021,full_time,single_no_child,renting
176,18,2008,education,single_no_child,parental_home
176,19,2009,education,single_no_child,parental_home
176,20,2010,education,single_no_child,renting
176,21,2011,education,single_no_child,renting
176,22,2012,education,single_no_child,renting
176,23,2013,full_time,single_no_child,renting
176,24,2014,full_time,single_no_child,renting
176,25,2015,full_time,partnered_no_child,renting
176,26,2016,full_time,partnered_no_child,renting
176,27,2017,full_time,partnered_no_child,renting
176,28,2018,full_time,partnered_no_child,renting
176,29,2019,full_time,partnered_no_child,renting
176,30,2020,full_time,partnered_no_child,owner_occupied
177,18,2010,education,single_no_child,parental_home
177,19,2011,education,single_no_child,parental_home
177,20,2012,education,single_no_child,parental_home
177,21,2013,education,single_no_child,parental_home
177,22,2014,education,single_no_child,parental_home
177,23,2015,full_time,single_no_child,parental_home
177,24,2016,full_time,single_no_child,parental_home
177,25,2017,full_time,single_no_child,parental_home
177,26,2018,full_time,single_no_child,parental_home
177,27,2019,full_time,single_no_child,parental_home
177,28,2020,full_time,single_no_child,parental_home
177,29,2021,full_time,single_no_child,parental_home
177,30,2022,full_time,single_no_child,renting
178,18,2011,education,single_no_child,parental_home
178,19,2012,education,single_no_child,parental_home
178,20,2013,education,single_no_child,parental_home
178,21,2014,unemployed,single_no_child,parental_home
178,22,2015,unemployed,single_no_child,parental_home
178,23,2016,part_time,single_no_child,parental_home
178,24,2017,part_time,single_no_child,parental_home
178,25,2018,full_time,single_no_child,renting
178,26,2019,full_time,single_no_child,renting
178,27,2020,full_time,single_no_child,renting
178,28,2021,full_time,partnered_no_child,renting
178,29,2022,full_time,partnered_no_child,renting
178,30,2023,full_time,partnered_with_child,renting
179,18,2009,education,single_no_child,parental_home
179,19,2010,education,single_no_child,parental_home
179,20,2011,education,single_no_child,renting
179,21,2012,unemployed,single_no_child,renting
179,22,2013,unemployed,single_no_child,renting
179,23,2014,part_time,partnered_no_child,renting
179,24,2015,part_time,partnered_no_child,renting
179,25,2016,full_time,partnered_no_child,renting
179,26,2017,full_time,partnered_no_child,renting
179,27,2018,full_time,partnered_no_child,owner_occupied
179,28,2019,full_time,partnered_no_child,owner_occupied
179,29,2020,full_time,partnered_no_child,owner_occupied
179,30,2021,full_time,partnered_with_child,owner_occupied
180,18,2011,education,single_no_child,parental_home
180,19,2012,education,single_no_child,parental_home
180,20,2013,unemployed,single_no_child,parental_home
180,21,2014,part_time,single_no_child,parental_home
180,22,2015,full_time,single_no_child,parental_home
180,23,2016,unemployed,single_no_child,parental_home
180,24,2017,full_time,single_no_child,parental_home
180,25,2018,part_time,single_parent,parental_home
180,26,2019,unemployed,single_parent,parental_home
180,27,2020,full_time,single_parent,parental_home
180,28,2021,part_time,partnered_with_child,parental_home
180,29,2022,full_time,partnered_with_child,parental_home
180,30,2023,full_time,partnered_with_child,renting
181,18,2008,education,single_no_child,parental_home
181,19,2009,education,single_no_child,parental_home
181,20,2010,education,single_no_child,parental_home
181,21,2011,education,single_no_child,parental_home
181,22,2012,education,single_parent,parental_home
181,23,2013,full_time,single_parent,parental_home
181,24,2014,full_time,single_parent,parental_home
181,25,2015,full_time,single_parent,parental_home
181,26,2016,full_time,single_parent,other_temporary
181,27,2017,full_time,single_parent,renting
181,28,2018,inactive_care,single_parent,renting
181,29,2019,full_time,single_parent,renting
181,30,2020,full_time,single_parent,renting
182,18,2011,education,single_no_child,parental_home
182,19,2012,unemployed,single_no_child,parental_home
182,20,2013,unemployed,single_no_child,parental_home
182,21,2014,unemployed,single_no_child,parental_home
182,22,2015,part_time,single_parent,parental_home
182,23,2016,unemployed,single_parent,parental_home
182,24,2017,unemployed,single_parent,parental_home
182,25,2018,inactive_care,partnered_with_child,renting
182,26,2019,unemployed,partnered_with_child,renting
182,27,2020,part_time,partnered_with_child,renting
182,28,2021,unemployed,partnered_with_child,renting
182,29,2022,full_time,partnered_with_child,renting
182,30,2023,part_time,partnered_with_child,renting
183,18,2011,part_time,single_no_child,parental_home
183,19,2012,education,single_no_child,parental_home
183,20,2013,unemployed,single_no_child,parental_home
183,21,2014,part_time,partnered_no_child,renting
183,22,2015,full_time,partnered_no_child,renting
183,23,2016,unemployed,partnered_no_child,renting
183,24,2017,full_time,partnered_no_child,renting
183,25,2018,part_time,partnered_no_child,renting
183,26,2019,unemployed,partnered_no_child,renting
183,27,2020,full_time,single_no_child,renting
183,28,2021,unemployed,single_no_child,renting
183,29,2022,full_time,single_no_child,renting
183,30,2023,full_time,partnered_no_child,renting
184,18,2012,education,single_no_child,other_temporary
184,19,2013,education,single_no_child,other_temporary
184,20,2014,full_time,single_no_child,renting
184,21,2015,full_time,single_no_child,renting
184,22,2016,full_time,single_no_child,renting
184,23,2017,part_time,single_no_child,renting
184,24,2018,full_time,single_no_child,renting
184,25,2019,full_time,single_no_child,renting
184,26,2020,full_time,single_no_child,renting
184,27,2021,inactive_care,single_no_child,renting
184,28,2022,full_time,partnered_no_child,renting
184,29,2023,full_time,partnered_no_child,renting
184,30,2024,full_time,partnered_no_child,renting
185,18,2010,education,single_no_child,parental_home
185,19,2011,education,single_no_child,parental_home
185,20,2012,full_time,single_no_child,other_temporary
185,21,2013,full_time,single_no_child,other_temporary
185,22,2014,full_time,single_no_child,other_temporary
185,23,2015,full_time,single_no_child,other_temporary
185,24,2016,full_time,single_no_child,renting
185,25,2017,full_time,partnered_no_child,renting
185,26,2018,full_time,partnered_with_child,renting
185,27,2019,full_time,partnered_with_child,renting
185,28,2020,part_time,partnered_with_child,renting
185,29,2021,full_time,partnered_with_child,renting
185,30,2022,full_time,partnered_with_child,renting
186,18,2011,education,single_no_child,renting
186,19,2012,inactive_care,single_no_child,renting
186,20,2013,education,single_no_child,renting
186,21,2014,unemployed,single_no_child,renting
186,22,2015,unemployed,partnered_no_child,renting
186,23,2016,part_time,partnered_no_child,renting
186,24,2017,part_time,partnered_no_child,renting
186,25,2018,full_time,partnered_no_child,renting
186,26,2019,full_time,partnered_no_child,renting
186,27,2020,full_time,partnered_no_child,renting
186,28,2021,full_time,partnered_no_child,renting
186,29,2022,full_time,partnered_with_child,renting
186,30,2023,full_time,partnered_with_child,renting
187,18,2012,education,single_no_child,parental_home
187,19,2013,education,single_no_child,parental_home
187,20,2014,part_time,single_no_child,parental_home
187,21,2015,education,single_no_child,parental_home
187,22,2016,education,single_no_child,renting
187,23,2017,full_time,partnered_no_child,renting
187,24,2018,full_time,partnered_no_child,renting
187,25,2019,full_time,partnered_no_child,renting
187,26,2020,unemployed,partnered_no_child,renting
187,27,2021,full_time,partnered_no_child,renting
187,28,2022,full_time,partnered_no_child,renting
187,29,2023,full_time,partnered_with_child,renting
187,30,2024,full_time,partnered_with_child,renting
188,18,2009,education,single_no_child,other_temporary
188,19,2010,education,single_no_child,other_temporary
188,20,2011,education,single_no_child,renting
188,21,2012,education,single_no_child,renting
188,22,2013,education,partnered_no_child,renting
188,23,2014,full_time,partnered_no_child,renting
188,24,2015,full_time,partnered_no_child,renting
188,25,2016,full_time,partnered_no_child,renting
188,26,2017,full_time,partnered_no_child,renting
188,27,2018,full_time,partnered_with_child,renting
188,28,2019,full_time,partnered_with_child,renting
188,29,2020,full_time,partnered_with_child,renting
188,30,2021,full_time,partnered_with_child,renting
189,18,2010,education,single_no_child,parental_home
189,19,2011,education,single_no_child,parental_home
189,20,2012,education,single_no_child,parental_home
189,21,2013,education,single_no_child,parental_home
189,22,2014,education,single_no_child,parental_home
189,23,2015,full_time,single_no_child,parental_home
189,24,2016,inactive_care,single_no_child,parental_home
189,25,2017,full_time,single_no_child,renting
189,26,2018,full_time,single_no_child,renting
189,27,2019,full_time,single_no_child,renting
189,28,2020,full_time,single_no_child,renting
189,29,2021,part_time,single_no_child,renting
189,30,2022,full_time,partnered_no_child,renting
190,18,2012,full_time,single_no_child,parental_home
190,19,2013,unemployed,single_no_child,parental_home
190,20,2014,part_time,single_no_child,renting
190,21,2015,unemployed,single_no_child,renting
190,22,2016,part_time,single_no_child,renting
190,23,2017,unemployed,single_no_child,renting
190,24,2018,unemployed,single_no_child,renting
190,25,2019,unemployed,single_no_child,renting
190,26,2020,full_time,single_no_child,renting
190,27,2021,full_time,single_no_child,renting
190,28,2022,unemployed,single_no_child,renting
190,29,2023,full_time,single_no_child,renting
190,30,2024,part_time,single_no_child,renting
191,18,2012,education,single_no_child,other_temporary
191,19,2013,education,single_no_child,other_temporary
191,20,2014,full_time,single_no_child,renting
191,21,2015,full_time,single_no_child,renting
191,22,2016,full_time,single_no_child,renting
191,23,2017,unemployed,partnered_no_child,renting
191,24,2018,full_time,partnered_no_child,renting
191,25,2019,full_time,partnered_no_child,renting
191,26,2020,full_time,partnered_no_child,renting
191,27,2021,full_time,partnered_no_child,renting
191,28,2022,full_time,partnered_no_child,renting
191,29,2023,full_time,partnered_no_child,renting
191,30,2024,full_time,partnered_no_child,renting
192,18,2012,education,single_no_child,parental_home
192,19,2013,education,single_no_child,renting
192,20,2014,education,single_no_child,renting
192,21,2015,education,single_no_child,renting
192,22,2016,education,single_no_child,renting
192,23,2017,full_time,single_no_child,renting
192,24,2018,full_time,single_no_child,renting
192,25,2019,full_time,single_no_child,renting
192,26,2020,full_time,single_no_child,renting
192,27,2021,full_time,single_no_child,renting
192,28,2022,full_time,partnered_no_child,renting
192,29,2023,full_time,partnered_no_child,renting
192,30,2024,full_time,partnered_no_child,renting
193,18,2011,education,single_no_child,parental_home
193,19,2012,education,single_no_child,parental_home
193,20,2013,education,single_no_child,parental_home
193,21,2014,education,single_no_child,parental_home
193,22,2015,education,single_no_child,parental_home
193,23,2016,full_time,single_no_child,parental_home
193,24,2017,part_time,single_no_child,parental_home
193,25,2018,full_time,single_no_child,parental_home
193,26,2019,full_time,single_no_child,renting
193,27,2020,full_time,single_no_child,renting
193,28,2021,full_time,single_no_child,renting
193,29,2022,full_time,single_no_child,renting
193,30,2023,full_time,single_no_child,renting
194,18,2011,education,single_no_child,parental_home
194,19,2012,unemployed,single_no_child,parental_home
194,20,2013,unemployed,single_no_child,parental_home
194,21,2014,full_time,single_parent,parental_home
194,22,2015,part_time,single_parent,other_temporary
194,23,2016,part_time,single_parent,other_temporary
194,24,2017,unemployed,single_parent,other_temporary
194,25,2018,inactive_care,single_parent,other_temporary
194,26,2019,unemployed,single_parent,other_temporary
194,27,2020,part_time,single_parent,other_temporary
194,28,2021,unemployed,single_parent,other_temporary
194,29,2022,unemployed,single_parent,other_temporary
194,30,2023,part_time,single_parent,other_temporary
195,18,2010,unemployed,single_no_child,parental_home
195,19,2011,education,single_no_child,parental_home
195,20,2012,education,single_no_child,parental_home
195,21,2013,education,single_no_child,parental_home
195,22,2014,education,single_parent,parental_home
195,23,2015,inactive_care,single_parent,parental_home
195,24,2016,full_time,single_parent,parental_home
195,25,2017,full_time,single_parent,parental_home
195,26,2018,unemployed,single_parent,parental_home
195,27,2019,unemployed,single_parent,parental_home
195,28,2020,full_time,single_parent,renting
195,29,2021,full_time,single_parent,renting
195,30,2022,full_time,single_parent,renting
196,18,2012,education,single_no_child,parental_home
196,19,2013,education,single_no_child,parental_home
196,20,2014,unemployed,single_no_child,parental_home
196,21,2015,part_time,partnered_no_child,renting
196,22,2016,full_time,partnered_with_child,renting
196,23,2017,unemployed,partnered_with_child,renting
196,24,2018,full_time,partnered_with_child,renting
196,25,2019,part_time,partnered_with_child,renting
196,26,2020,unemployed,partnered_with_child,renting
196,27,2021,full_time,partnered_with_child,renting
196,28,2022,part_time,partnered_with_child,renting
196,29,2023,full_time,single_parent,renting
196,30,2024,full_time,single_parent,renting
197,18,2011,education,single_no_child,parental_home
197,19,2012,education,single_no_child,parental_home
197,20,2013,education,single_no_child,parental_home
197,21,2014,full_time,single_no_child,parental_home
197,22,2015,education,single_no_child,parental_home
197,23,2016,full_time,partnered_no_child,parental_home
197,24,2017,full_time,partnered_no_child,parental_home
197,25,2018,full_time,partnered_no_child,parental_home
197,26,2019,full_time,partnered_no_child,parental_home
197,27,2020,full_time,partnered_no_child,parental_home
197,28,2021,full_time,partnered_no_child,renting
197,29,2022,full_time,partnered_no_child,renting
197,30,2023,full_time,partnered_no_child,renting
198,18,2009,education,single_no_child,renting
198,19,2010,education,single_no_child,renting
198,20,2011,education,single_no_child,renting
198,21,2012,education,single_no_child,renting
198,22,2013,education,single_no_child,renting
198,23,2014,full_time,single_no_child,renting
198,24,2015,full_time,single_no_child,renting
198,25,2016,full_time,single_no_child,renting
198,26,2017,full_time,single_no_child,renting
198,27,2018,full_time,single_no_child,renting
198,28,2019,full_time,partnered_with_child,renting
198,29,2020,full_time,partnered_with_child,renting
198,30,2021,full_time,partnered_with_child,renting
199,18,2010,education,single_no_child,parental_home
199,19,2011,education,single_no_child,parental_home
199,20,2012,education,single_no_child,parental_home
199,21,2013,education,single_no_child,parental_home
199,22,2014,education,single_no_child,parental_home
199,23,2015,full_time,single_no_child,parental_home
199,24,2016,full_time,single_no_child,parental_home
199,25,2017,full_time,single_no_child,parental_home
199,26,2018,full_time,partnered_no_child,renting
199,27,2019,full_time,partnered_no_child,renting
199,28,2020,full_time,partnered_no_child,renting
199,29,2021,full_time,partnered_no_child,renting
199,30,2022,full_time,single_no_child,renting
200,18,2008,education,single_no_child,renting
200,19,2009,unemployed,single_no_child,renting
200,20,2010,education,single_no_child,renting
200,21,2011,full_time,single_no_child,renting
200,22,2012,unemployed,single_no_child,renting
200,23,2013,unemployed,single_no_child,renting
200,24,2014,part_time,single_no_child,renting
200,25,2015,full_time,single_no_child,renting
200,26,2016,full_time,single_no_child,renting
200,27,2017,full_time,single_no_child,renting
200,28,2018,full_time,single_no_child,renting
200,29,2019,part_time,single_no_child,renting
200,30,2020,part_time,single_no_child,renting
201,18,2011,education,single_no_child,renting
201,19,2012,unemployed,single_no_child,renting
201,20,2013,full_time,single_no_child,renting
201,21,2014,unemployed,single_no_child,renting
201,22,2015,part_time,single_no_child,renting
201,23,2016,unemployed,single_no_child,renting
201,24,2017,unemployed,single_no_child,renting
201,25,2018,inactive_care,single_no_child,renting
201,26,2019,unemployed,single_no_child,renting
201,27,2020,part_time,single_no_child,renting
201,28,2021,unemployed,single_no_child,renting
201,29,2022,full_time,single_no_child,owner_occupied
201,30,2023,part_time,single_no_child,owner_occupied
202,18,2012,education,single_no_child,parental_home
202,19,2013,education,single_no_child,parental_home
202,20,2014,education,single_no_child,parental_home
202,21,2015,part_time,single_no_child,parental_home
202,22,2016,education,single_no_child,parental_home
202,23,2017,full_time,single_no_child,parental_home
202,24,2018,full_time,single_no_child,renting
202,25,2019,full_time,single_no_child,renting
202,26,2020,full_time,single_no_child,owner_occupied
202,27,2021,full_time,partnered_no_child,owner_occupied
202,28,2022,full_time,partnered_no_child,owner_occupied
202,29,2023,full_time,partnered_no_child,owner_occupied
202,30,2024,unemployed,partnered_no_child,owner_occupied
203,18,2008,education,single_no_child,renting
203,19,2009,education,single_no_child,renting
203,20,2010,education,single_no_child,renting
203,21,2011,education,single_no_child,renting
203,22,2012,education,single_no_child,renting
203,23,2013,full_time,single_parent,renting
203,24,2014,full_time,single_parent,renting
203,25,2015,full_time,single_parent,renting
203,26,2016,full_time,single_parent,renting
203,27,2017,full_time,single_parent,renting
203,28,2018,full_time,single_parent,renting
203,29,2019,full_time,single_parent,renting
203,30,2020,full_time,single_parent,renting
204,18,2011,education,single_no_child,parental_home
204,19,2012,education,single_no_child,parental_home
204,20,2013,education,single_no_child,renting
204,21,2014,full_time,partnered_no_child,renting
204,22,2015,full_time,partnered_no_child,renting
204,23,2016,full_time,partnered_no_child,renting
204,24,2017,education,partnered_no_child,renting
204,25,2018,inactive_care,partnered_no_child,renting
204,26,2019,inactive_care,partnered_no_child,renting
204,27,2020,part_time,partnered_no_child,renting
204,28,2021,part_time,partnered_no_child,renting
204,29,2022,full_time,partnered_no_child,renting
204,30,2023,full_time,partnered_no_child,renting
205,18,2011,unemployed,single_no_child,parental_home
205,19,2012,education,single_no_child,parental_home
205,20,2013,unemployed,single_no_child,parental_home
205,21,2014,part_time,single_no_child,renting
205,22,2015,full_time,single_no_child,renting
205,23,2016,unemployed,single_no_child,renting
205,24,2017,full_time,single_no_child,renting
205,25,2018,unemployed,single_no_child,renting
205,26,2019,unemployed,single_no_child,other_temporary
205,27,2020,full_time,single_no_child,other_temporary
205,28,2021,part_time,partnered_no_child,other_temporary
205,29,2022,full_time,partnered_no_child,renting
205,30,2023,full_time,partnered_with_child,renting
206,18,2011,education,single_no_child,renting
206,19,2012,education,single_no_child,renting
206,20,2013,education,single_no_child,renting
206,21,2014,unemployed,single_no_child,renting
206,22,2015,unemployed,single_no_child,renting
206,23,2016,inactive_care,single_no_child,renting
206,24,2017,part_time,partnered_no_child,renting
206,25,2018,full_time,partnered_no_child,renting
206,26,2019,full_time,partnered_no_child,renting
206,27,2020,full_time,partnered_no_child,renting
206,28,2021,full_time,partnered_no_child,renting
206,29,2022,part_time,partnered_no_child,renting
206,30,2023,full_time,partnered_no_child,renting
207,18,2011,education,partnered_no_child,parental_home
207,19,2012,education,partnered_no_child,parental_home
207,20,2013,education,single_no_child,parental_home
207,21,2014,full_time,single_no_child,parental_home
207,22,2015,full_time,single_no_child,parental_home
207,23,2016,full_time,single_no_child,parental_home
207,24,2017,part_time,single_no_child,parental_home
207,25,2018,inactive_care,single_no_child,parental_home
207,26,2019,inactive_care,single_no_child,parental_home
207,27,2020,part_time,single_no_child,parental_home
207,28,2021,part_time,single_no_child,parental_home
207,29,2022,inactive_care,single_no_child,other_temporary
207,30,2023,full_time,single_no_child,other_temporary
208,18,2011,education,single_no_child,renting
208,19,2012,education,single_no_child,renting
208,20,2013,education,single_no_child,renting
208,21,2014,unemployed,single_no_child,renting
208,22,2015,unemployed,single_no_child,renting
208,23,2016,part_time,single_no_child,renting
208,24,2017,part_time,single_no_child,renting
208,25,2018,full_time,single_no_child,renting
208,26,2019,full_time,single_no_child,renting
208,27,2020,full_time,single_no_child,renting
208,28,2021,full_time,partnered_no_child,renting
208,29,2022,full_time,partnered_no_child,renting
208,30,2023,full_time,partnered_no_child,renting
209,18,2012,education,single_no_child,renting
209,19,2013,education,single_no_child,renting
209,20,2014,education,single_no_child,renting
209,21,2015,education,single_no_child,renting
209,22,2016,education,single_no_child,renting
209,23,2017,full_time,single_no_child,renting
209,24,2018,full_time,single_no_child,renting
209,25,2019,full_time,single_no_child,renting
209,26,2020,full_time,single_no_child,renting
209,27,2021,full_time,partnered_with_child,renting
209,28,2022,full_time,partnered_with_child,renting
209,29,2023,full_time,single_parent,renting
209,30,2024,full_time,single_parent,renting
210,18,2012,education,single_no_child,parental_home
210,19,2013,education,single_no_child,parental_home
210,20,2014,full_time,single_no_child,parental_home
210,21,2015,part_time,single_no_child,parental_home
210,22,2016,unemployed,single_no_child,renting
210,23,2017,unemployed,single_no_child,renting
210,24,2018,part_time,single_no_child,renting
210,25,2019,full_time,single_parent,renting
210,26,2020,full_time,single_parent,renting
210,27,2021,full_time,single_parent,owner_occupied
210,28,2022,unemployed,single_parent,owner_occupied
210,29,2023,part_time,single_parent,owner_occupied
210,30,2024,full_time,single_parent,owner_occupied
211,18,2010,education,single_no_child,parental_home
211,19,2011,inactive_care,single_no_child,parental_home
211,20,2012,education,single_no_child,parental_home
211,21,2013,education,single_no_child,parental_home
211,22,2014,education,single_no_child,parental_home
211,23,2015,full_time,partnered_with_child,parental_home
211,24,2016,unemployed,partnered_with_child,parental_home
211,25,2017,full_time,partnered_with_child,parental_home
211,26,2018,full_time,partnered_with_child,parental_home
211,27,2019,unemployed,partnered_with_child,parental_home
211,28,2020,full_time,partnered_with_child,parental_home
211,29,2021,full_time,partnered_with_child,parental_home
211,30,2022,full_time,partnered_with_child,parental_home
212,18,2010,education,single_no_child,parental_home
212,19,2011,education,single_no_child,parental_home
212,20,2012,education,single_no_child,parental_home
212,21,2013,education,single_no_child,parental_home
212,22,2014,education,single_no_child,parental_home
212,23,2015,full_time,single_no_child,parental_home
212,24,2016,full_time,single_no_child,parental_home
212,25,2017,full_time,partnered_no_child,other_temporary
212,26,2018,full_time,partnered_no_child,other_temporary
212,27,2019,full_time,partnered_no_child,other_temporary
212,28,2020,full_time,partnered_with_child,other_temporary
212,29,2021,part_time,partnered_with_child,renting
212,30,2022,full_time,partnered_with_child,renting
213,18,2012,education,single_no_child,parental_home
213,19,2013,education,single_no_child,parental_home
213,20,2014,education,single_no_child,parental_home
213,21,2015,education,single_no_child,parental_home
213,22,2016,education,single_no_child,parental_home
213,23,2017,full_time,single_no_child,parental_home
213,24,2018,full_time,single_no_child,parental_home
213,25,2019,full_time,single_no_child,renting
213,26,2020,full_time,single_no_child,renting
213,27,2021,part_time,partnered_no_child,renting
213,28,2022,full_time,partnered_no_child,renting
213,29,2023,full_time,partnered_with_child,renting
213,30,2024,full_time,partnered_with_child,renting
214,18,2011,education,single_no_child,renting
214,19,2012,unemployed,single_no_child,renting
214,20,2013,inactive_care,single_no_child,renting
214,21,2014,education,single_no_child,renting
214,22,2015,education,single_no_child,renting
214,23,2016,full_time,single_no_child,renting
214,24,2017,full_time,partnered_no_child,renting
214,25,2018,full_time,partnered_no_child,renting
214,26,2019,full_time,partnered_no_child,renting
214,27,2020,full_time,partnered_no_child,renting
214,28,2021,full_time,partnered_no_child,renting
214,29,2022,inactive_care,partnered_no_child,renting
214,30,2023,unemployed,partnered_no_child,renting
215,18,2010,education,single_no_child,renting
215,19,2011,education,single_no_child,renting
215,20,2012,education,single_no_child,renting
215,21,2013,education,single_no_child,renting
215,22,2014,education,single_no_child,renting
215,23,2015,part_time,single_no_child,renting
215,24,2016,full_time,partnered_no_child,renting
215,25,2017,full_time,partnered_no_child,renting
215,26,2018,full_time,partnered_no_child,renting
215,27,2019,full_time,partnered_with_child,renting
215,28,2020,full_time,partnered_with_child,renting
215,29,2021,full_time,partnered_with_child,renting
215,30,2022,full_time,partnered_with_child,renting
216,18,2012,education,single_no_child,renting
216,19,2013,education,single_no_child,renting
216,20,2014,education,single_no_child,renting
216,21,2015,unemployed,single_no_child,renting
216,22,2016,unemployed,partnered_no_child,renting
216,23,2017,part_time,partnered_no_child,renting
216,24,2018,part_time,partnered_no_child,renting
216,25,2019,full_time,partnered_with_child,renting
216,26,2020,full_time,partnered_with_child,renting
216,27,2021,full_time,partnered_with_child,owner_occupied
216,28,2022,full_time,partnered_with_child,owner_occupied
216,29,2023,full_time,partnered_with_child,owner_occupied
216,30,2024,full_time,partnered_with_child,owner_occupied
217,18,2010,education,single_no_child,parental_home
217,19,2011,education,single_no_child,parental_home
217,20,2012,education,single_no_child,parental_home
217,21,2013,education,single_no_child,parental_home
217,22,2014,education,single_no_child,parental_home
217,23,2015,full_time,single_no_child,parental_home
217,24,2016,full_time,single_no_child,parental_home
217,25,2017,full_time,single_no_child,parental_home
217,26,2018,full_time,single_parent,parental_home
217,27,2019,full_time,single_parent,renting
217,28,2020,full_time,single_parent,owner_occupied
217,29,2021,inactive_care,single_parent,owner_occupied
217,30,2022,unemployed,single_parent,owner_occupied
218,18,2012,education,single_no_child,parental_home
218,19,2013,education,single_no_child,parental_home
218,20,2014,education,single_no_child,parental_home
218,21,2015,education,single_no_child,parental_home
218,22,2016,education,single_no_child,other_temporary
218,23,2017,full_time,single_no_child,other_temporary
218,24,2018,full_time,single_no_child,other_temporary
218,25,2019,full_time,single_no_child,other_temporary
218,26,2020,full_time,single_no_child,other_temporary
218,27,2021,full_time,single_no_child,other_temporary
218,28,2022,full_time,single_no_child,renting
218,29,2023,full_time,single_parent,renting
218,30,2024,full_time,single_parent,renting
219,18,2009,unemployed,single_no_child,parental_home
219,19,2010,education,single_no_child,parental_home
219,20,2011,education,single_no_child,parental_home
219,21,2012,education,single_no_child,parental_home
219,22,2013,education,partnered_no_child,parental_home
219,23,2014,full_time,partnered_with_child,parental_home
219,24,2015,full_time,partnered_with_child,renting
219,25,2016,full_time,partnered_with_child,renting
219,26,2017,full_time,partnered_with_child,owner_occupied
219,27,2018,full_time,partnered_with_child,owner_occupied
219,28,2019,full_time,partnered_with_child,owner_occupied
219,29,2020,full_time,partnered_with_child,owner_occupied
219,30,2021,part_time,partnered_with_child,owner_occupied
220,18,2009,education,single_no_child,parental_home
220,19,2010,education,single_no_child,parental_home
220,20,2011,education,partnered_no_child,parental_home
220,21,2012,unemployed,partnered_no_child,parental_home
220,22,2013,unemployed,partnered_no_child,parental_home
220,23,2014,unemployed,partnered_no_child,parental_home
220,24,2015,part_time,partnered_no_child,renting
220,25,2016,full_time,partnered_no_child,renting
220,26,2017,full_time,partnered_no_child,renting
220,27,2018,full_time,partnered_no_child,renting
220,28,2019,part_time,partnered_no_child,renting
220,29,2020,full_time,partnered_no_child,renting
220,30,2021,full_time,partnered_with_child,renting
221,18,2011,education,single_no_child,renting
221,19,2012,education,single_no_child,renting
221,20,2013,full_time,single_no_child,renting
221,21,2014,full_time,single_no_child,renting
221,22,2015,full_time,single_no_child,renting
221,23,2016,full_time,single_no_child,renting
221,24,2017,full_time,single_no_child,renting
221,25,2018,full_time,single_no_child,renting
221,26,2019,full_time,single_no_child,renting
221,27,2020,full_time,single_no_child,renting
221,28,2021,part_time,single_no_child,renting
221,29,2022,part_time,single_no_child,renting
221,30,2023,full_time,single_no_child,renting
222,18,2009,education,single_no_child,parental_home
222,19,2010,education,single_no_child,parental_home
222,20,2011,unemployed,single_no_child,parental_home
222,21,2012,part_time,single_no_child,parental_home
222,22,2013,full_time,single_no_child,parental_home
222,23,2014,unemployed,single_no_child,parental_home
222,24,2015,full_time,partnered_no_child,renting
222,25,2016,part_time,partnered_with_child,renting
222,26,2017,unemployed,partnered_with_child,renting
222,27,2018,full_time,partnered_with_child,renting
222,28,2019,part_time,partnered_with_child,renting
222,29,2020,full_time,partnered_with_child,renting
222,30,2021,full_time,partnered_with_child,renting
223,18,2010,education,single_no_child,parental_home
223,19,2011,education,single_no_child,parental_home
223,20,2012,education,single_no_child,parental_home
223,21,2013,unemployed,single_no_child,parental_home
223,22,2014,unemployed,single_no_child,parental_home
223,23,2015,part_time,single_no_child,renting
223,24,2016,full_time,single_no_child,renting
223,25,2017,full_time,partnered_no_child,renting
223,26,2018,full_time,partnered_no_child,renting
223,27,2019,full_time,partnered_no_child,renting
223,28,2020,full_time,partnered_no_child,renting
223,29,2021,full_time,partnered_no_child,renting
223,30,2022,full_time,partnered_no_child,renting
224,18,2010,education,single_no_child,parental_home
224,19,2011,education,single_no_child,parental_home
224,20,2012,unemployed,single_no_child,renting
224,21,2013,full_time,single_no_child,renting
224,22,2014,full_time,single_no_child,renting
224,23,2015,full_time,single_no_child,renting
224,24,2016,full_time,single_no_child,renting
224,25,2017,full_time,partnered_no_child,renting
224,26,2018,full_time,partnered_no_child,renting
224,27,2019,full_time,partnered_no_child,renting
224,28,2020,full_time,partnered_no_child,renting
224,29,2021,full_time,partnered_no_child,renting
224,30,2022,full_time,partnered_no_child,renting
225,18,2009,education,single_no_child,renting
225,19,2010,education,single_no_child,renting
225,20,2011,education,single_no_child,renting
225,21,2012,education,single_no_child,renting
225,22,2013,education,partnered_no_child,renting
225,23,2014,full_time,partnered_no_child,renting
225,24,2015,full_time,partnered_no_child,renting
225,25,2016,full_time,partnered_with_child,renting
225,26,2017,full_time,partnered_with_child,renting
225,27,2018,unemployed,partnered_with_child,renting
225,28,2019,full_time,partnered_with_child,owner_occupied
225,29,2020,education,partnered_with_child,owner_occupied
225,30,2021,full_time,partnered_with_child,owner_occupied
226,18,2008,education,single_no_child,parental_home
226,19,2009,education,single_no_child,parental_home
226,20,2010,unemployed,single_no_child,parental_home
226,21,2011,unemployed,single_no_child,parental_home
226,22,2012,unemployed,single_no_child,parental_home
226,23,2013,part_time,single_no_child,renting
226,24,2014,part_time,single_no_child,renting
226,25,2015,full_time,single_no_child,renting
226,26,2016,full_time,partnered_no_child,renting
226,27,2017,full_time,partnered_no_child,renting
226,28,2018,full_time,partnered_no_child,renting
226,29,2019,full_time,partnered_with_child,renting
226,30,2020,full_time,partnered_with_child,renting
227,18,2011,education,single_no_child,renting
227,19,2012,unemployed,single_no_child,renting
227,20,2013,unemployed,single_no_child,renting
227,21,2014,unemployed,single_no_child,renting
227,22,2015,part_time,single_no_child,renting
227,23,2016,part_time,single_no_child,renting
227,24,2017,unemployed,single_no_child,renting
227,25,2018,inactive_care,partnered_with_child,renting
227,26,2019,unemployed,partnered_with_child,renting
227,27,2020,part_time,partnered_with_child,renting
227,28,2021,unemployed,single_parent,renting
227,29,2022,full_time,single_parent,renting
227,30,2023,full_time,single_parent,renting
228,18,2010,education,single_no_child,renting
228,19,2011,unemployed,single_no_child,renting
228,20,2012,full_time,single_no_child,renting
228,21,2013,full_time,single_no_child,renting
228,22,2014,full_time,single_no_child,renting
228,23,2015,full_time,single_no_child,renting
228,24,2016,full_time,single_no_child,renting
228,25,2017,full_time,single_no_child,renting
228,26,2018,full_time,single_no_child,renting
228,27,2019,full_time,single_no_child,renting
228,28,2020,full_time,single_no_child,renting
228,29,2021,full_time,single_parent,renting
228,30,2022,full_time,single_parent,renting
229,18,2009,education,single_no_child,parental_home
229,19,2010,education,single_no_child,parental_home
229,20,2011,education,single_no_child,parental_home
229,21,2012,education,single_no_child,parental_home
229,22,2013,education,single_no_child,parental_home
229,23,2014,full_time,single_no_child,parental_home
229,24,2015,full_time,single_no_child,parental_home
229,25,2016,full_time,single_no_child,parental_home
229,26,2017,part_time,single_no_child,parental_home
229,27,2018,part_time,single_no_child,renting
229,28,2019,full_time,single_no_child,renting
229,29,2020,full_time,single_no_child,renting
229,30,2021,full_time,single_parent,renting
230,18,2009,education,single_no_child,parental_home
230,19,2010,education,single_no_child,parental_home
230,20,2011,education,partnered_no_child,parental_home
230,21,2012,education,partnered_no_child,parental_home
230,22,2013,education,partnered_no_child,parental_home
230,23,2014,full_time,partnered_no_child,parental_home
230,24,2015,full_time,partnered_no_child,parental_home
230,25,2016,full_time,partnered_with_child,parental_home
230,26,2017,unemployed,partnered_with_child,renting
230,27,2018,full_time,partnered_with_child,owner_occupied
230,28,2019,full_time,partnered_with_child,owner_occupied
230,29,2020,full_time,partnered_with_child,owner_occupied
230,30,2021,full_time,partnered_with_child,owner_occupied
231,18,2009,education,single_no_child,parental_home
231,19,2010,education,single_no_child,parental_home
231,20,2011,education,single_no_child,parental_home
231,21,2012,education,single_no_child,parental_home
231,22,2013,education,partnered_no_child,parental_home
231,23,2014,full_time,partnered_no_child,renting
231,24,2015,full_time,partnered_no_child,renting
231,25,2016,full_time,partnered_no_child,renting
231,26,2017,full_time,partnered_no_child,renting
231,27,2018,full_time,partnered_no_child,renting
231,28,2019,full_time,partnered_no_child,renting
231,29,2020,unemployed,partnered_no_child,renting
231,30,2021,inactive_care,partnered_no_child,renting
232,18,2009,education,single_no_child,parental_home
232,19,2010,education,single_no_child,parental_home
232,20,2011,education,single_no_child,parental_home
232,21,2012,inactive_care,single_no_child,parental_home
232,22,2013,unemployed,single_no_child,parental_home
232,23,2014,part_time,single_no_child,renting
232,24,2015,part_time,single_no_child,renting
232,25,2016,full_time,single_no_child,renting
232,26,2017,full_time,partnered_no_child,renting
232,27,2018,full_time,partnered_no_child,renting
232,28,2019,full_time,partnered_no_child,renting
232,29,2020,part_time,partnered_no_child,renting
232,30,2021,full_time,partnered_with_child,renting
233,18,2011,education,single_no_child,parental_home
233,19,2012,education,partnered_no_child,other_temporary
233,20,2013,education,partnered_no_child,other_temporary
233,21,2014,unemployed,partnered_no_child,renting
233,22,2015,unemployed,partnered_no_child,renting
233,23,2016,part_time,partnered_no_child,renting
233,24,2017,part_time,partnered_no_child,renting
233,25,2018,full_time,partnered_no_child,renting
233,26,2019,full_time,partnered_no_child,renting
233,27,2020,full_time,partnered_no_child,renting
233,28,2021,full_time,partnered_no_child,owner_occupied
233,29,2022,inactive_care,partnered_no_child,owner_occupied
233,30,2023,full_time,partnered_no_child,owner_occupied
234,18,2008,education,single_no_child,parental_home
234,19,2009,unemployed,single_no_child,parental_home
234,20,2010,full_time,single_no_child,parental_home
234,21,2011,full_time,single_no_child,parental_home
234,22,2012,full_time,single_no_child,parental_home
234,23,2013,full_time,single_no_child,parental_home
234,24,2014,full_time,single_no_child,parental_home
234,25,2015,full_time,single_no_child,parental_home
234,26,2016,full_time,single_no_child,parental_home
234,27,2017,full_time,partnered_no_child,parental_home
234,28,2018,full_time,partnered_no_child,renting
234,29,2019,full_time,partnered_no_child,renting
234,30,2020,full_time,partnered_no_child,renting
235,18,2011,education,single_no_child,other_temporary
235,19,2012,education,single_no_child,renting
235,20,2013,unemployed,single_no_child,renting
235,21,2014,part_time,single_no_child,renting
235,22,2015,full_time,single_no_child,renting
235,23,2016,unemployed,single_no_child,renting
235,24,2017,full_time,single_no_child,renting
235,25,2018,part_time,single_no_child,renting
235,26,2019,unemployed,single_no_child,renting
235,27,2020,full_time,single_no_child,renting
235,28,2021,part_time,partnered_no_child,renting
235,29,2022,full_time,partnered_no_child,renting
235,30,2023,full_time,partnered_with_child,owner_occupied
236,18,2012,education,single_no_child,parental_home
236,19,2013,education,single_no_child,parental_home
236,20,2014,education,single_no_child,parental_home
236,21,2015,education,single_no_child,parental_home
236,22,2016,education,single_no_child,parental_home
236,23,2017,full_time,single_no_child,parental_home
236,24,2018,full_time,single_no_child,parental_home
236,25,2019,full_time,partnered_no_child,parental_home
236,26,2020,full_time,partnered_no_child,other_temporary
236,27,2021,full_time,partnered_no_child,renting
236,28,2022,full_time,partnered_no_child,renting
236,29,2023,full_time,partnered_no_child,renting
236,30,2024,full_time,partnered_no_child,renting
237,18,2011,education,single_no_child,renting
237,19,2012,education,single_no_child,renting
237,20,2013,full_time,single_no_child,renting
237,21,2014,full_time,single_no_child,renting
237,22,2015,education,single_no_child,renting
237,23,2016,full_time,single_no_child,renting
237,24,2017,part_time,single_no_child,renting
237,25,2018,full_time,single_no_child,renting
237,26,2019,full_time,single_no_child,renting
237,27,2020,full_time,single_parent,renting
237,28,2021,full_time,single_parent,renting
237,29,2022,full_time,single_parent,renting
237,30,2023,full_time,single_parent,owner_occupied
238,18,2009,education,single_no_child,parental_home
238,19,2010,education,single_no_child,parental_home
238,20,2011,education,single_no_child,parental_home
238,21,2012,part_time,single_no_child,parental_home
238,22,2013,full_time,single_no_child,parental_home
238,23,2014,unemployed,single_no_child,parental_home
238,24,2015,unemployed,single_no_child,parental_home
238,25,2016,inactive_care,single_no_child,renting
238,26,2017,inactive_care,single_no_child,renting
238,27,2018,inactive_care,single_no_child,renting
238,28,2019,part_time,partnered_no_child,renting
238,29,2020,full_time,partnered_no_child,renting
238,30,2021,full_time,partnered_no_child,renting
239,18,2012,education,single_no_child,parental_home
239,19,2013,education,single_no_child,parental_home
239,20,2014,unemployed,single_no_child,parental_home
239,21,2015,part_time,single_no_child,parental_home
239,22,2016,unemployed,single_no_child,parental_home
239,23,2017,unemployed,single_no_child,parental_home
239,24,2018,full_time,single_no_child,parental_home
239,25,2019,inactive_care,partnered_with_child,parental_home
239,26,2020,part_time,partnered_with_child,parental_home
239,27,2021,full_time,partnered_with_child,parental_home
239,28,2022,part_time,partnered_with_child,renting
239,29,2023,full_time,partnered_with_child,renting
239,30,2024,full_time,partnered_with_child,renting
240,18,2008,education,single_no_child,parental_home
240,19,2009,education,single_no_child,parental_home
240,20,2010,full_time,partnered_no_child,renting
240,21,2011,full_time,partnered_no_child,renting
240,22,2012,full_time,partnered_no_child,renting
240,23,2013,unemployed,partnered_no_child,renting
240,24,2014,full_time,partnered_no_child,renting
240,25,2015,part_time,partnered_no_child,renting
240,26,2016,unemployed,partnered_no_child,renting
240,27,2017,full_time,partnered_no_child,renting
240,28,2018,part_time,partnered_no_child,renting
240,29,2019,full_time,partnered_no_child,renting
240,30,2020,full_time,partnered_no_child,owner_occupied
241,18,2008,education,single_no_child,parental_home
241,19,2009,education,single_no_child,parental_home
241,20,2010,education,single_no_child,parental_home
241,21,2011,part_time,single_no_child,parental_home
241,22,2012,unemployed,single_no_child,parental_home
241,23,2013,part_time,single_no_child,parental_home
241,24,2014,part_time,single_no_child,parental_home
241,25,2015,full_time,single_no_child,parental_home
241,26,2016,part_time,single_no_child,parental_home
241,27,2017,full_time,single_no_child,parental_home
241,28,2018,full_time,single_no_child,other_temporary
241,29,2019,full_time,single_no_child,renting
241,30,2020,full_time,single_no_child,renting
242,18,2011,education,single_no_child,parental_home
242,19,2012,education,single_no_child,renting
242,20,2013,education,single_no_child,renting
242,21,2014,education,single_no_child,renting
242,22,2015,full_time,single_no_child,renting
242,23,2016,full_time,single_no_child,renting
242,24,2017,full_time,single_no_child,renting
242,25,2018,full_time,single_no_child,renting
242,26,2019,full_time,single_no_child,renting
242,27,2020,full_time,single_no_child,renting
242,28,2021,full_time,single_no_child,renting
242,29,2022,inactive_care,single_no_child,renting
242,30,2023,full_time,single_no_child,renting
243,18,2012,education,single_no_child,parental_home
243,19,2013,education,single_no_child,parental_home
243,20,2014,unemployed,single_no_child,parental_home
243,21,2015,part_time,single_no_child,parental_home
243,22,2016,full_time,single_no_child,parental_home
243,23,2017,unemployed,single_no_child,parental_home
243,24,2018,full_time,partnered_no_child,parental_home
243,25,2019,part_time,single_no_child,parental_home
243,26,2020,unemployed,single_no_child,parental_home
243,27,2021,full_time,single_no_child,parental_home
243,28,2022,part_time,single_no_child,renting
243,29,2023,full_time,single_no_child,renting
243,30,2024,full_time,partnered_no_child,renting
244,18,2012,unemployed,single_no_child,parental_home
244,19,2013,part_time,single_no_child,parental_home
244,20,2014,full_time,single_no_child,parental_home
244,21,2015,education,single_no_child,parental_home
244,22,2016,education,single_no_child,renting
244,23,2017,full_time,single_no_child,renting
244,24,2018,full_time,single_no_child,renting
244,25,2019,full_time,single_no_child,renting
244,26,2020,full_time,single_no_child,renting
244,27,2021,full_time,single_parent,renting
244,28,2022,full_time,single_parent,renting
244,29,2023,full_time,partnered_with_child,renting
244,30,2024,full_time,partnered_with_child,renting
245,18,2009,education,single_no_child,renting
245,19,2010,education,single_no_child,renting
245,20,2011,education,single_no_child,renting
245,21,2012,unemployed,single_parent,renting
245,22,2013,unemployed,single_parent,renting
245,23,2014,unemployed,single_parent,renting
245,24,2015,part_time,single_parent,renting
245,25,2016,part_time,single_parent,renting
245,26,2017,full_time,single_parent,renting
245,27,2018,full_time,single_parent,renting
245,28,2019,full_time,partnered_with_child,renting
245,29,2020,full_time,partnered_with_child,renting
245,30,2021,full_time,partnered_with_child,renting
246,18,2010,education,single_no_child,parental_home
246,19,2011,education,single_no_child,parental_home
246,20,2012,education,single_no_child,other_temporary
246,21,2013,full_time,single_no_child,other_temporary
246,22,2014,full_time,single_no_child,other_temporary
246,23,2015,full_time,single_no_child,renting
246,24,2016,full_time,single_no_child,renting
246,25,2017,inactive_care,single_no_child,renting
246,26,2018,inactive_care,single_no_child,renting
246,27,2019,part_time,single_no_child,renting
246,28,2020,part_time,single_no_child,renting
246,29,2021,full_time,single_no_child,renting
246,30,2022,full_time,single_no_child,renting
247,18,2011,education,single_no_child,parental_home
247,19,2012,education,single_no_child,parental_home
247,20,2013,education,single_no_child,parental_home
247,21,2014,full_time,single_no_child,parental_home
247,22,2015,full_time,single_no_child,renting
247,23,2016,full_time,single_no_child,renting
247,24,2017,full_time,single_no_child,renting
247,25,2018,part_time,partnered_no_child,renting
247,26,2019,inactive_care,partnered_with_child,renting
247,27,2020,part_time,partnered_with_child,renting
247,28,2021,inactive_care,partnered_with_child,renting
247,29,2022,full_time,partnered_with_child,renting
247,30,2023,full_time,partnered_with_child,renting
248,18,2008,education,single_no_child,parental_home
248,19,2009,education,single_no_child,renting
248,20,2010,education,single_no_child,renting
248,21,2011,full_time,single_no_child,renting
248,22,2012,full_time,single_no_child,renting
248,23,2013,full_time,single_no_child,renting
248,24,2014,full_time,single_no_child,renting
248,25,2015,inactive_care,single_no_child,renting
248,26,2016,inactive_care,single_no_child,renting
248,27,2017,part_time,single_no_child,renting
248,28,2018,part_time,single_no_child,owner_occupied
248,29,2019,full_time,single_no_child,owner_occupied
248,30,2020,full_time,single_no_child,owner_occupied
249,18,2008,education,single_no_child,parental_home
249,19,2009,education,single_no_child,parental_home
249,20,2010,education,single_no_child,parental_home
249,21,2011,unemployed,single_no_child,parental_home
249,22,2012,unemployed,single_parent,parental_home
249,23,2013,part_time,single_parent,parental_home
249,24,2014,part_time,single_parent,parental_home
249,25,2015,full_time,single_parent,parental_home
249,26,2016,full_time,single_parent,parental_home
249,27,2017,full_time,single_parent,renting
249,28,2018,full_time,single_parent,renting
249,29,2019,full_time,single_parent,renting
249,30,2020,full_time,single_parent,owner_occupied
250,18,2012,education,single_no_child,parental_home
250,19,2013,education,single_no_child,parental_home
250,20,2014,education,single_no_child,parental_home
250,21,2015,full_time,single_no_child,parental_home
250,22,2016,full_time,single_no_child,parental_home
250,23,2017,full_time,partnered_no_child,parental_home
250,24,2018,full_time,partnered_with_child,renting
250,25,2019,inactive_care,partnered_with_child,renting
250,26,2020,inactive_care,partnered_with_child,owner_occupied
250,27,2021,full_time,partnered_with_child,owner_occupied
250,28,2022,part_time,partnered_with_child,owner_occupied
250,29,2023,full_time,partnered_with_child,owner_occupied
250,30,2024,part_time,partnered_with_child,owner_occupied
251,18,2012,education,single_no_child,parental_home
251,19,2013,education,single_no_child,parental_home
251,20,2014,education,single_no_child,parental_home
251,21,2015,education,single_no_child,renting
251,22,2016,education,single_parent,renting
251,23,2017,full_time,single_parent,renting
251,24,2018,full_time,single_parent,renting
251,25,2019,full_time,single_parent,renting
251,26,2020,full_time,single_parent,renting
251,27,2021,full_time,single_parent,renting
251,28,2022,full_time,single_parent,renting
251,29,2023,full_time,single_parent,renting
251,30,2024,full_time,single_parent,owner_occupied
252,18,2009,education,single_no_child,other_temporary
252,19,2010,education,single_no_child,renting
252,20,2011,full_time,single_no_child,renting
252,21,2012,full_time,single_no_child,renting
252,22,2013,full_time,single_no_child,renting
252,23,2014,full_time,single_no_child,renting
252,24,2015,full_time,partnered_no_child,renting
252,25,2016,full_time,partnered_no_child,renting
252,26,2017,full_time,partnered_no_child,renting
252,27,2018,full_time,partnered_no_child,renting
252,28,2019,unemployed,partnered_no_child,renting
252,29,2020,full_time,partnered_no_child,renting
252,30,2021,full_time,partnered_no_child,renting
253,18,2009,education,single_no_child,parental_home
253,19,2010,education,single_no_child,parental_home
253,20,2011,unemployed,single_no_child,parental_home
253,21,2012,part_time,single_no_child,parental_home
253,22,2013,full_time,single_no_child,renting
253,23,2014,unemployed,single_no_child,renting
253,24,2015,full_time,single_no_child,renting
253,25,2016,part_time,single_no_child,renting
253,26,2017,unemployed,single_no_child,renting
253,27,2018,full_time,single_no_child,renting
253,28,2019,part_time,single_no_child,renting
253,29,2020,unemployed,partnered_no_child,renting
253,30,2021,full_time,partnered_no_child,renting
254,18,2009,education,single_no_child,parental_home
254,19,2010,education,single_no_child,parental_home
254,20,2011,education,single_no_child,parental_home
254,21,2012,full_time,single_no_child,renting
254,22,2013,full_time,partnered_no_child,renting
254,23,2014,inactive_care,partnered_no_child,renting
254,24,2015,full_time,partnered_with_child,renting
254,25,2016,inactive_care,partnered_with_child,renting
254,26,2017,unemployed,partnered_with_child,renting
254,27,2018,part_time,single_parent,renting
254,28,2019,part_time,single_parent,renting
254,29,2020,full_time,single_parent,renting
254,30,2021,full_time,single_parent,renting
255,18,2008,education,single_no_child,renting
255,19,2009,education,single_no_child,renting
255,20,2010,full_time,single_no_child,renting
255,21,2011,full_time,single_no_child,renting
255,22,2012,full_time,single_no_child,renting
255,23,2013,full_time,single_no_child,renting
255,24,2014,full_time,single_no_child,renting
255,25,2015,full_time,single_no_child,renting
255,26,2016,full_time,single_no_child,renting
255,27,2017,full_time,partnered_no_child,renting
255,28,2018,full_time,partnered_no_child,renting
255,29,2019,full_time,partnered_no_child,renting
255,30,2020,full_time,partnered_no_child,renting
256,18,2010,education,single_no_child,parental_home
256,19,2011,education,single_no_child,parental_home
256,20,2012,education,single_no_child,parental_home
256,21,2013,part_time,single_no_child,parental_home
256,22,2014,education,single_no_child,parental_home
256,23,2015,full_time,single_no_child,parental_home
256,24,2016,full_time,single_no_child,parental_home
256,25,2017,full_time,single_no_child,parental_home
256,26,2018,full_time,single_no_child,other_temporary
256,27,2019,full_time,single_no_child,renting
256,28,2020,full_time,single_no_child,renting
256,29,2021,full_time,single_no_child,renting
256,30,2022,full_time,single_no_child,renting
257,18,2010,education,partnered_no_child,parental_home
257,19,2011,education,partnered_no_child,parental_home
257,20,2012,education,partnered_no_child,parental_home
257,21,2013,education,partnered_no_child,parental_home
257,22,2014,education,partnered_no_child,parental_home
257,23,2015,full_time,partnered_no_child,parental_home
257,24,2016,unemployed,partnered_no_child,renting
257,25,2017,full_time,partnered_with_child,renting
257,26,2018,full_time,partnered_with_child,renting
257,27,2019,inactive_care,partnered_with_child,renting
257,28,2020,full_time,partnered_with_child,renting
257,29,2021,full_time,partnered_with_child,renting
257,30,2022,full_time,partnered_with_child,renting
258,18,2010,education,single_no_child,parental_home
258,19,2011,education,single_no_child,parental_home
258,20,2012,education,partnered_no_child,parental_home
258,21,2013,education,partnered_no_child,parental_home
258,22,2014,education,partnered_no_child,parental_home
258,23,2015,part_time,partnered_no_child,other_temporary
258,24,2016,full_time,partnered_no_child,renting
258,25,2017,full_time,partnered_no_child,renting
258,26,2018,full_time,partnered_with_child,renting
258,27,2019,full_time,partnered_with_child,renting
258,28,2020,full_time,partnered_with_child,renting
258,29,2021,full_time,partnered_with_child,renting
258,30,2022,full_time,partnered_with_child,renting
259,18,2010,education,single_no_child,renting
259,19,2011,education,single_no_child,renting
259,20,2012,unemployed,single_no_child,renting
259,21,2013,part_time,single_parent,renting
259,22,2014,full_time,single_parent,renting
259,23,2015,unemployed,single_parent,renting
259,24,2016,full_time,single_parent,renting
259,25,2017,part_time,single_parent,renting
259,26,2018,unemployed,single_parent,renting
259,27,2019,part_time,single_parent,renting
259,28,2020,full_time,single_parent,renting
259,29,2021,unemployed,single_parent,renting
259,30,2022,full_time,single_parent,renting
260,18,2012,education,single_no_child,parental_home
260,19,2013,education,single_no_child,parental_home
260,20,2014,unemployed,single_no_child,parental_home
260,21,2015,full_time,single_no_child,parental_home
260,22,2016,full_time,single_no_child,parental_home
260,23,2017,unemployed,single_no_child,parental_home
260,24,2018,full_time,single_no_child,parental_home
260,25,2019,part_time,single_no_child,renting
260,26,2020,unemployed,single_no_child,renting
260,27,2021,full_time,single_no_child,renting
260,28,2022,inactive_care,single_no_child,renting
260,29,2023,full_time,partnered_no_child,owner_occupied
260,30,2024,inactive_care,partnered_no_child,owner_occupied
261,18,2011,education,single_no_child,parental_home
261,19,2012,education,single_no_child,parental_home
261,20,2013,education,single_no_child,parental_home
261,21,2014,education,single_no_child,parental_home
261,22,2015,education,single_no_child,parental_home
261,23,2016,full_time,single_no_child,renting
261,24,2017,full_time,single_no_child,renting
261,25,2018,full_time,single_no_child,renting
261,26,2019,full_time,single_no_child,renting
261,27,2020,full_time,partnered_no_child,renting
261,28,2021,full_time,partnered_no_child,renting
261,29,2022,part_time,partnered_no_child,renting
261,30,2023,full_time,partnered_no_child,renting
262,18,2009,education,single_no_child,renting
262,19,2010,unemployed,single_no_child,renting
262,20,2011,unemployed,single_no_child,renting
262,21,2012,unemployed,single_no_child,renting
262,22,2013,part_time,single_no_child,renting
262,23,2014,unemployed,single_no_child,renting
262,24,2015,unemployed,single_no_child,other_temporary
262,25,2016,unemployed,single_parent,renting
262,26,2017,unemployed,single_parent,renting
262,27,2018,part_time,single_parent,renting
262,28,2019,unemployed,single_parent,renting
262,29,2020,full_time,single_parent,renting
262,30,2021,part_time,single_parent,renting
263,18,2012,education,single_no_child,parental_home
263,19,2013,education,single_no_child,parental_home
263,20,2014,education,single_no_child,parental_home
263,21,2015,unemployed,single_no_child,parental_home
263,22,2016,unemployed,single_no_child,renting
263,23,2017,part_time,single_no_child,renting
263,24,2018,part_time,single_no_child,renting
263,25,2019,full_time,single_parent,renting
263,26,2020,full_time,single_parent,renting
263,27,2021,full_time,single_parent,renting
263,28,2022,full_time,single_parent,owner_occupied
263,29,2023,part_time,single_parent,owner_occupied
263,30,2024,full_time,single_parent,owner_occupied
264,18,2012,education,single_no_child,renting
264,19,2013,education,single_no_child,renting
264,20,2014,full_time,single_no_child,renting
264,21,2015,full_time,single_no_child,renting
264,22,2016,full_time,single_no_child,renting
264,23,2017,full_time,single_no_child,renting
264,24,2018,full_time,partnered_no_child,renting
264,25,2019,full_time,partnered_no_child,renting
264,26,2020,full_time,partnered_no_child,renting
264,27,2021,full_time,partnered_no_child,renting
264,28,2022,full_time,partnered_with_child,renting
264,29,2023,full_time,partnered_with_child,renting
264,30,2024,full_time,partnered_with_child,renting
265,18,2012,education,single_no_child,parental_home
265,19,2013,education,single_no_child,renting
265,20,2014,education,single_no_child,renting
265,21,2015,education,single_no_child,renting
265,22,2016,education,single_no_child,renting
265,23,2017,inactive_care,single_no_child,renting
265,24,2018,full_time,single_no_child,renting
265,25,2019,full_time,single_no_child,renting
265,26,2020,full_time,single_no_child,renting
265,27,2021,full_time,single_no_child,renting
265,28,2022,full_time,single_parent,renting
265,29,2023,full_time,single_parent,renting
265,30,2024,full_time,single_parent,renting
266,18,2010,education,single_no_child,parental_home
266,19,2011,education,single_no_child,parental_home
266,20,2012,education,single_no_child,parental_home
266,21,2013,education,single_no_child,parental_home
266,22,2014,education,single_no_child,parental_home
266,23,2015,full_time,single_no_child,renting
266,24,2016,full_time,single_no_child,renting
266,25,2017,full_time,single_no_child,renting
266,26,2018,part_time,single_no_child,renting
266,27,2019,full_time,single_no_child,renting
266,28,2020,full_time,single_no_child,renting
266,29,2021,full_time,single_no_child,renting
266,30,2022,part_time,single_no_child,renting
267,18,2011,unemployed,single_no_child,parental_home
267,19,2012,unemployed,single_no_child,parental_home
267,20,2013,unemployed,single_no_child,parental_home
267,21,2014,part_time,single_no_child,parental_home
267,22,2015,full_time,single_no_child,parental_home
267,23,2016,unemployed,single_no_child,renting
267,24,2017,full_time,single_no_child,renting
267,25,2018,part_time,single_no_child,renting
267,26,2019,full_time,single_no_child,renting
267,27,2020,full_time,partnered_no_child,renting
267,28,2021,part_time,partnered_no_child,renting
267,29,2022,full_time,partnered_with_child,owner_occupied
267,30,2023,full_time,partnered_with_child,owner_occupied
268,18,2009,education,single_no_child,parental_home
268,19,2010,education,single_no_child,parental_home
268,20,2011,unemployed,single_no_child,parental_home
268,21,2012,part_time,single_no_child,parental_home
268,22,2013,full_time,single_no_child,parental_home
268,23,2014,unemployed,single_no_child,parental_home
268,24,2015,full_time,single_no_child,parental_home
268,25,2016,part_time,partnered_no_child,renting
268,26,2017,unemployed,partnered_no_child,renting
268,27,2018,full_time,partnered_no_child,renting
268,28,2019,part_time,partnered_no_child,renting
268,29,2020,full_time,partnered_no_child,renting
268,30,2021,full_time,partnered_no_child,renting
269,18,2008,education,single_no_child,parental_home
269,19,2009,education,single_no_child,parental_home
269,20,2010,unemployed,single_no_child,parental_home
269,21,2011,education,single_no_child,parental_home
269,22,2012,education,single_no_child,parental_home
269,23,2013,full_time,single_no_child,parental_home
269,24,2014,full_time,partnered_no_child,parental_home
269,25,2015,full_time,partnered_no_child,parental_home
269,26,2016,full_time,partnered_no_child,parental_home
269,27,2017,full_time,partnered_no_child,parental_home
269,28,2018,full_time,partnered_no_child,renting
269,29,2019,full_time,partnered_no_child,owner_occupied
269,30,2020,unemployed,partnered_with_child,owner_occupied
270,18,2009,education,single_no_child,parental_home
270,19,2010,education,single_no_child,parental_home
270,20,2011,unemployed,single_no_child,parental_home
270,21,2012,part_time,single_no_child,parental_home
270,22,2013,full_time,single_parent,renting
270,23,2014,unemployed,single_parent,other_temporary
270,24,2015,full_time,single_parent,renting
270,25,2016,full_time,single_parent,renting
270,26,2017,unemployed,single_parent,renting
270,27,2018,full_time,partnered_with_child,renting
270,28,2019,part_time,partnered_with_child,renting
270,29,2020,full_time,partnered_with_child,renting
270,30,2021,full_time,partnered_with_child,renting
271,18,2012,education,single_no_child,parental_home
271,19,2013,education,single_no_child,parental_home
271,20,2014,education,single_no_child,other_temporary
271,21,2015,education,single_no_child,other_temporary
271,22,2016,education,single_no_child,other_temporary
271,23,2017,full_time,single_parent,other_temporary
271,24,2018,full_time,single_parent,other_temporary
271,25,2019,full_time,single_parent,renting
271,26,2020,full_time,single_parent,renting
271,27,2021,full_time,partnered_with_child,renting
271,28,2022,full_time,partnered_with_child,renting
271,29,2023,full_time,partnered_with_child,renting
271,30,2024,full_time,partnered_with_child,renting
272,18,2008,education,single_no_child,other_temporary
272,19,2009,unemployed,partnered_no_child,renting
272,20,2010,unemployed,partnered_no_child,renting
272,21,2011,unemployed,partnered_no_child,renting
272,22,2012,full_time,partnered_no_child,renting
272,23,2013,unemployed,partnered_with_child,renting
272,24,2014,unemployed,partnered_with_child,other_temporary
272,25,2015,inactive_care,partnered_with_child,renting
272,26,2016,unemployed,partnered_with_child,renting
272,27,2017,part_time,partnered_with_child,renting
272,28,2018,unemployed,partnered_with_child,renting
272,29,2019,full_time,single_parent,renting
272,30,2020,part_time,single_parent,renting
273,18,2010,education,single_no_child,parental_home
273,19,2011,education,single_no_child,parental_home
273,20,2012,full_time,single_no_child,parental_home
273,21,2013,full_time,single_no_child,other_temporary
273,22,2014,inactive_care,single_no_child,renting
273,23,2015,full_time,partnered_no_child,renting
273,24,2016,full_time,partnered_no_child,renting
273,25,2017,full_time,partnered_no_child,renting
273,26,2018,full_time,partnered_no_child,renting
273,27,2019,full_time,partnered_no_child,renting
273,28,2020,full_time,partnered_no_child,renting
273,29,2021,part_time,partnered_no_child,renting
273,30,2022,full_time,partnered_no_child,renting
274,18,2011,education,single_no_child,renting
274,19,2012,education,single_no_child,renting
274,20,2013,education,single_no_child,renting
274,21,2014,education,single_no_child,renting
274,22,2015,full_time,partnered_no_child,renting
274,23,2016,full_time,partnered_no_child,renting
274,24,2017,full_time,partnered_no_child,renting
274,25,2018,full_time,partnered_no_child,renting
274,26,2019,full_time,partnered_with_child,renting
274,27,2020,full_time,partnered_with_child,owner_occupied
274,28,2021,full_time,partnered_with_child,owner_occupied
274,29,2022,full_time,partnered_with_child,owner_occupied
274,30,2023,full_time,partnered_with_child,owner_occupied
275,18,2008,education,single_no_child,parental_home
275,19,2009,education,single_no_child,parental_home
275,20,2010,education,single_no_child,parental_home
275,21,2011,part_time,single_no_child,parental_home
275,22,2012,education,single_no_child,renting
275,23,2013,full_time,partnered_no_child,renting
275,24,2014,full_time,partnered_no_child,renting
275,25,2015,full_time,partnered_no_child,renting
275,26,2016,full_time,partnered_with_child,renting
275,27,2017,full_time,partnered_with_child,renting
275,28,2018,full_time,partnered_with_child,renting
275,29,2019,full_time,partnered_with_child,renting
275,30,2020,full_time,partnered_with_child,renting
276,18,2010,education,single_no_child,renting
276,19,2011,education,single_no_child,renting
276,20,2012,education,partnered_no_child,renting
276,21,2013,education,partnered_no_child,renting
276,22,2014,education,partnered_no_child,renting
276,23,2015,full_time,partnered_no_child,renting
276,24,2016,full_time,partnered_no_child,renting
276,25,2017,full_time,partnered_no_child,renting
276,26,2018,full_time,partnered_no_child,owner_occupied
276,27,2019,full_time,partnered_no_child,owner_occupied
276,28,2020,full_time,partnered_no_child,owner_occupied
276,29,2021,full_time,partnered_no_child,owner_occupied
276,30,2022,full_time,partnered_no_child,owner_occupied
277,18,2012,education,single_no_child,parental_home
277,19,2013,unemployed,single_no_child,parental_home
277,20,2014,unemployed,single_no_child,parental_home
277,21,2015,unemployed,single_no_child,parental_home
277,22,2016,part_time,single_no_child,parental_home
277,23,2017,unemployed,single_no_child,parental_home
277,24,2018,unemployed,single_no_child,renting
277,25,2019,part_time,single_no_child,renting
277,26,2020,unemployed,single_no_child,renting
277,27,2021,part_time,single_no_child,renting
277,28,2022,unemployed,single_no_child,renting
277,29,2023,full_time,single_no_child,renting
277,30,2024,full_time,single_no_child,renting
278,18,2009,education,single_no_child,parental_home
278,19,2010,education,single_no_child,renting
278,20,2011,unemployed,single_no_child,renting
278,21,2012,part_time,single_no_child,renting
278,22,2013,full_time,single_no_child,renting
278,23,2014,unemployed,single_no_child,renting
278,24,2015,full_time,single_no_child,renting
278,25,2016,part_time,single_no_child,renting
278,26,2017,unemployed,single_no_child,renting
278,27,2018,full_time,partnered_with_child,renting
278,28,2019,part_time,partnered_with_child,renting
278,29,2020,full_time,partnered_with_child,renting
278,30,2021,full_time,partnered_with_child,owner_occupied
279,18,2010,education,single_no_child,renting
279,19,2011,education,single_no_child,renting
279,20,2012,education,single_no_child,renting
279,21,2013,full_time,single_no_child,renting
279,22,2014,full_time,single_no_child,renting
279,23,2015,full_time,single_no_child,renting
279,24,2016,full_time,single_no_child,renting
279,25,2017,part_time,partnered_no_child,renting
279,26,2018,inactive_care,partnered_no_child,renting
279,27,2019,part_time,partnered_with_child,renting
279,28,2020,part_time,partnered_with_child,renting
279,29,2021,full_time,partnered_with_child,renting
279,30,2022,full_time,partnered_with_child,owner_occupied
280,18,2012,unemployed,single_no_child,parental_home
280,19,2013,education,single_no_child,parental_home
280,20,2014,unemployed,single_no_child,parental_home
280,21,2015,part_time,single_no_child,parental_home
280,22,2016,full_time,single_no_child,parental_home
280,23,2017,unemployed,single_no_child,parental_home
280,24,2018,full_time,single_no_child,parental_home
280,25,2019,part_time,single_no_child,parental_home
280,26,2020,unemployed,single_no_child,renting
280,27,2021,full_time,single_no_child,renting
280,28,2022,part_time,single_parent,renting
280,29,2023,full_time,single_parent,renting
280,30,2024,full_time,single_parent,renting
281,18,2009,education,single_no_child,renting
281,19,2010,education,single_no_child,renting
281,20,2011,education,single_no_child,renting
281,21,2012,education,partnered_no_child,renting
281,22,2013,education,partnered_no_child,renting
281,23,2014,full_time,partnered_no_child,renting
281,24,2015,full_time,partnered_no_child,renting
281,25,2016,full_time,partnered_no_child,renting
281,26,2017,full_time,partnered_no_child,renting
281,27,2018,full_time,partnered_no_child,renting
281,28,2019,full_time,partnered_no_child,renting
281,29,2020,full_time,single_no_child,renting
281,30,2021,full_time,single_no_child,renting
282,18,2008,education,partnered_no_child,renting
282,19,2009,education,partnered_no_child,renting
282,20,2010,full_time,partnered_no_child,renting
282,21,2011,full_time,partnered_no_child,renting
282,22,2012,full_time,partnered_no_child,renting
282,23,2013,full_time,partnered_no_child,renting
282,24,2014,education,partnered_no_child,renting
282,25,2015,part_time,partnered_no_child,renting
282,26,2016,full_time,partnered_no_child,renting
282,27,2017,full_time,partnered_no_child,renting
282,28,2018,full_time,partnered_no_child,renting
282,29,2019,full_time,partnered_no_child,renting
282,30,2020,full_time,partnered_no_child,renting
283,18,2010,education,single_no_child,parental_home
283,19,2011,education,single_no_child,renting
283,20,2012,education,single_no_child,renting
283,21,2013,education,single_no_child,renting
283,22,2014,education,single_no_child,renting
283,23,2015,full_time,single_no_child,renting
283,24,2016,full_time,single_no_child,renting
283,25,2017,full_time,single_no_child,renting
283,26,2018,part_time,single_parent,renting
283,27,2019,full_time,single_parent,renting
283,28,2020,full_time,single_parent,renting
283,29,2021,part_time,single_parent,renting
283,30,2022,full_time,single_parent,renting
284,18,2008,part_time,single_no_child,renting
284,19,2009,education,single_no_child,renting
284,20,2010,education,single_no_child,renting
284,21,2011,unemployed,single_no_child,renting
284,22,2012,unemployed,single_no_child,renting
284,23,2013,part_time,single_no_child,renting
284,24,2014,part_time,single_no_child,renting
284,25,2015,part_time,single_parent,renting
284,26,2016,full_time,single_parent,renting
284,27,2017,full_time,single_parent,renting
284,28,2018,full_time,single_parent,renting
284,29,2019,full_time,single_parent,renting
284,30,2020,full_time,partnered_with_child,renting
285,18,2010,education,single_no_child,parental_home
285,19,2011,education,single_no_child,parental_home
285,20,2012,unemployed,single_no_child,parental_home
285,21,2013,part_time,single_no_child,parental_home
285,22,2014,full_time,partnered_no_child,parental_home
285,23,2015,unemployed,partnered_no_child,renting
285,24,2016,full_time,partnered_with_child,renting
285,25,2017,part_time,partnered_with_child,renting
285,26,2018,unemployed,partnered_with_child,renting
285,27,2019,full_time,partnered_with_child,owner_occupied
285,28,2020,part_time,partnered_with_child,owner_occupied
285,29,2021,full_time,partnered_with_child,owner_occupied
285,30,2022,full_time,partnered_with_child,owner_occupied
286,18,2011,education,single_no_child,renting
286,19,2012,education,single_no_child,renting
286,20,2013,education,single_no_child,renting
286,21,2014,unemployed,single_no_child,renting
286,22,2015,full_time,single_no_child,renting
286,23,2016,full_time,single_no_child,renting
286,24,2017,full_time,single_no_child,renting
286,25,2018,inactive_care,single_no_child,renting
286,26,2019,inactive_care,single_no_child,renting
286,27,2020,part_time,single_no_child,renting
286,28,2021,part_time,partnered_with_child,renting
286,29,2022,full_time,partnered_with_child,renting
286,30,2023,full_time,partnered_with_child,renting
287,18,2009,education,single_no_child,renting
287,19,2010,education,single_no_child,renting
287,20,2011,education,partnered_no_child,renting
287,21,2012,education,partnered_no_child,renting
287,22,2013,education,partnered_no_child,renting
287,23,2014,full_time,partnered_no_child,renting
287,24,2015,full_time,partnered_no_child,renting
287,25,2016,full_time,partnered_no_child,renting
287,26,2017,full_time,partnered_no_child,renting
287,27,2018,full_time,partnered_no_child,renting
287,28,2019,full_time,partnered_no_child,owner_occupied
287,29,2020,full_time,partnered_with_child,owner_occupied
287,30,2021,full_time,partnered_with_child,owner_occupied
288,18,2011,education,single_no_child,parental_home
288,19,2012,education,single_no_child,parental_home
288,20,2013,education,single_no_child,parental_home
288,21,2014,full_time,single_no_child,parental_home
288,22,2015,full_time,single_no_child,parental_home
288,23,2016,unemployed,single_no_child,parental_home
288,24,2017,full_time,single_no_child,parental_home
288,25,2018,inactive_care,single_no_child,parental_home
288,26,2019,inactive_care,single_no_child,parental_home
288,27,2020,part_time,single_no_child,renting
288,28,2021,part_time,single_no_child,renting
288,29,2022,full_time,partnered_with_child,renting
288,30,2023,full_time,partnered_with_child,renting
289,18,2011,education,single_no_child,parental_home
289,19,2012,education,single_no_child,parental_home
289,20,2013,full_time,single_no_child,parental_home
289,21,2014,full_time,single_no_child,parental_home
289,22,2015,full_time,single_no_child,parental_home
289,23,2016,full_time,single_parent,parental_home
289,24,2017,full_time,single_parent,renting
289,25,2018,full_time,single_parent,renting
289,26,2019,full_time,single_parent,renting
289,27,2020,full_time,partnered_with_child,renting
289,28,2021,full_time,partnered_with_child,renting
289,29,2022,full_time,partnered_with_child,renting
289,30,2023,part_time,partnered_with_child,renting
290,18,2009,unemployed,single_no_child,parental_home
290,19,2010,education,single_no_child,parental_home
290,20,2011,part_time,single_no_child,parental_home
290,21,2012,unemployed,single_no_child,parental_home
290,22,2013,full_time,single_no_child,parental_home
290,23,2014,unemployed,single_no_child,other_temporary
290,24,2015,full_time,single_no_child,renting
290,25,2016,part_time,single_no_child,renting
290,26,2017,unemployed,single_no_child,renting
290,27,2018,full_time,partnered_no_child,renting
290,28,2019,part_time,partnered_with_child,renting
290,29,2020,full_time,partnered_with_child,renting
290,30,2021,full_time,partnered_with_child,renting
291,18,2011,education,single_no_child,renting
291,19,2012,education,single_no_child,renting
291,20,2013,education,single_no_child,renting
291,21,2014,education,single_no_child,renting
291,22,2015,education,single_no_child,renting
291,23,2016,inactive_care,single_no_child,renting
291,24,2017,full_time,partnered_no_child,renting
291,25,2018,unemployed,partnered_no_child,renting
291,26,2019,part_time,partnered_no_child,renting
291,27,2020,full_time,partnered_no_child,renting
291,28,2021,full_time,partnered_no_child,renting
291,29,2022,full_time,partnered_no_child,renting
291,30,2023,full_time,partnered_no_child,renting
292,18,2012,education,single_no_child,parental_home
292,19,2013,education,single_no_child,parental_home
292,20,2014,full_time,single_no_child,parental_home
292,21,2015,part_time,single_no_child,renting
292,22,2016,full_time,partnered_no_child,renting
292,23,2017,full_time,partnered_with_child,renting
292,24,2018,full_time,partnered_with_child,renting
292,25,2019,full_time,partnered_with_child,renting
292,26,2020,full_time,partnered_with_child,renting
292,27,2021,full_time,partnered_with_child,renting
292,28,2022,unemployed,partnered_with_child,renting
292,29,2023,full_time,partnered_with_child,renting
292,30,2024,full_time,partnered_with_child,renting
293,18,2011,education,single_no_child,renting
293,19,2012,education,single_no_child,renting
293,20,2013,education,single_no_child,renting
293,21,2014,unemployed,single_no_child,renting
293,22,2015,unemployed,single_no_child,renting
293,23,2016,part_time,single_no_child,renting
293,24,2017,part_time,single_no_child,renting
293,25,2018,full_time,single_no_child,renting
293,26,2019,full_time,single_no_child,owner_occupied
293,27,2020,full_time,single_no_child,owner_occupied
293,28,2021,full_time,single_no_child,owner_occupied
293,29,2022,full_time,single_no_child,owner_occupied
293,30,2023,full_time,single_no_child,owner_occupied
294,18,2011,education,single_no_child,parental_home
294,19,2012,education,single_no_child,parental_home
294,20,2013,education,single_no_child,parental_home
294,21,2014,education,partnered_no_child,renting
294,22,2015,education,partnered_no_child,renting
294,23,2016,full_time,partnered_with_child,renting
294,24,2017,full_time,partnered_with_child,renting
294,25,2018,full_time,partnered_with_child,renting
294,26,2019,full_time,partnered_with_child,renting
294,27,2020,full_time,partnered_with_child,renting
294,28,2021,full_time,partnered_with_child,renting
294,29,2022,full_time,partnered_with_child,renting
294,30,2023,full_time,partnered_with_child,renting
295,18,2011,education,single_no_child,parental_home
295,19,2012,education,single_no_child,parental_home
295,20,2013,unemployed,single_no_child,parental_home
295,21,2014,inactive_care,single_no_child,parental_home
295,22,2015,full_time,single_no_child,renting
295,23,2016,unemployed,single_no_child,renting
295,24,2017,full_time,single_no_child,renting
295,25,2018,part_time,single_no_child,renting
295,26,2019,unemployed,partnered_no_child,renting
295,27,2020,full_time,partnered_no_child,renting
295,28,2021,part_time,partnered_no_child,owner_occupied
295,29,2022,full_time,partnered_no_child,owner_occupied
295,30,2023,unemployed,partnered_no_child,owner_occupied
296,18,2010,education,single_no_child,parental_home
296,19,2011,education,single_no_child,parental_home
296,20,2012,education,single_no_child,parental_home
296,21,2013,education,single_no_child,parental_home
296,22,2014,education,single_no_child,renting
296,23,2015,full_time,single_no_child,renting
296,24,2016,full_time,single_no_child,renting
296,25,2017,full_time,single_no_child,renting
296,26,2018,full_time,single_no_child,renting
296,27,2019,full_time,single_no_child,renting
296,28,2020,full_time,partnered_with_child,renting
296,29,2021,full_time,partnered_with_child,renting
296,30,2022,unemployed,partnered_with_child,renting
297,18,2012,education,single_no_child,parental_home
297,19,2013,education,single_no_child,parental_home
297,20,2014,education,single_no_child,parental_home
297,21,2015,education,single_no_child,parental_home
297,22,2016,education,single_no_child,parental_home
297,23,2017,full_time,single_no_child,other_temporary
297,24,2018,full_time,single_no_child,other_temporary
297,25,2019,full_time,partnered_no_child,other_temporary
297,26,2020,inactive_care,partnered_no_child,other_temporary
297,27,2021,full_time,partnered_with_child,renting
297,28,2022,full_time,partnered_with_child,renting
297,29,2023,full_time,partnered_with_child,renting
297,30,2024,full_time,partnered_with_child,renting
298,18,2010,education,single_no_child,parental_home
298,19,2011,education,single_no_child,renting
298,20,2012,education,single_no_child,renting
298,21,2013,full_time,single_no_child,renting
298,22,2014,full_time,single_no_child,renting
298,23,2015,full_time,single_no_child,renting
298,24,2016,full_time,single_no_child,renting
298,25,2017,inactive_care,single_no_child,renting
298,26,2018,inactive_care,partnered_no_child,renting
298,27,2019,part_time,partnered_no_child,renting
298,28,2020,part_time,partnered_no_child,renting
298,29,2021,full_time,partnered_no_child,renting
298,30,2022,part_time,partnered_no_child,renting
299,18,2011,education,single_no_child,parental_home
299,19,2012,education,single_no_child,parental_home
299,20,2013,education,single_no_child,parental_home
299,21,2014,education,single_no_child,other_temporary
299,22,2015,education,single_no_child,other_temporary
299,23,2016,full_time,single_no_child,other_temporary
299,24,2017,full_time,single_no_child,other_temporary
299,25,2018,full_time,single_no_child,other_temporary
299,26,2019,full_time,single_no_child,other_temporary
299,27,2020,full_time,single_no_child,renting
299,28,2021,full_time,partnered_no_child,renting
299,29,2022,full_time,partnered_no_child,renting
299,30,2023,full_time,partnered_no_child,renting
300,18,2009,education,single_no_child,parental_home
300,19,2010,education,single_no_child,parental_home
300,20,2011,education,single_no_child,parental_home
300,21,2012,full_time,single_no_child,parental_home
300,22,2013,full_time,single_no_child,parental_home
300,23,2014,full_time,single_no_child,parental_home
300,24,2015,full_time,single_no_child,parental_home
300,25,2016,inactive_care,single_no_child,parental_home
300,26,2017,inactive_care,single_no_child,renting
300,27,2018,full_time,single_no_child,renting
300,28,2019,part_time,single_no_child,renting
300,29,2020,full_time,partnered_no_child,renting
300,30,2021,full_time,partnered_no_child,renting
301,18,2008,education,single_no_child,parental_home
301,19,2009,unemployed,single_no_child,parental_home
301,20,2010,unemployed,single_no_child,parental_home
301,21,2011,unemployed,single_parent,parental_home
301,22,2012,part_time,single_parent,renting
301,23,2013,unemployed,single_parent,renting
301,24,2014,part_time,single_parent,renting
301,25,2015,inactive_care,single_parent,renting
301,26,2016,unemployed,single_parent,renting
301,27,2017,part_time,single_parent,renting
301,28,2018,unemployed,single_parent,renting
301,29,2019,full_time,single_parent,renting
301,30,2020,part_time,single_parent,renting
302,18,2009,part_time,single_no_child,parental_home
302,19,2010,part_time,single_no_child,parental_home
302,20,2011,education,single_no_child,parental_home
302,21,2012,unemployed,single_no_child,parental_home
302,22,2013,education,single_no_child,parental_home
302,23,2014,full_time,single_no_child,renting
302,24,2015,full_time,single_no_child,renting
302,25,2016,full_time,single_no_child,renting
302,26,2017,unemployed,single_parent,renting
302,27,2018,full_time,single_parent,renting
302,28,2019,full_time,single_parent,renting
302,29,2020,full_time,single_parent,renting
302,30,2021,full_time,single_parent,renting
303,18,2009,education,single_no_child,parental_home
303,19,2010,education,single_no_child,parental_home
303,20,2011,education,single_no_child,parental_home
303,21,2012,education,single_no_child,parental_home
303,22,2013,education,single_no_child,renting
303,23,2014,full_time,single_no_child,renting
303,24,2015,full_time,single_no_child,renting
303,25,2016,full_time,partnered_no_child,renting
303,26,2017,full_time,partnered_no_child,owner_occupied
303,27,2018,full_time,partnered_no_child,owner_occupied
303,28,2019,full_time,partnered_with_child,owner_occupied
303,29,2020,full_time,partnered_with_child,owner_occupied
303,30,2021,full_time,partnered_with_child,owner_occupied
304,18,2012,unemployed,single_no_child,parental_home
304,19,2013,education,single_no_child,parental_home
304,20,2014,education,single_no_child,parental_home
304,21,2015,education,single_parent,parental_home
304,22,2016,education,single_parent,parental_home
304,23,2017,full_time,single_parent,renting
304,24,2018,full_time,single_parent,renting
304,25,2019,full_time,single_parent,renting
304,26,2020,full_time,single_parent,renting
304,27,2021,full_time,single_parent,renting
304,28,2022,full_time,single_parent,renting
304,29,2023,full_time,single_parent,renting
304,30,2024,full_time,single_parent,renting
305,18,2010,education,single_no_child,parental_home
305,19,2011,education,single_no_child,parental_home
305,20,2012,education,single_no_child,parental_home
305,21,2013,education,single_no_child,parental_home
305,22,2014,education,single_no_child,parental_home
305,23,2015,full_time,partnered_no_child,other_temporary
305,24,2016,full_time,partnered_no_child,other_temporary
305,25,2017,full_time,partnered_no_child,other_temporary
305,26,2018,full_time,partnered_no_child,other_temporary
305,27,2019,unemployed,partnered_no_child,other_temporary
305,28,2020,full_time,partnered_no_child,renting
305,29,2021,part_time,single_no_child,renting
305,30,2022,full_time,single_no_child,renting
306,18,2009,education,single_no_child,parental_home
306,19,2010,education,single_no_child,parental_home
306,20,2011,full_time,single_no_child,parental_home
306,21,2012,unemployed,single_parent,parental_home
306,22,2013,full_time,single_parent,parental_home
306,23,2014,full_time,single_parent,parental_home
306,24,2015,full_time,single_parent,parental_home
306,25,2016,full_time,partnered_with_child,parental_home
306,26,2017,full_time,partnered_with_child,renting
306,27,2018,full_time,partnered_with_child,renting
306,28,2019,full_time,partnered_with_child,owner_occupied
306,29,2020,full_time,partnered_with_child,owner_occupied
306,30,2021,full_time,partnered_with_child,owner_occupied
307,18,2012,education,single_no_child,renting
307,19,2013,unemployed,single_no_child,renting
307,20,2014,unemployed,single_no_child,renting
307,21,2015,unemployed,single_no_child,renting
307,22,2016,part_time,single_no_child,renting
307,23,2017,unemployed,single_no_child,renting
307,24,2018,unemployed,single_no_child,renting
307,25,2019,inactive_care,single_no_child,renting
307,26,2020,unemployed,single_no_child,renting
307,27,2021,part_time,partnered_with_child,renting
307,28,2022,unemployed,partnered_with_child,renting
307,29,2023,full_time,partnered_with_child,renting
307,30,2024,part_time,partnered_with_child,renting
308,18,2009,education,single_no_child,parental_home
308,19,2010,education,single_no_child,parental_home
308,20,2011,unemployed,single_no_child,parental_home
308,21,2012,full_time,single_no_child,renting
308,22,2013,full_time,single_no_child,renting
308,23,2014,unemployed,single_no_child,renting
308,24,2015,full_time,single_no_child,renting
308,25,2016,full_time,single_no_child,renting
308,26,2017,full_time,single_parent,renting
308,27,2018,full_time,single_parent,renting
308,28,2019,full_time,single_parent,owner_occupied
308,29,2020,full_time,single_parent,owner_occupied
308,30,2021,full_time,single_parent,owner_occupied
309,18,2011,education,single_no_child,renting
309,19,2012,part_time,single_no_child,renting
309,20,2013,unemployed,single_no_child,renting
309,21,2014,education,single_no_child,renting
309,22,2015,education,single_parent,renting
309,23,2016,full_time,single_parent,renting
309,24,2017,full_time,single_parent,renting
309,25,2018,full_time,single_parent,renting
309,26,2019,full_time,single_parent,owner_occupied
309,27,2020,full_time,single_parent,owner_occupied
309,28,2021,full_time,single_parent,owner_occupied
309,29,2022,full_time,single_parent,owner_occupied
309,30,2023,full_time,single_parent,owner_occupied
310,18,2008,education,single_no_child,parental_home
310,19,2009,full_time,single_no_child,parental_home
310,20,2010,unemployed,single_no_child,parental_home
310,21,2011,inactive_care,single_no_child,parental_home
310,22,2012,part_time,single_no_child,parental_home
310,23,2013,unemployed,single_no_child,parental_home
310,24,2014,unemployed,single_no_child,renting
310,25,2015,inactive_care,single_parent,renting
310,26,2016,unemployed,single_parent,renting
310,27,2017,part_time,single_parent,renting
310,28,2018,unemployed,single_parent,renting
310,29,2019,full_time,single_parent,renting
310,30,2020,part_time,single_parent,renting
311,18,2009,education,single_no_child,renting
311,19,2010,part_time,single_no_child,renting
311,20,2011,education,single_no_child,renting
311,21,2012,unemployed,single_no_child,renting
311,22,2013,unemployed,single_no_child,renting
311,23,2014,part_time,single_no_child,renting
311,24,2015,part_time,partnered_no_child,renting
311,25,2016,full_time,partnered_no_child,renting
311,26,2017,part_time,partnered_no_child,renting
311,27,2018,full_time,partnered_with_child,renting
311,28,2019,full_time,partnered_with_child,renting
311,29,2020,part_time,partnered_with_child,renting
311,30,2021,part_time,partnered_with_child,renting
312,18,2008,education,partnered_no_child,parental_home
312,19,2009,education,partnered_no_child,parental_home
312,20,2010,education,partnered_no_child,parental_home
312,21,2011,full_time,partnered_no_child,parental_home
312,22,2012,full_time,partnered_no_child,parental_home
312,23,2013,full_time,single_no_child,parental_home
312,24,2014,full_time,single_no_child,renting
312,25,2015,inactive_care,single_no_child,renting
312,26,2016,inactive_care,single_no_child,renting
312,27,2017,part_time,single_no_child,renting
312,28,2018,part_time,single_no_child,renting
312,29,2019,full_time,single_no_child,owner_occupied
312,30,2020,full_time,partnered_no_child,owner_occupied
313,18,2009,education,single_no_child,other_temporary
313,19,2010,education,single_no_child,renting
313,20,2011,education,single_no_child,renting
313,21,2012,part_time,single_no_child,renting
313,22,2013,unemployed,single_no_child,renting
313,23,2014,part_time,single_no_child,renting
313,24,2015,part_time,single_parent,renting
313,25,2016,full_time,single_parent,owner_occupied
313,26,2017,full_time,single_parent,owner_occupied
313,27,2018,full_time,single_parent,owner_occupied
313,28,2019,full_time,single_parent,owner_occupied
313,29,2020,unemployed,single_parent,owner_occupied
313,30,2021,part_time,single_parent,owner_occupied
314,18,2011,education,single_no_child,other_temporary
314,19,2012,unemployed,single_no_child,other_temporary
314,20,2013,unemployed,single_no_child,other_temporary
314,21,2014,unemployed,partnered_no_child,renting
314,22,2015,part_time,partnered_no_child,renting
314,23,2016,unemployed,partnered_no_child,renting
314,24,2017,unemployed,partnered_no_child,renting
314,25,2018,inactive_care,partnered_with_child,renting
314,26,2019,unemployed,partnered_with_child,renting
314,27,2020,part_time,partnered_with_child,renting
314,28,2021,full_time,partnered_with_child,renting
314,29,2022,full_time,partnered_with_child,renting
314,30,2023,part_time,partnered_with_child,renting
315,18,2012,education,single_no_child,renting
315,19,2013,education,single_no_child,renting
315,20,2014,education,single_no_child,renting
315,21,2015,unemployed,single_no_child,renting
315,22,2016,education,single_no_child,renting
315,23,2017,full_time,single_no_child,renting
315,24,2018,full_time,single_no_child,renting
315,25,2019,full_time,single_no_child,renting
315,26,2020,full_time,partnered_no_child,renting
315,27,2021,full_time,partnered_no_child,renting
315,28,2022,full_time,partnered_no_child,renting
315,29,2023,part_time,partnered_with_child,renting
315,30,2024,full_time,partnered_with_child,renting
316,18,2011,education,single_no_child,renting
316,19,2012,education,single_no_child,renting
316,20,2013,education,single_no_child,renting
316,21,2014,education,single_no_child,renting
316,22,2015,education,single_no_child,renting
316,23,2016,full_time,single_no_child,renting
316,24,2017,full_time,single_no_child,renting
316,25,2018,full_time,single_no_child,renting
316,26,2019,full_time,single_no_child,renting
316,27,2020,full_time,single_no_child,renting
316,28,2021,full_time,partnered_with_child,owner_occupied
316,29,2022,full_time,partnered_with_child,owner_occupied
316,30,2023,part_time,partnered_with_child,owner_occupied
317,18,2010,education,single_no_child,parental_home
317,19,2011,education,single_no_child,parental_home
317,20,2012,education,single_no_child,parental_home
317,21,2013,full_time,single_no_child,parental_home
317,22,2014,full_time,single_no_child,parental_home
317,23,2015,full_time,single_no_child,parental_home
317,24,2016,part_time,single_no_child,renting
317,25,2017,inactive_care,single_no_child,renting
317,26,2018,inactive_care,single_no_child,renting
317,27,2019,part_time,single_no_child,renting
317,28,2020,part_time,single_no_child,renting
317,29,2021,full_time,single_no_child,renting
317,30,2022,full_time,partnered_no_child,renting
318,18,2009,education,single_no_child,parental_home
318,19,2010,education,single_no_child,parental_home
318,20,2011,full_time,single_no_child,renting
318,21,2012,full_time,single_no_child,renting
318,22,2013,unemployed,single_no_child,renting
318,23,2014,full_time,single_no_child,renting
318,24,2015,full_time,single_no_child,renting
318,25,2016,full_time,single_no_child,owner_occupied
318,26,2017,full_time,single_no_child,owner_occupied
318,27,2018,full_time,single_no_child,owner_occupied
318,28,2019,full_time,partnered_no_child,owner_occupied
318,29,2020,full_time,partnered_no_child,owner_occupied
318,30,2021,full_time,partnered_no_child,owner_occupied
319,18,2009,inactive_care,single_no_child,parental_home
319,19,2010,education,single_no_child,renting
319,20,2011,education,single_no_child,renting
319,21,2012,full_time,single_no_child,renting
319,22,2013,part_time,single_no_child,renting
319,23,2014,full_time,single_no_child,renting
319,24,2015,full_time,single_no_child,renting
319,25,2016,inactive_care,single_no_child,renting
319,26,2017,inactive_care,single_no_child,renting
319,27,2018,part_time,single_no_child,renting
319,28,2019,part_time,single_no_child,renting
319,29,2020,full_time,single_no_child,renting
319,30,2021,full_time,partnered_no_child,renting
320,18,2011,education,single_no_child,parental_home
320,19,2012,education,single_no_child,parental_home
320,20,2013,full_time,partnered_no_child,parental_home
320,21,2014,full_time,partnered_no_child,renting
320,22,2015,full_time,partnered_no_child,renting
320,23,2016,full_time,partnered_no_child,renting
320,24,2017,full_time,partnered_no_child,renting
320,25,2018,inactive_care,partnered_no_child,renting
320,26,2019,inactive_care,partnered_with_child,renting
320,27,2020,part_time,partnered_with_child,owner_occupied
320,28,2021,part_time,partnered_with_child,owner_occupied
320,29,2022,full_time,partnered_with_child,owner_occupied
320,30,2023,full_time,partnered_with_child,owner_occupied
321,18,2009,education,single_no_child,parental_home
321,19,2010,education,single_no_child,parental_home
321,20,2011,full_time,single_no_child,renting
321,21,2012,full_time,single_no_child,renting
321,22,2013,full_time,single_no_child,renting
321,23,2014,full_time,partnered_no_child,renting
321,24,2015,full_time,partnered_no_child,renting
321,25,2016,full_time,partnered_no_child,renting
321,26,2017,full_time,partnered_no_child,renting
321,27,2018,full_time,partnered_no_child,renting
321,28,2019,full_time,partnered_no_child,renting
321,29,2020,full_time,partnered_no_child,renting
321,30,2021,full_time,partnered_no_child,renting
322,18,2009,education,single_no_child,parental_home
322,19,2010,education,single_no_child,parental_home
322,20,2011,education,single_no_child,parental_home
322,21,2012,full_time,single_no_child,parental_home
322,22,2013,full_time,single_no_child,renting
322,23,2014,full_time,single_no_child,renting
322,24,2015,full_time,partnered_no_child,renting
322,25,2016,inactive_care,partnered_no_child,renting
322,26,2017,inactive_care,partnered_no_child,renting
322,27,2018,part_time,partnered_no_child,renting
322,28,2019,part_time,partnered_no_child,renting
322,29,2020,full_time,partnered_no_child,renting
322,30,2021,full_time,single_no_child,renting
323,18,2012,education,partnered_no_child,parental_home
323,19,2013,education,partnered_no_child,parental_home
323,20,2014,unemployed,partnered_no_child,parental_home
323,21,2015,education,partnered_no_child,parental_home
323,22,2016,education,partnered_no_child,parental_home
323,23,2017,full_time,partnered_with_child,parental_home
323,24,2018,full_time,partnered_with_child,parental_home
323,25,2019,unemployed,partnered_with_child,other_temporary
323,26,2020,full_time,partnered_with_child,renting
323,27,2021,full_time,partnered_with_child,renting
323,28,2022,part_time,partnered_with_child,renting
323,29,2023,part_time,partnered_with_child,renting
323,30,2024,part_time,partnered_with_child,renting
324,18,2008,education,single_no_child,parental_home
324,19,2009,unemployed,single_no_child,parental_home
324,20,2010,full_time,single_no_child,parental_home
324,21,2011,full_time,single_no_child,parental_home
324,22,2012,full_time,single_no_child,parental_home
324,23,2013,full_time,single_no_child,parental_home
324,24,2014,full_time,single_no_child,renting
324,25,2015,unemployed,single_no_child,renting
324,26,2016,unemployed,single_no_child,renting
324,27,2017,full_time,single_no_child,renting
324,28,2018,full_time,single_no_child,renting
324,29,2019,full_time,single_parent,renting
324,30,2020,full_time,single_parent,renting
325,18,2009,education,single_no_child,parental_home
325,19,2010,education,single_no_child,parental_home
325,20,2011,education,single_no_child,parental_home
325,21,2012,part_time,single_no_child,parental_home
325,22,2013,full_time,single_no_child,parental_home
325,23,2014,full_time,partnered_no_child,renting
325,24,2015,full_time,partnered_no_child,renting
325,25,2016,full_time,partnered_no_child,renting
325,26,2017,full_time,partnered_no_child,renting
325,27,2018,full_time,partnered_no_child,renting
325,28,2019,full_time,partnered_with_child,renting
325,29,2020,full_time,partnered_with_child,renting
325,30,2021,full_time,partnered_with_child,renting
326,18,2009,education,single_no_child,parental_home
326,19,2010,education,single_no_child,renting
326,20,2011,unemployed,single_no_child,other_temporary
326,21,2012,part_time,single_no_child,other_temporary
326,22,2013,full_time,single_no_child,other_temporary
326,23,2014,part_time,single_no_child,renting
326,24,2015,full_time,single_no_child,renting
326,25,2016,unemployed,single_no_child,renting
326,26,2017,unemployed,single_no_child,renting
326,27,2018,full_time,single_no_child,renting
326,28,2019,part_time,single_parent,renting
326,29,2020,full_time,single_parent,renting
326,30,2021,full_time,partnered_with_child,renting
327,18,2009,education,single_no_child,parental_home
327,19,2010,education,single_no_child,parental_home
327,20,2011,education,single_no_child,renting
327,21,2012,education,single_no_child,renting
327,22,2013,education,single_no_child,renting
327,23,2014,unemployed,single_no_child,renting
327,24,2015,full_time,single_parent,renting
327,25,2016,full_time,single_parent,renting
327,26,2017,full_time,single_parent,renting
327,27,2018,full_time,single_parent,renting
327,28,2019,full_time,single_parent,renting
327,29,2020,full_time,single_parent,owner_occupied
327,30,2021,full_time,partnered_with_child,owner_occupied
328,18,2008,education,single_no_child,parental_home
328,19,2009,education,single_no_child,parental_home
328,20,2010,education,single_no_child,parental_home
328,21,2011,education,single_no_child,parental_home
328,22,2012,education,single_no_child,parental_home
328,23,2013,full_time,single_no_child,parental_home
328,24,2014,full_time,single_no_child,other_temporary
328,25,2015,full_time,single_no_child,other_temporary
328,26,2016,full_time,partnered_no_child,other_temporary
328,27,2017,full_time,partnered_no_child,renting
328,28,2018,full_time,partnered_no_child,renting
328,29,2019,full_time,partnered_no_child,renting
328,30,2020,full_time,partnered_no_child,renting
329,18,2010,education,single_no_child,parental_home
329,19,2011,full_time,single_no_child,parental_home
329,20,2012,education,single_no_child,parental_home
329,21,2013,education,single_no_child,parental_home
329,22,2014,education,single_no_child,parental_home
329,23,2015,full_time,partnered_no_child,parental_home
329,24,2016,full_time,partnered_no_child,renting
329,25,2017,full_time,partnered_no_child,renting
329,26,2018,full_time,partnered_no_child,renting
329,27,2019,full_time,partnered_no_child,renting
329,28,2020,full_time,partnered_with_child,renting
329,29,2021,full_time,partnered_with_child,renting
329,30,2022,full_time,partnered_with_child,renting
330,18,2009,education,single_no_child,parental_home
330,19,2010,education,single_no_child,parental_home
330,20,2011,unemployed,single_no_child,parental_home
330,21,2012,inactive_care,single_no_child,parental_home
330,22,2013,full_time,single_no_child,parental_home
330,23,2014,unemployed,single_no_child,parental_home
330,24,2015,full_time,single_no_child,parental_home
330,25,2016,part_time,single_no_child,other_temporary
330,26,2017,unemployed,partnered_no_child,renting
330,27,2018,full_time,partnered_no_child,owner_occupied
330,28,2019,unemployed,partnered_no_child,owner_occupied
330,29,2020,full_time,partnered_no_child,owner_occupied
330,30,2021,full_time,partnered_with_child,owner_occupied
331,18,2012,education,single_no_child,renting
331,19,2013,education,single_no_child,renting
331,20,2014,education,single_no_child,renting
331,21,2015,education,single_no_child,renting
331,22,2016,education,single_no_child,renting
331,23,2017,full_time,single_no_child,renting
331,24,2018,full_time,partnered_no_child,renting
331,25,2019,full_time,partnered_no_child,renting
331,26,2020,full_time,partnered_with_child,owner_occupied
331,27,2021,full_time,partnered_with_child,owner_occupied
331,28,2022,full_time,partnered_with_child,owner_occupied
331,29,2023,inactive_care,partnered_with_child,owner_occupied
331,30,2024,full_time,partnered_with_child,owner_occupied
332,18,2010,education,single_no_child,parental_home
332,19,2011,full_time,single_no_child,renting
332,20,2012,education,single_no_child,renting
332,21,2013,full_time,single_no_child,renting
332,22,2014,unemployed,single_no_child,renting
332,23,2015,part_time,single_no_child,renting
332,24,2016,full_time,partnered_no_child,renting
332,25,2017,inactive_care,partnered_no_child,renting
332,26,2018,inactive_care,partnered_with_child,renting
332,27,2019,part_time,partnered_with_child,renting
332,28,2020,part_time,partnered_with_child,renting
332,29,2021,full_time,partnered_with_child,renting
332,30,2022,full_time,partnered_with_child,renting
333,18,2011,part_time,single_no_child,parental_home
333,19,2012,unemployed,single_no_child,parental_home
333,20,2013,full_time,single_no_child,parental_home
333,21,2014,part_time,single_parent,parental_home
333,22,2015,full_time,partnered_with_child,parental_home
333,23,2016,full_time,partnered_with_child,renting
333,24,2017,full_time,partnered_with_child,renting
333,25,2018,inactive_care,partnered_with_child,renting
333,26,2019,full_time,partnered_with_child,renting
333,27,2020,full_time,partnered_with_child,renting
333,28,2021,full_time,partnered_with_child,renting
333,29,2022,full_time,partnered_with_child,renting
333,30,2023,full_time,partnered_with_child,renting
334,18,2010,education,single_no_child,other_temporary
334,19,2011,education,single_no_child,renting
334,20,2012,education,single_no_child,renting
334,21,2013,education,single_no_child,renting
334,22,2014,education,single_no_child,renting
334,23,2015,full_time,single_no_child,renting
334,24,2016,full_time,partnered_no_child,renting
334,25,2017,full_time,partnered_no_child,renting
334,26,2018,full_time,partnered_no_child,renting
334,27,2019,full_time,partnered_no_child,renting
334,28,2020,full_time,partnered_no_child,renting
334,29,2021,full_time,partnered_no_child,renting
334,30,2022,full_time,partnered_no_child,owner_occupied
335,18,2009,inactive_care,single_no_child,parental_home
335,19,2010,education,single_no_child,renting
335,20,2011,unemployed,single_no_child,renting
335,21,2012,part_time,single_no_child,renting
335,22,2013,full_time,partnered_no_child,renting
335,23,2014,unemployed,partnered_no_child,renting
335,24,2015,full_time,partnered_no_child,owner_occupied
335,25,2016,part_time,partnered_no_child,owner_occupied
335,26,2017,unemployed,partnered_no_child,owner_occupied
335,27,2018,full_time,partnered_no_child,owner_occupied
335,28,2019,part_time,partnered_with_child,owner_occupied
335,29,2020,full_time,partnered_with_child,owner_occupied
335,30,2021,full_time,partnered_with_child,owner_occupied
336,18,2012,education,single_no_child,parental_home
336,19,2013,education,single_no_child,parental_home
336,20,2014,education,single_no_child,parental_home
336,21,2015,education,single_no_child,renting
336,22,2016,education,single_no_child,renting
336,23,2017,part_time,single_no_child,renting
336,24,2018,full_time,single_no_child,renting
336,25,2019,full_time,partnered_no_child,renting
336,26,2020,full_time,partnered_no_child,owner_occupied
336,27,2021,full_time,partnered_no_child,owner_occupied
336,28,2022,full_time,partnered_with_child,owner_occupied
336,29,2023,full_time,partnered_with_child,owner_occupied
336,30,2024,full_time,partnered_with_child,owner_occupied
337,18,2008,education,single_no_child,parental_home
337,19,2009,education,single_no_child,parental_home
337,20,2010,education,single_no_child,parental_home
337,21,2011,full_time,single_no_child,parental_home
337,22,2012,inactive_care,single_no_child,parental_home
337,23,2013,full_time,single_no_child,parental_home
337,24,2014,full_time,single_no_child,parental_home
337,25,2015,inactive_care,single_no_child,parental_home
337,26,2016,inactive_care,single_no_child,parental_home
337,27,2017,part_time,single_no_child,parental_home
337,28,2018,part_time,single_no_child,parental_home
337,29,2019,full_time,single_no_child,other_temporary
337,30,2020,full_time,single_no_child,other_temporary
338,18,2010,education,single_no_child,parental_home
338,19,2011,education,single_no_child,parental_home
338,20,2012,unemployed,single_no_child,renting
338,21,2013,part_time,partnered_no_child,renting
338,22,2014,full_time,partnered_no_child,renting
338,23,2015,unemployed,partnered_no_child,renting
338,24,2016,full_time,partnered_no_child,renting
338,25,2017,part_time,partnered_no_child,renting
338,26,2018,unemployed,partnered_no_child,renting
338,27,2019,full_time,partnered_no_child,renting
338,28,2020,part_time,partnered_no_child,renting
338,29,2021,full_time,partnered_no_child,renting
338,30,2022,unemployed,partnered_no_child,renting
339,18,2012,education,single_no_child,parental_home
339,19,2013,education,single_no_child,parental_home
339,20,2014,full_time,single_no_child,parental_home
339,21,2015,full_time,single_no_child,parental_home
339,22,2016,full_time,single_no_child,parental_home
339,23,2017,full_time,single_no_child,parental_home
339,24,2018,full_time,single_no_child,renting
339,25,2019,inactive_care,single_no_child,renting
339,26,2020,full_time,single_no_child,renting
339,27,2021,full_time,single_no_child,renting
339,28,2022,full_time,single_no_child,renting
339,29,2023,full_time,single_no_child,renting
339,30,2024,full_time,single_no_child,renting
340,18,2008,education,single_no_child,parental_home
340,19,2009,education,single_no_child,parental_home
340,20,2010,unemployed,single_no_child,parental_home
340,21,2011,full_time,single_no_child,parental_home
340,22,2012,full_time,single_no_child,parental_home
340,23,2013,unemployed,single_no_child,parental_home
340,24,2014,full_time,single_no_child,parental_home
340,25,2015,part_time,single_no_child,parental_home
340,26,2016,unemployed,single_no_child,renting
340,27,2017,full_time,partnered_no_child,renting
340,28,2018,part_time,partnered_no_child,renting
340,29,2019,full_time,partnered_no_child,renting
340,30,2020,full_time,partnered_no_child,renting
341,18,2009,education,single_no_child,parental_home
341,19,2010,education,single_no_child,parental_home
341,20,2011,full_time,single_no_child,parental_home
341,21,2012,full_time,single_no_child,parental_home
341,22,2013,full_time,single_no_child,renting
341,23,2014,full_time,single_no_child,renting
341,24,2015,full_time,single_no_child,renting
341,25,2016,full_time,partnered_no_child,renting
341,26,2017,full_time,partnered_no_child,renting
341,27,2018,full_time,partnered_no_child,renting
341,28,2019,full_time,partnered_no_child,renting
341,29,2020,full_time,partnered_no_child,renting
341,30,2021,full_time,partnered_no_child,renting
342,18,2012,education,single_no_child,parental_home
342,19,2013,education,single_no_child,parental_home
342,20,2014,full_time,single_no_child,parental_home
342,21,2015,full_time,single_no_child,renting
342,22,2016,full_time,single_no_child,renting
342,23,2017,full_time,single_parent,renting
342,24,2018,full_time,single_parent,renting
342,25,2019,full_time,single_parent,renting
342,26,2020,full_time,single_parent,renting
342,27,2021,full_time,single_parent,renting
342,28,2022,full_time,single_parent,renting
342,29,2023,full_time,single_parent,renting
342,30,2024,full_time,partnered_with_child,renting
343,18,2011,education,single_no_child,parental_home
343,19,2012,education,single_no_child,renting
343,20,2013,education,partnered_no_child,renting
343,21,2014,full_time,partnered_no_child,renting
343,22,2015,inactive_care,partnered_with_child,renting
343,23,2016,full_time,partnered_with_child,renting
343,24,2017,full_time,partnered_with_child,renting
343,25,2018,inactive_care,partnered_with_child,renting
343,26,2019,inactive_care,partnered_with_child,renting
343,27,2020,part_time,partnered_with_child,renting
343,28,2021,part_time,partnered_with_child,renting
343,29,2022,full_time,partnered_with_child,renting
343,30,2023,full_time,partnered_with_child,renting
344,18,2008,education,single_no_child,parental_home
344,19,2009,education,partnered_no_child,parental_home
344,20,2010,full_time,partnered_no_child,renting
344,21,2011,part_time,partnered_no_child,renting
344,22,2012,full_time,partnered_no_child,renting
344,23,2013,full_time,partnered_no_child,renting
344,24,2014,full_time,partnered_no_child,renting
344,25,2015,full_time,partnered_no_child,renting
344,26,2016,full_time,partnered_no_child,renting
344,27,2017,full_time,partnered_with_child,renting
344,28,2018,full_time,partnered_with_child,renting
344,29,2019,full_time,partnered_with_child,renting
344,30,2020,full_time,partnered_with_child,renting
345,18,2008,education,single_no_child,renting
345,19,2009,education,single_no_child,renting
345,20,2010,education,single_no_child,renting
345,21,2011,education,single_no_child,renting
345,22,2012,education,partnered_no_child,renting
345,23,2013,inactive_care,partnered_no_child,renting
345,24,2014,full_time,partnered_no_child,renting
345,25,2015,full_time,partnered_no_child,renting
345,26,2016,part_time,partnered_no_child,renting
345,27,2017,full_time,partnered_no_child,renting
345,28,2018,full_time,partnered_no_child,renting
345,29,2019,full_time,partnered_no_child,renting
345,30,2020,full_time,partnered_with_child,renting
346,18,2008,education,single_no_child,parental_home
346,19,2009,education,single_no_child,renting
346,20,2010,education,single_no_child,renting
346,21,2011,part_time,single_no_child,renting
346,22,2012,full_time,partnered_no_child,renting
346,23,2013,full_time,partnered_no_child,renting
346,24,2014,full_time,partnered_no_child,renting
346,25,2015,inactive_care,partnered_no_child,renting
346,26,2016,inactive_care,partnered_with_child,renting
346,27,2017,part_time,partnered_with_child,renting
346,28,2018,part_time,partnered_with_child,renting
346,29,2019,full_time,partnered_with_child,renting
346,30,2020,full_time,partnered_with_child,renting
347,18,2012,education,single_no_child,renting
347,19,2013,education,single_no_child,renting
347,20,2014,education,single_no_child,renting
347,21,2015,education,single_no_child,renting
347,22,2016,education,single_no_child,renting
347,23,2017,full_time,single_no_child,renting
347,24,2018,full_time,single_no_child,renting
347,25,2019,full_time,single_no_child,renting
347,26,2020,full_time,single_no_child,renting
347,27,2021,full_time,single_no_child,renting
347,28,2022,full_time,single_no_child,renting
347,29,2023,full_time,single_no_child,renting
347,30,2024,full_time,single_no_child,renting
348,18,2011,education,single_no_child,renting
348,19,2012,education,single_no_child,renting
348,20,2013,full_time,single_no_child,renting
348,21,2014,full_time,partnered_no_child,renting
348,22,2015,full_time,partnered_no_child,renting
348,23,2016,full_time,partnered_no_child,renting
348,24,2017,full_time,partnered_no_child,renting
348,25,2018,full_time,partnered_no_child,renting
348,26,2019,full_time,partnered_no_child,renting
348,27,2020,full_time,partnered_no_child,renting
348,28,2021,inactive_care,partnered_no_child,renting
348,29,2022,full_time,partnered_with_child,renting
348,30,2023,full_time,partnered_with_child,renting
349,18,2010,part_time,single_no_child,renting
349,19,2011,education,single_no_child,renting
349,20,2012,education,single_no_child,renting
349,21,2013,unemployed,single_no_child,other_temporary
349,22,2014,full_time,single_no_child,other_temporary
349,23,2015,part_time,single_no_child,other_temporary
349,24,2016,part_time,partnered_no_child,renting
349,25,2017,inactive_care,partnered_no_child,renting
349,26,2018,full_time,partnered_no_child,renting
349,27,2019,full_time,partnered_with_child,owner_occupied
349,28,2020,full_time,partnered_with_child,owner_occupied
349,29,2021,full_time,partnered_with_child,owner_occupied
349,30,2022,full_time,partnered_with_child,owner_occupied
350,18,2010,education,single_no_child,parental_home
350,19,2011,education,single_no_child,parental_home
350,20,2012,education,single_no_child,parental_home
350,21,2013,unemployed,single_no_child,parental_home
350,22,2014,education,single_no_child,parental_home
350,23,2015,full_time,single_no_child,renting
350,24,2016,full_time,single_no_child,renting
350,25,2017,inactive_care,single_no_child,renting
350,26,2018,full_time,single_no_child,renting
350,27,2019,full_time,single_no_child,renting
350,28,2020,full_time,single_no_child,renting
350,29,2021,full_time,single_no_child,renting
350,30,2022,full_time,single_no_child,owner_occupied
351,18,2010,education,single_no_child,parental_home
351,19,2011,education,single_no_child,parental_home
351,20,2012,full_time,single_no_child,parental_home
351,21,2013,full_time,single_no_child,renting
351,22,2014,full_time,single_parent,renting
351,23,2015,full_time,single_parent,renting
351,24,2016,full_time,single_parent,renting
351,25,2017,full_time,single_parent,renting
351,26,2018,full_time,single_parent,renting
351,27,2019,full_time,single_parent,renting
351,28,2020,full_time,single_parent,renting
351,29,2021,full_time,single_parent,renting
351,30,2022,full_time,partnered_with_child,renting
352,18,2010,education,partnered_no_child,parental_home
352,19,2011,education,partnered_no_child,parental_home
352,20,2012,education,partnered_no_child,parental_home
352,21,2013,education,partnered_no_child,parental_home
352,22,2014,education,partnered_no_child,parental_home
352,23,2015,inactive_care,partnered_no_child,renting
352,24,2016,full_time,partnered_no_child,renting
352,25,2017,full_time,partnered_no_child,renting
352,26,2018,full_time,partnered_no_child,renting
352,27,2019,full_time,partnered_no_child,renting
352,28,2020,full_time,partnered_no_child,renting
352,29,2021,full_time,partnered_no_child,renting
352,30,2022,unemployed,partnered_no_child,renting
353,18,2008,education,single_no_child,parental_home
353,19,2009,education,single_no_child,parental_home
353,20,2010,education,single_no_child,parental_home
353,21,2011,education,partnered_no_child,parental_home
353,22,2012,education,partnered_no_child,parental_home
353,23,2013,full_time,partnered_no_child,parental_home
353,24,2014,full_time,partnered_no_child,renting
353,25,2015,full_time,partnered_no_child,renting
353,26,2016,full_time,partnered_no_child,renting
353,27,2017,full_time,partnered_no_child,renting
353,28,2018,full_time,partnered_with_child,renting
353,29,2019,full_time,partnered_with_child,renting
353,30,2020,unemployed,single_parent,renting
354,18,2009,education,single_no_child,parental_home
354,19,2010,education,single_no_child,parental_home
354,20,2011,unemployed,single_no_child,parental_home
354,21,2012,part_time,single_no_child,parental_home
354,22,2013,full_time,single_no_child,parental_home
354,23,2014,full_time,single_no_child,parental_home
354,24,2015,full_time,partnered_no_child,parental_home
354,25,2016,part_time,partnered_no_child,renting
354,26,2017,unemployed,partnered_with_child,renting
354,27,2018,full_time,partnered_with_child,renting
354,28,2019,part_time,partnered_with_child,renting
354,29,2020,full_time,partnered_with_child,renting
354,30,2021,full_time,partnered_with_child,renting
355,18,2008,full_time,single_no_child,parental_home
355,19,2009,education,single_no_child,renting
355,20,2010,education,single_no_child,renting
355,21,2011,unemployed,single_no_child,renting
355,22,2012,unemployed,single_no_child,renting
355,23,2013,part_time,single_no_child,renting
355,24,2014,unemployed,single_no_child,renting
355,25,2015,part_time,single_no_child,renting
355,26,2016,full_time,single_no_child,renting
355,27,2017,full_time,single_no_child,renting
355,28,2018,full_time,single_parent,renting
355,29,2019,full_time,single_parent,renting
355,30,2020,full_time,partnered_with_child,renting
356,18,2012,education,single_no_child,parental_home
356,19,2013,education,single_no_child,parental_home
356,20,2014,full_time,single_no_child,parental_home
356,21,2015,full_time,single_no_child,parental_home
356,22,2016,full_time,single_no_child,parental_home
356,23,2017,full_time,single_no_child,parental_home
356,24,2018,full_time,single_no_child,parental_home
356,25,2019,full_time,single_no_child,parental_home
356,26,2020,full_time,partnered_no_child,parental_home
356,27,2021,full_time,partnered_no_child,renting
356,28,2022,inactive_care,partnered_no_child,renting
356,29,2023,full_time,partnered_no_child,renting
356,30,2024,full_time,single_parent,renting
357,18,2009,education,single_no_child,parental_home
357,19,2010,part_time,single_no_child,parental_home
357,20,2011,education,partnered_no_child,parental_home
357,21,2012,education,partnered_no_child,other_temporary
357,22,2013,education,partnered_no_child,other_temporary
357,23,2014,full_time,partnered_no_child,renting
357,24,2015,full_time,partnered_with_child,renting
357,25,2016,full_time,partnered_with_child,renting
357,26,2017,full_time,partnered_with_child,renting
357,27,2018,full_time,single_parent,renting
357,28,2019,full_time,single_parent,renting
357,29,2020,full_time,single_parent,renting
357,30,2021,full_time,single_parent,renting
358,18,2010,education,single_no_child,parental_home
358,19,2011,education,single_no_child,parental_home
358,20,2012,education,partnered_no_child,parental_home
358,21,2013,part_time,partnered_no_child,parental_home
358,22,2014,full_time,partnered_no_child,parental_home
358,23,2015,full_time,partnered_no_child,parental_home
358,24,2016,full_time,partnered_no_child,parental_home
358,25,2017,inactive_care,partnered_no_child,parental_home
358,26,2018,inactive_care,single_no_child,renting
358,27,2019,part_time,single_no_child,owner_occupied
358,28,2020,part_time,single_no_child,owner_occupied
358,29,2021,unemployed,single_no_child,owner_occupied
358,30,2022,full_time,single_no_child,owner_occupied
359,18,2011,education,single_no_child,parental_home
359,19,2012,education,single_no_child,parental_home
359,20,2013,part_time,single_no_child,renting
359,21,2014,education,single_no_child,renting
359,22,2015,education,single_no_child,renting
359,23,2016,full_time,single_no_child,renting
359,24,2017,full_time,single_no_child,renting
359,25,2018,full_time,single_no_child,renting
359,26,2019,unemployed,single_no_child,renting
359,27,2020,full_time,single_no_child,renting
359,28,2021,full_time,single_no_child,renting
359,29,2022,full_time,single_no_child,renting
359,30,2023,full_time,single_parent,renting
360,18,2010,education,single_no_child,parental_home
360,19,2011,education,single_no_child,parental_home
360,20,2012,education,single_no_child,parental_home
360,21,2013,full_time,single_no_child,parental_home
360,22,2014,education,single_no_child,parental_home
360,23,2015,full_time,single_parent,parental_home
360,24,2016,full_time,single_parent,parental_home
360,25,2017,full_time,single_parent,renting
360,26,2018,full_time,single_parent,renting
360,27,2019,full_time,partnered_with_child,renting
360,28,2020,full_time,partnered_with_child,owner_occupied
360,29,2021,full_time,partnered_with_child,owner_occupied
360,30,2022,full_time,partnered_with_child,owner_occupied
361,18,2012,education,single_no_child,parental_home
361,19,2013,education,single_no_child,parental_home
361,20,2014,education,single_no_child,other_temporary
361,21,2015,education,single_no_child,renting
361,22,2016,education,single_no_child,renting
361,23,2017,full_time,partnered_no_child,renting
361,24,2018,full_time,partnered_no_child,renting
361,25,2019,full_time,partnered_no_child,renting
361,26,2020,full_time,partnered_no_child,renting
361,27,2021,part_time,partnered_no_child,renting
361,28,2022,full_time,single_no_child,renting
361,29,2023,full_time,single_no_child,renting
361,30,2024,full_time,single_no_child,renting
362,18,2010,education,single_no_child,parental_home
362,19,2011,education,single_no_child,parental_home
362,20,2012,education,single_no_child,parental_home
362,21,2013,education,single_no_child,parental_home
362,22,2014,education,single_no_child,parental_home
362,23,2015,part_time,single_no_child,parental_home
362,24,2016,full_time,single_no_child,parental_home
362,25,2017,full_time,single_no_child,parental_home
362,26,2018,part_time,single_no_child,parental_home
362,27,2019,full_time,single_no_child,parental_home
362,28,2020,full_time,partnered_no_child,renting
362,29,2021,unemployed,partnered_no_child,renting
362,30,2022,full_time,partnered_no_child,renting
363,18,2008,education,single_no_child,parental_home
363,19,2009,education,single_no_child,parental_home
363,20,2010,full_time,single_no_child,parental_home
363,21,2011,full_time,single_no_child,renting
363,22,2012,full_time,single_no_child,renting
363,23,2013,full_time,single_no_child,renting
363,24,2014,full_time,single_no_child,renting
363,25,2015,full_time,single_no_child,renting
363,26,2016,full_time,single_no_child,renting
363,27,2017,part_time,single_no_child,renting
363,28,2018,full_time,single_parent,renting
363,29,2019,full_time,single_parent,renting
363,30,2020,full_time,single_parent,renting
364,18,2009,education,single_no_child,parental_home
364,19,2010,education,single_no_child,parental_home
364,20,2011,full_time,single_no_child,parental_home
364,21,2012,full_time,single_no_child,parental_home
364,22,2013,full_time,single_no_child,parental_home
364,23,2014,full_time,single_no_child,parental_home
364,24,2015,full_time,single_no_child,parental_home
364,25,2016,inactive_care,single_no_child,renting
364,26,2017,full_time,single_no_child,owner_occupied
364,27,2018,part_time,single_no_child,owner_occupied
364,28,2019,part_time,single_no_child,owner_occupied
364,29,2020,full_time,single_parent,owner_occupied
364,30,2021,full_time,single_parent,owner_occupied
365,18,2011,part_time,single_no_child,renting
365,19,2012,education,single_no_child,renting
365,20,2013,unemployed,single_no_child,renting
365,21,2014,unemployed,single_no_child,renting
365,22,2015,full_time,single_no_child,renting
365,23,2016,unemployed,single_no_child,renting
365,24,2017,full_time,single_no_child,renting
365,25,2018,part_time,single_no_child,renting
365,26,2019,unemployed,partnered_no_child,renting
365,27,2020,full_time,partnered_no_child,renting
365,28,2021,part_time,partnered_no_child,renting
365,29,2022,full_time,partnered_no_child,renting
365,30,2023,part_time,partnered_no_child,renting
366,18,2008,education,single_no_child,parental_home
366,19,2009,unemployed,single_no_child,parental_home
366,20,2010,unemployed,single_no_child,parental_home
366,21,2011,unemployed,single_no_child,renting
366,22,2012,part_time,single_no_child,renting
366,23,2013,unemployed,single_no_child,renting
366,24,2014,unemployed,single_no_child,renting
366,25,2015,inactive_care,single_no_child,renting
366,26,2016,unemployed,single_no_child,renting
366,27,2017,part_time,single_no_child,renting
366,28,2018,unemployed,single_no_child,renting
366,29,2019,full_time,single_no_child,renting
366,30,2020,part_time,partnered_no_child,renting
367,18,2011,education,single_no_child,parental_home
367,19,2012,education,single_no_child,parental_home
367,20,2013,education,single_no_child,parental_home
367,21,2014,full_time,single_no_child,parental_home
367,22,2015,full_time,single_no_child,parental_home
367,23,2016,full_time,single_no_child,parental_home
367,24,2017,full_time,single_no_child,parental_home
367,25,2018,inactive_care,single_no_child,parental_home
367,26,2019,inactive_care,partnered_with_child,parental_home
367,27,2020,part_time,partnered_with_child,parental_home
367,28,2021,part_time,partnered_with_child,renting
367,29,2022,full_time,partnered_with_child,renting
367,30,2023,part_time,partnered_with_child,renting
368,18,2010,education,single_no_child,parental_home
368,19,2011,education,single_no_child,parental_home
368,20,2012,education,single_no_child,parental_home
368,21,2013,education,single_no_child,parental_home
368,22,2014,education,single_no_child,parental_home
368,23,2015,full_time,single_no_child,parental_home
368,24,2016,full_time,single_no_child,parental_home
368,25,2017,full_time,single_no_child,parental_home
368,26,2018,full_time,single_no_child,parental_home
368,27,2019,full_time,single_no_child,parental_home
368,28,2020,full_time,single_no_child,parental_home
368,29,2021,full_time,partnered_no_child,parental_home
368,30,2022,full_time,partnered_no_child,renting
369,18,2008,education,single_no_child,parental_home
369,19,2009,education,single_no_child,parental_home
369,20,2010,education,single_no_child,parental_home
369,21,2011,education,single_no_child,parental_home
369,22,2012,education,single_no_child,other_temporary
369,23,2013,full_time,single_no_child,other_temporary
369,24,2014,full_time,single_no_child,renting
369,25,2015,full_time,single_no_child,renting
369,26,2016,full_time,single_no_child,renting
369,27,2017,part_time,single_no_child,renting
369,28,2018,full_time,single_no_child,renting
369,29,2019,full_time,single_no_child,renting
369,30,2020,full_time,partnered_no_child,renting
370,18,2010,education,single_no_child,parental_home
370,19,2011,education,single_no_child,parental_home
370,20,2012,unemployed,single_no_child,parental_home
370,21,2013,unemployed,single_no_child,renting
370,22,2014,education,single_no_child,renting
370,23,2015,full_time,single_no_child,renting
370,24,2016,full_time,single_no_child,renting
370,25,2017,part_time,single_no_child,renting
370,26,2018,full_time,partnered_no_child,renting
370,27,2019,full_time,partnered_no_child,renting
370,28,2020,full_time,partnered_with_child,renting
370,29,2021,full_time,partnered_with_child,renting
370,30,2022,full_time,partnered_with_child,owner_occupied
371,18,2012,part_time,single_no_child,parental_home
371,19,2013,education,single_no_child,renting
371,20,2014,education,single_no_child,renting
371,21,2015,unemployed,single_no_child,renting
371,22,2016,unemployed,single_parent,renting
371,23,2017,part_time,single_parent,renting
371,24,2018,part_time,single_parent,renting
371,25,2019,full_time,single_parent,renting
371,26,2020,full_time,single_parent,renting
371,27,2021,full_time,single_parent,renting
371,28,2022,full_time,single_parent,renting
371,29,2023,full_time,partnered_with_child,renting
371,30,2024,full_time,partnered_with_child,renting
372,18,2008,education,single_no_child,parental_home
372,19,2009,education,single_no_child,parental_home
372,20,2010,full_time,single_no_child,parental_home
372,21,2011,full_time,single_no_child,parental_home
372,22,2012,full_time,partnered_no_child,renting
372,23,2013,full_time,partnered_no_child,renting
372,24,2014,full_time,partnered_no_child,renting
372,25,2015,full_time,partnered_no_child,renting
372,26,2016,full_time,partnered_no_child,renting
372,27,2017,full_time,partnered_no_child,renting
372,28,2018,full_time,partnered_no_child,renting
372,29,2019,full_time,partnered_no_child,renting
372,30,2020,full_time,partnered_no_child,renting
373,18,2012,education,single_no_child,parental_home
373,19,2013,education,single_no_child,parental_home
373,20,2014,education,single_no_child,parental_home
373,21,2015,full_time,single_no_child,parental_home
373,22,2016,full_time,single_no_child,parental_home
373,23,2017,full_time,single_no_child,parental_home
373,24,2018,unemployed,single_no_child,parental_home
373,25,2019,inactive_care,single_no_child,renting
373,26,2020,inactive_care,partnered_with_child,renting
373,27,2021,part_time,partnered_with_child,renting
373,28,2022,part_time,partnered_with_child,renting
373,29,2023,full_time,partnered_with_child,renting
373,30,2024,full_time,partnered_with_child,renting
374,18,2008,education,single_no_child,parental_home
374,19,2009,education,single_no_child,parental_home
374,20,2010,education,single_no_child,parental_home
374,21,2011,education,single_no_child,parental_home
374,22,2012,education,single_no_child,parental_home
374,23,2013,full_time,single_no_child,parental_home
374,24,2014,full_time,single_no_child,parental_home
374,25,2015,full_time,single_no_child,parental_home
374,26,2016,full_time,single_no_child,parental_home
374,27,2017,full_time,single_no_child,other_temporary
374,28,2018,full_time,single_no_child,other_temporary
374,29,2019,full_time,single_no_child,other_temporary
374,30,2020,full_time,single_no_child,other_temporary
375,18,2008,education,single_no_child,parental_home
375,19,2009,education,single_no_child,parental_home
375,20,2010,full_time,single_no_child,parental_home
375,21,2011,full_time,single_no_child,parental_home
375,22,2012,full_time,partnered_with_child,parental_home
375,23,2013,full_time,partnered_with_child,parental_home
375,24,2014,full_time,partnered_with_child,parental_home
375,25,2015,full_time,partnered_with_child,renting
375,26,2016,full_time,partnered_with_child,renting
375,27,2017,part_time,partnered_with_child,renting
375,28,2018,full_time,partnered_with_child,renting
375,29,2019,full_time,partnered_with_child,renting
375,30,2020,full_time,partnered_with_child,renting
376,18,2011,education,single_no_child,parental_home
376,19,2012,education,partnered_no_child,parental_home
376,20,2013,education,partnered_no_child,parental_home
376,21,2014,full_time,partnered_no_child,parental_home
376,22,2015,full_time,partnered_no_child,renting
376,23,2016,full_time,partnered_no_child,renting
376,24,2017,full_time,partnered_no_child,renting
376,25,2018,inactive_care,partnered_no_child,renting
376,26,2019,inactive_care,partnered_no_child,renting
376,27,2020,inactive_care,partnered_no_child,renting
376,28,2021,part_time,partnered_no_child,renting
376,29,2022,full_time,partnered_no_child,renting
376,30,2023,full_time,partnered_with_child,renting
377,18,2010,education,single_no_child,parental_home
377,19,2011,education,single_no_child,parental_home
377,20,2012,education,single_no_child,parental_home
377,21,2013,full_time,single_no_child,parental_home
377,22,2014,full_time,single_no_child,parental_home
377,23,2015,full_time,single_no_child,parental_home
377,24,2016,full_time,single_no_child,parental_home
377,25,2017,inactive_care,single_parent,parental_home
377,26,2018,inactive_care,single_parent,renting
377,27,2019,part_time,single_parent,renting
377,28,2020,inactive_care,single_parent,renting
377,29,2021,full_time,partnered_with_child,owner_occupied
377,30,2022,full_time,partnered_with_child,owner_occupied
378,18,2011,education,single_no_child,parental_home
378,19,2012,education,single_no_child,parental_home
378,20,2013,unemployed,single_no_child,parental_home
378,21,2014,part_time,single_no_child,parental_home
378,22,2015,full_time,single_no_child,parental_home
378,23,2016,unemployed,partnered_no_child,parental_home
378,24,2017,full_time,partnered_no_child,parental_home
378,25,2018,part_time,partnered_no_child,other_temporary
378,26,2019,full_time,partnered_no_child,owner_occupied
378,27,2020,full_time,partnered_no_child,owner_occupied
378,28,2021,part_time,partnered_no_child,owner_occupied
378,29,2022,full_time,partnered_no_child,owner_occupied
378,30,2023,full_time,partnered_no_child,owner_occupied
379,18,2011,education,partnered_no_child,parental_home
379,19,2012,part_time,partnered_no_child,renting
379,20,2013,unemployed,partnered_no_child,renting
379,21,2014,part_time,partnered_no_child,renting
379,22,2015,full_time,partnered_no_child,renting
379,23,2016,unemployed,partnered_no_child,renting
379,24,2017,full_time,single_no_child,renting
379,25,2018,part_time,single_no_child,renting
379,26,2019,unemployed,single_no_child,renting
379,27,2020,full_time,single_no_child,renting
379,28,2021,part_time,single_no_child,renting
379,29,2022,full_time,single_no_child,renting
379,30,2023,full_time,single_no_child,renting
380,18,2009,education,single_no_child,parental_home
380,19,2010,education,single_no_child,parental_home
380,20,2011,education,single_no_child,parental_home
380,21,2012,full_time,single_no_child,renting
380,22,2013,full_time,single_no_child,renting
380,23,2014,full_time,single_no_child,renting
380,24,2015,full_time,single_no_child,renting
380,25,2016,inactive_care,single_no_child,renting
380,26,2017,inactive_care,single_no_child,renting
380,27,2018,part_time,single_no_child,renting
380,28,2019,part_time,single_no_child,renting
380,29,2020,full_time,single_no_child,owner_occupied
380,30,2021,full_time,partnered_with_child,owner_occupied
381,18,2008,education,single_no_child,renting
381,19,2009,education,single_no_child,renting
381,20,2010,education,single_no_child,renting
381,21,2011,education,single_no_child,renting
381,22,2012,education,single_no_child,renting
381,23,2013,full_time,single_no_child,renting
381,24,2014,full_time,single_no_child,owner_occupied
381,25,2015,full_time,partnered_no_child,owner_occupied
381,26,2016,full_time,partnered_no_child,owner_occupied
381,27,2017,full_time,partnered_no_child,owner_occupied
381,28,2018,part_time,partnered_no_child,owner_occupied
381,29,2019,full_time,partnered_with_child,owner_occupied
381,30,2020,full_time,partnered_with_child,owner_occupied
382,18,2009,education,single_no_child,parental_home
382,19,2010,education,single_no_child,parental_home
382,20,2011,education,single_no_child,parental_home
382,21,2012,full_time,single_no_child,parental_home
382,22,2013,education,single_no_child,parental_home
382,23,2014,full_time,single_no_child,parental_home
382,24,2015,full_time,single_no_child,parental_home
382,25,2016,full_time,single_no_child,renting
382,26,2017,full_time,single_no_child,renting
382,27,2018,full_time,partnered_with_child,renting
382,28,2019,full_time,partnered_with_child,renting
382,29,2020,full_time,partnered_with_child,renting
382,30,2021,full_time,partnered_with_child,renting
383,18,2008,education,single_no_child,parental_home
383,19,2009,education,single_no_child,parental_home
383,20,2010,education,single_no_child,parental_home
383,21,2011,unemployed,single_no_child,parental_home
383,22,2012,unemployed,single_no_child,parental_home
383,23,2013,part_time,single_no_child,parental_home
383,24,2014,full_time,single_no_child,other_temporary
383,25,2015,full_time,single_no_child,other_temporary
383,26,2016,full_time,single_no_child,other_temporary
383,27,2017,part_time,single_no_child,other_temporary
383,28,2018,full_time,single_no_child,renting
383,29,2019,full_time,single_parent,renting
383,30,2020,full_time,single_parent,renting
384,18,2011,education,single_no_child,parental_home
384,19,2012,education,single_no_child,parental_home
384,20,2013,full_time,single_no_child,parental_home
384,21,2014,education,single_parent,parental_home
384,22,2015,education,single_parent,parental_home
384,23,2016,full_time,single_parent,parental_home
384,24,2017,full_time,single_parent,renting
384,25,2018,full_time,single_parent,renting
384,26,2019,full_time,single_parent,renting
384,27,2020,full_time,single_parent,renting
384,28,2021,full_time,single_parent,renting
384,29,2022,part_time,single_parent,renting
384,30,2023,full_time,single_parent,renting
385,18,2011,education,single_no_child,parental_home
385,19,2012,education,single_no_child,parental_home
385,20,2013,full_time,single_no_child,parental_home
385,21,2014,full_time,single_no_child,parental_home
385,22,2015,full_time,single_no_child,renting
385,23,2016,full_time,single_no_child,renting
385,24,2017,part_time,single_no_child,renting
385,25,2018,full_time,partnered_no_child,renting
385,26,2019,full_time,partnered_no_child,renting
385,27,2020,full_time,partnered_with_child,renting
385,28,2021,full_time,partnered_with_child,renting
385,29,2022,full_time,partnered_with_child,renting
385,30,2023,inactive_care,partnered_with_child,renting
386,18,2008,education,single_no_child,parental_home
386,19,2009,education,single_no_child,parental_home
386,20,2010,education,single_no_child,parental_home
386,21,2011,education,single_no_child,parental_home
386,22,2012,education,single_no_child,parental_home
386,23,2013,full_time,single_no_child,parental_home
386,24,2014,full_time,single_no_child,parental_home
386,25,2015,full_time,single_no_child,renting
386,26,2016,full_time,single_no_child,renting
386,27,2017,full_time,single_no_child,renting
386,28,2018,full_time,partnered_no_child,renting
386,29,2019,full_time,partnered_no_child,renting
386,30,2020,full_time,partnered_no_child,renting
387,18,2010,education,single_no_child,parental_home
387,19,2011,full_time,partnered_no_child,parental_home
387,20,2012,education,partnered_no_child,renting
387,21,2013,education,partnered_no_child,renting
387,22,2014,education,partnered_no_child,renting
387,23,2015,full_time,partnered_no_child,renting
387,24,2016,full_time,partnered_no_child,renting
387,25,2017,full_time,partnered_no_child,renting
387,26,2018,full_time,partnered_no_child,renting
387,27,2019,full_time,partnered_no_child,owner_occupied
387,28,2020,full_time,partnered_no_child,owner_occupied
387,29,2021,full_time,partnered_no_child,owner_occupied
387,30,2022,full_time,partnered_with_child,owner_occupied
388,18,2008,education,single_no_child,renting
388,19,2009,education,single_no_child,renting
388,20,2010,unemployed,single_no_child,renting
388,21,2011,part_time,single_no_child,renting
388,22,2012,unemployed,single_no_child,renting
388,23,2013,unemployed,single_no_child,renting
388,24,2014,full_time,single_no_child,renting
388,25,2015,part_time,partnered_no_child,renting
388,26,2016,unemployed,single_parent,renting
388,27,2017,full_time,single_parent,renting
388,28,2018,part_time,single_parent,renting
388,29,2019,full_time,single_parent,renting
388,30,2020,full_time,single_parent,renting
389,18,2010,education,single_no_child,parental_home
389,19,2011,education,single_no_child,parental_home
389,20,2012,education,single_no_child,parental_home
389,21,2013,unemployed,single_no_child,parental_home
389,22,2014,unemployed,single_no_child,parental_home
389,23,2015,part_time,single_no_child,parental_home
389,24,2016,part_time,single_no_child,parental_home
389,25,2017,full_time,single_no_child,parental_home
389,26,2018,full_time,partnered_no_child,parental_home
389,27,2019,full_time,partnered_no_child,renting
389,28,2020,education,partnered_no_child,renting
389,29,2021,unemployed,partnered_no_child,renting
389,30,2022,part_time,partnered_no_child,renting
390,18,2009,education,single_no_child,parental_home
390,19,2010,education,single_no_child,parental_home
390,20,2011,full_time,single_no_child,parental_home
390,21,2012,full_time,single_no_child,parental_home
390,22,2013,full_time,single_no_child,parental_home
390,23,2014,full_time,single_no_child,parental_home
390,24,2015,full_time,single_no_child,parental_home
390,25,2016,inactive_care,single_no_child,renting
390,26,2017,inactive_care,single_no_child,renting
390,27,2018,part_time,single_no_child,renting
390,28,2019,full_time,single_no_child,renting
390,29,2020,full_time,single_no_child,renting
390,30,2021,full_time,partnered_no_child,renting
391,18,2010,education,single_no_child,renting
391,19,2011,education,single_no_child,renting
391,20,2012,education,single_no_child,renting
391,21,2013,unemployed,single_no_child,renting
391,22,2014,education,single_no_child,renting
391,23,2015,full_time,single_no_child,renting
391,24,2016,part_time,single_no_child,renting
391,25,2017,full_time,single_no_child,renting
391,26,2018,full_time,single_no_child,renting
391,27,2019,inactive_care,partnered_no_child,renting
391,28,2020,full_time,partnered_with_child,renting
391,29,2021,full_time,partnered_with_child,renting
391,30,2022,full_time,partnered_with_child,owner_occupied
392,18,2008,education,single_no_child,renting
392,19,2009,unemployed,single_no_child,renting
392,20,2010,unemployed,single_no_child,renting
392,21,2011,unemployed,single_no_child,renting
392,22,2012,part_time,single_no_child,renting
392,23,2013,unemployed,single_no_child,renting
392,24,2014,unemployed,single_no_child,renting
392,25,2015,inactive_care,single_no_child,renting
392,26,2016,unemployed,single_no_child,renting
392,27,2017,part_time,single_no_child,renting
392,28,2018,unemployed,single_no_child,renting
392,29,2019,full_time,single_no_child,renting
392,30,2020,part_time,single_no_child,renting
393,18,2012,unemployed,partnered_no_child,renting
393,19,2013,education,single_no_child,renting
393,20,2014,full_time,single_no_child,renting
393,21,2015,full_time,single_no_child,renting
393,22,2016,full_time,single_no_child,renting
393,23,2017,full_time,partnered_no_child,renting
393,24,2018,full_time,partnered_no_child,renting
393,25,2019,full_time,partnered_no_child,renting
393,26,2020,full_time,partnered_no_child,renting
393,27,2021,full_time,partnered_no_child,renting
393,28,2022,full_time,partnered_no_child,renting
393,29,2023,full_time,partnered_no_child,renting
393,30,2024,unemployed,single_no_child,renting
394,18,2008,education,single_no_child,parental_home
394,19,2009,education,single_no_child,parental_home
394,20,2010,unemployed,single_no_child,parental_home
394,21,2011,part_time,single_no_child,renting
394,22,2012,full_time,single_no_child,renting
394,23,2013,unemployed,single_no_child,renting
394,24,2014,full_time,single_no_child,renting
394,25,2015,part_time,partnered_no_child,renting
394,26,2016,unemployed,partnered_no_child,renting
394,27,2017,education,partnered_with_child,renting
394,28,2018,full_time,partnered_with_child,renting
394,29,2019,full_time,partnered_with_child,renting
394,30,2020,full_time,partnered_with_child,renting
395,18,2008,education,single_no_child,parental_home
395,19,2009,education,single_no_child,parental_home
395,20,2010,education,single_no_child,parental_home
395,21,2011,education,single_no_child,parental_home
395,22,2012,education,single_no_child,parental_home
395,23,2013,full_time,single_no_child,renting
395,24,2014,full_time,single_no_child,renting
395,25,2015,full_time,single_parent,renting
395,26,2016,full_time,single_parent,renting
395,27,2017,full_time,single_parent,renting
395,28,2018,full_time,single_parent,renting
395,29,2019,full_time,single_parent,owner_occupied
395,30,2020,full_time,single_parent,owner_occupied
396,18,2011,education,single_no_child,renting
396,19,2012,education,single_no_child,renting
396,20,2013,education,single_no_child,renting
396,21,2014,education,single_no_child,renting
396,22,2015,education,single_no_child,renting
396,23,2016,full_time,single_no_child,renting
396,24,2017,full_time,single_no_child,renting
396,25,2018,full_time,single_no_child,renting
396,26,2019,full_time,single_no_child,renting
396,27,2020,full_time,single_no_child,renting
396,28,2021,full_time,partnered_no_child,renting
396,29,2022,full_time,partnered_no_child,renting
396,30,2023,full_time,partnered_no_child,renting
397,18,2008,education,partnered_no_child,parental_home
397,19,2009,education,partnered_no_child,parental_home
397,20,2010,unemployed,partnered_no_child,renting
397,21,2011,part_time,partnered_no_child,renting
397,22,2012,full_time,partnered_no_child,renting
397,23,2013,unemployed,partnered_no_child,renting
397,24,2014,full_time,partnered_no_child,renting
397,25,2015,part_time,partnered_no_child,renting
397,26,2016,unemployed,single_no_child,renting
397,27,2017,inactive_care,single_parent,renting
397,28,2018,inactive_care,single_parent,renting
397,29,2019,part_time,single_parent,renting
397,30,2020,full_time,partnered_with_child,renting
398,18,2010,education,single_no_child,renting
398,19,2011,education,single_no_child,renting
398,20,2012,education,single_no_child,renting
398,21,2013,education,partnered_no_child,renting
398,22,2014,education,partnered_no_child,renting
398,23,2015,full_time,partnered_no_child,renting
398,24,2016,full_time,partnered_no_child,renting
398,25,2017,full_time,partnered_no_child,renting
398,26,2018,full_time,partnered_no_child,renting
398,27,2019,full_time,partnered_no_child,renting
398,28,2020,full_time,partnered_with_child,renting
398,29,2021,full_time,partnered_with_child,owner_occupied
398,30,2022,full_time,partnered_with_child,owner_occupied
399,18,2011,education,partnered_no_child,renting
399,19,2012,education,partnered_no_child,renting
399,20,2013,education,partnered_no_child,renting
399,21,2014,education,partnered_no_child,renting
399,22,2015,education,partnered_no_child,renting
399,23,2016,full_time,partnered_no_child,renting
399,24,2017,full_time,partnered_no_child,renting
399,25,2018,inactive_care,partnered_no_child,renting
399,26,2019,full_time,partnered_no_child,renting
399,27,2020,full_time,partnered_no_child,owner_occupied
399,28,2021,full_time,partnered_no_child,owner_occupied
399,29,2022,full_time,partnered_no_child,owner_occupied
399,30,2023,full_time,partnered_no_child,owner_occupied
400,18,2011,education,single_no_child,parental_home
400,19,2012,education,single_no_child,parental_home
400,20,2013,education,single_no_child,parental_home
400,21,2014,education,single_no_child,parental_home
400,22,2015,education,single_no_child,parental_home
400,23,2016,full_time,single_no_child,parental_home
400,24,2017,full_time,single_no_child,parental_home
400,25,2018,full_time,single_no_child,renting
400,26,2019,full_time,single_no_child,renting
400,27,2020,full_time,single_no_child,renting
400,28,2021,full_time,single_no_child,renting
400,29,2022,full_time,single_no_child,renting
400,30,2023,full_time,single_no_child,renting
401,18,2008,education,single_no_child,other_temporary
401,19,2009,education,single_no_child,other_temporary
401,20,2010,education,single_no_child,other_temporary
401,21,2011,education,single_no_child,other_temporary
401,22,2012,education,single_no_child,renting
401,23,2013,full_time,single_no_child,renting
401,24,2014,full_time,single_no_child,renting
401,25,2015,part_time,single_no_child,renting
401,26,2016,full_time,single_no_child,owner_occupied
401,27,2017,full_time,single_no_child,owner_occupied
401,28,2018,full_time,single_no_child,owner_occupied
401,29,2019,full_time,single_no_child,owner_occupied
401,30,2020,full_time,single_no_child,owner_occupied
402,18,2010,education,single_no_child,parental_home
402,19,2011,unemployed,single_no_child,parental_home
402,20,2012,unemployed,single_no_child,parental_home
402,21,2013,unemployed,single_no_child,parental_home
402,22,2014,part_time,single_no_child,parental_home
402,23,2015,unemployed,single_no_child,parental_home
402,24,2016,unemployed,single_no_child,renting
402,25,2017,inactive_care,single_no_child,renting
402,26,2018,unemployed,single_no_child,renting
402,27,2019,part_time,single_no_child,renting
402,28,2020,unemployed,single_no_child,renting
402,29,2021,full_time,single_no_child,renting
402,30,2022,part_time,single_no_child,renting
403,18,2012,education,single_no_child,parental_home
403,19,2013,education,single_no_child,parental_home
403,20,2014,education,single_no_child,parental_home
403,21,2015,full_time,single_no_child,other_temporary
403,22,2016,full_time,single_no_child,other_temporary
403,23,2017,full_time,single_no_child,other_temporary
403,24,2018,full_time,single_no_child,renting
403,25,2019,inactive_care,single_no_child,renting
403,26,2020,inactive_care,single_no_child,renting
403,27,2021,part_time,single_no_child,renting
403,28,2022,part_time,single_no_child,renting
403,29,2023,full_time,partnered_no_child,renting
403,30,2024,full_time,partnered_no_child,renting
404,18,2008,education,single_no_child,parental_home
404,19,2009,education,single_no_child,parental_home
404,20,2010,education,single_no_child,parental_home
404,21,2011,inactive_care,single_no_child,parental_home
404,22,2012,unemployed,single_no_child,parental_home
404,23,2013,full_time,single_no_child,other_temporary
404,24,2014,full_time,single_no_child,other_temporary
404,25,2015,full_time,single_no_child,other_temporary
404,26,2016,full_time,single_no_child,other_temporary
404,27,2017,full_time,partnered_no_child,renting
404,28,2018,full_time,partnered_no_child,renting
404,29,2019,full_time,partnered_with_child,renting
404,30,2020,full_time,partnered_with_child,renting
405,18,2012,education,single_no_child,parental_home
405,19,2013,unemployed,single_no_child,parental_home
405,20,2014,unemployed,single_no_child,parental_home
405,21,2015,unemployed,single_no_child,parental_home
405,22,2016,part_time,partnered_no_child,renting
405,23,2017,unemployed,partnered_no_child,renting
405,24,2018,unemployed,partnered_no_child,renting
405,25,2019,inactive_care,partnered_no_child,renting
405,26,2020,unemployed,partnered_no_child,renting
405,27,2021,full_time,partnered_no_child,renting
405,28,2022,unemployed,partnered_no_child,renting
405,29,2023,full_time,partnered_with_child,renting
405,30,2024,part_time,partnered_with_child,renting
406,18,2010,unemployed,single_no_child,parental_home
406,19,2011,education,single_no_child,parental_home
406,20,2012,education,single_no_child,parental_home
406,21,2013,education,single_no_child,parental_home
406,22,2014,education,single_no_child,parental_home
406,23,2015,full_time,single_no_child,parental_home
406,24,2016,full_time,partnered_no_child,parental_home
406,25,2017,full_time,partnered_no_child,parental_home
406,26,2018,full_time,partnered_no_child,renting
406,27,2019,full_time,partnered_no_child,renting
406,28,2020,full_time,partnered_no_child,renting
406,29,2021,full_time,partnered_no_child,renting
406,30,2022,full_time,partnered_no_child,renting
407,18,2011,education,single_no_child,parental_home
407,19,2012,education,partnered_no_child,parental_home
407,20,2013,education,partnered_no_child,parental_home
407,21,2014,part_time,partnered_no_child,parental_home
407,22,2015,full_time,partnered_no_child,parental_home
407,23,2016,full_time,partnered_no_child,parental_home
407,24,2017,full_time,partnered_no_child,parental_home
407,25,2018,inactive_care,partnered_no_child,parental_home
407,26,2019,inactive_care,partnered_no_child,parental_home
407,27,2020,part_time,partnered_with_child,renting
407,28,2021,part_time,partnered_with_child,renting
407,29,2022,part_time,partnered_with_child,renting
407,30,2023,part_time,partnered_with_child,renting
408,18,2010,education,single_no_child,parental_home
408,19,2011,unemployed,single_no_child,parental_home
408,20,2012,unemployed,single_no_child,parental_home
408,21,2013,unemployed,single_no_child,parental_home
408,22,2014,part_time,single_no_child,parental_home
408,23,2015,unemployed,single_no_child,parental_home
408,24,2016,unemployed,partnered_no_child,parental_home
408,25,2017,inactive_care,partnered_with_child,parental_home
408,26,2018,unemployed,partnered_with_child,parental_home
408,27,2019,full_time,partnered_with_child,parental_home
408,28,2020,unemployed,partnered_with_child,renting
408,29,2021,full_time,partnered_with_child,renting
408,30,2022,part_time,partnered_with_child,renting
409,18,2010,education,single_no_child,parental_home
409,19,2011,education,single_no_child,parental_home
409,20,2012,unemployed,single_no_child,parental_home
409,21,2013,part_time,single_no_child,other_temporary
409,22,2014,inactive_care,single_no_child,other_temporary
409,23,2015,unemployed,partnered_no_child,renting
409,24,2016,full_time,partnered_no_child,renting
409,25,2017,inactive_care,partnered_no_child,renting
409,26,2018,unemployed,partnered_no_child,other_temporary
409,27,2019,full_time,partnered_no_child,renting
409,28,2020,part_time,partnered_no_child,renting
409,29,2021,full_time,partnered_no_child,renting
409,30,2022,full_time,partnered_no_child,renting
410,18,2012,education,single_no_child,parental_home
410,19,2013,education,single_no_child,parental_home
410,20,2014,education,single_no_child,parental_home
410,21,2015,education,single_no_child,parental_home
410,22,2016,education,single_no_child,parental_home
410,23,2017,part_time,single_no_child,parental_home
410,24,2018,full_time,single_no_child,renting
410,25,2019,full_time,single_no_child,renting
410,26,2020,full_time,single_parent,renting
410,27,2021,full_time,single_parent,renting
410,28,2022,full_time,single_parent,renting
410,29,2023,full_time,single_parent,renting
410,30,2024,full_time,single_parent,renting
411,18,2011,education,single_no_child,renting
411,19,2012,education,single_no_child,renting
411,20,2013,unemployed,single_no_child,renting
411,21,2014,education,single_no_child,renting
411,22,2015,part_time,single_no_child,renting
411,23,2016,full_time,single_no_child,renting
411,24,2017,full_time,single_no_child,renting
411,25,2018,unemployed,single_no_child,renting
411,26,2019,full_time,single_no_child,renting
411,27,2020,full_time,single_no_child,renting
411,28,2021,full_time,single_no_child,renting
411,29,2022,full_time,single_parent,renting
411,30,2023,full_time,single_parent,renting
412,18,2012,education,single_no_child,parental_home
412,19,2013,education,single_no_child,parental_home
412,20,2014,unemployed,single_no_child,parental_home
412,21,2015,part_time,partnered_no_child,parental_home
412,22,2016,full_time,partnered_no_child,renting
412,23,2017,unemployed,partnered_no_child,renting
412,24,2018,full_time,partnered_no_child,renting
412,25,2019,part_time,partnered_no_child,renting
412,26,2020,unemployed,partnered_with_child,renting
412,27,2021,full_time,partnered_with_child,renting
412,28,2022,unemployed,partnered_with_child,renting
412,29,2023,full_time,partnered_with_child,renting
412,30,2024,full_time,partnered_with_child,renting
413,18,2011,education,single_no_child,renting
413,19,2012,education,single_no_child,renting
413,20,2013,education,single_no_child,renting
413,21,2014,education,single_no_child,renting
413,22,2015,education,single_no_child,renting
413,23,2016,full_time,partnered_no_child,renting
413,24,2017,full_time,partnered_with_child,renting
413,25,2018,full_time,partnered_with_child,renting
413,26,2019,full_time,partnered_with_child,renting
413,27,2020,full_time,partnered_with_child,renting
413,28,2021,full_time,partnered_with_child,renting
413,29,2022,full_time,partnered_with_child,renting
413,30,2023,full_time,partnered_with_child,renting
414,18,2011,education,single_no_child,parental_home
414,19,2012,education,single_no_child,parental_home
414,20,2013,education,single_no_child,parental_home
414,21,2014,education,single_no_child,parental_home
414,22,2015,education,single_no_child,parental_home
414,23,2016,full_time,single_no_child,parental_home
414,24,2017,unemployed,single_no_child,renting
414,25,2018,inactive_care,single_parent,renting
414,26,2019,full_time,single_parent,renting
414,27,2020,part_time,single_parent,renting
414,28,2021,full_time,partnered_with_child,renting
414,29,2022,full_time,partnered_with_child,renting
414,30,2023,inactive_care,partnered_with_child,renting
415,18,2010,education,single_no_child,parental_home
415,19,2011,unemployed,single_no_child,parental_home
415,20,2012,unemployed,single_no_child,parental_home
415,21,2013,part_time,single_no_child,parental_home
415,22,2014,full_time,single_no_child,parental_home
415,23,2015,unemployed,single_no_child,parental_home
415,24,2016,full_time,single_no_child,parental_home
415,25,2017,part_time,single_no_child,parental_home
415,26,2018,unemployed,single_no_child,parental_home
415,27,2019,full_time,single_no_child,renting
415,28,2020,part_time,single_no_child,renting
415,29,2021,full_time,single_no_child,renting
415,30,2022,inactive_care,single_parent,renting
416,18,2011,education,single_no_child,parental_home
416,19,2012,education,single_no_child,parental_home
416,20,2013,education,single_no_child,parental_home
416,21,2014,education,single_no_child,parental_home
416,22,2015,education,single_no_child,parental_home
416,23,2016,full_time,single_no_child,parental_home
416,24,2017,full_time,single_no_child,parental_home
416,25,2018,full_time,single_no_child,parental_home
416,26,2019,full_time,single_no_child,renting
416,27,2020,full_time,single_no_child,renting
416,28,2021,full_time,single_parent,renting
416,29,2022,full_time,single_parent,renting
416,30,2023,full_time,single_parent,renting
417,18,2010,unemployed,single_no_child,renting
417,19,2011,education,partnered_no_child,renting
417,20,2012,education,partnered_no_child,renting
417,21,2013,education,partnered_no_child,renting
417,22,2014,education,partnered_no_child,renting
417,23,2015,full_time,partnered_no_child,renting
417,24,2016,full_time,partnered_no_child,renting
417,25,2017,full_time,partnered_no_child,renting
417,26,2018,full_time,partnered_no_child,renting
417,27,2019,full_time,partnered_no_child,renting
417,28,2020,full_time,partnered_no_child,renting
417,29,2021,part_time,partnered_no_child,renting
417,30,2022,full_time,partnered_no_child,renting
418,18,2010,education,single_no_child,renting
418,19,2011,education,single_no_child,renting
418,20,2012,education,single_no_child,renting
418,21,2013,education,single_no_child,renting
418,22,2014,education,single_no_child,renting
418,23,2015,full_time,single_no_child,renting
418,24,2016,full_time,single_no_child,renting
418,25,2017,full_time,single_no_child,renting
418,26,2018,full_time,partnered_no_child,renting
418,27,2019,full_time,partnered_no_child,renting
418,28,2020,full_time,partnered_no_child,renting
418,29,2021,full_time,partnered_no_child,renting
418,30,2022,full_time,partnered_with_child,owner_occupied
419,18,2011,education,single_no_child,parental_home
419,19,2012,education,single_no_child,parental_home
419,20,2013,education,partnered_no_child,parental_home
419,21,2014,full_time,partnered_no_child,parental_home
419,22,2015,full_time,partnered_no_child,parental_home
419,23,2016,full_time,partnered_no_child,parental_home
419,24,2017,full_time,partnered_no_child,parental_home
419,25,2018,inactive_care,partnered_no_child,parental_home
419,26,2019,inactive_care,partnered_no_child,parental_home
419,27,2020,part_time,single_no_child,parental_home
419,28,2021,part_time,single_no_child,renting
419,29,2022,part_time,partnered_no_child,renting
419,30,2023,full_time,partnered_no_child,owner_occupied
420,18,2011,part_time,single_no_child,parental_home
420,19,2012,education,single_no_child,parental_home
420,20,2013,education,single_no_child,parental_home
420,21,2014,unemployed,single_parent,renting
420,22,2015,unemployed,single_parent,renting
420,23,2016,part_time,partnered_with_child,renting
420,24,2017,unemployed,single_parent,renting
420,25,2018,full_time,single_parent,owner_occupied
420,26,2019,full_time,single_parent,owner_occupied
420,27,2020,part_time,single_parent,owner_occupied
420,28,2021,unemployed,single_parent,owner_occupied
420,29,2022,full_time,single_parent,renting
420,30,2023,full_time,partnered_with_child,owner_occupied
421,18,2010,education,single_no_child,parental_home
421,19,2011,education,single_no_child,parental_home
421,20,2012,education,single_no_child,parental_home
421,21,2013,part_time,partnered_no_child,parental_home
421,22,2014,education,partnered_with_child,parental_home
421,23,2015,full_time,partnered_with_child,parental_home
421,24,2016,full_time,single_parent,parental_home
421,25,2017,full_time,single_parent,other_temporary
421,26,2018,full_time,single_parent,other_temporary
421,27,2019,full_time,single_parent,other_temporary
421,28,2020,full_time,single_parent,other_temporary
421,29,2021,full_time,single_parent,other_temporary
421,30,2022,full_time,single_parent,other_temporary
422,18,2010,education,single_no_child,parental_home
422,19,2011,education,single_no_child,parental_home
422,20,2012,unemployed,single_no_child,other_temporary
422,21,2013,part_time,partnered_no_child,other_temporary
422,22,2014,full_time,partnered_no_child,renting
422,23,2015,unemployed,partnered_no_child,renting
422,24,2016,full_time,partnered_no_child,renting
422,25,2017,part_time,partnered_no_child,renting
422,26,2018,unemployed,partnered_no_child,renting
422,27,2019,full_time,partnered_no_child,renting
422,28,2020,part_time,partnered_no_child,renting
422,29,2021,full_time,partnered_no_child,renting
422,30,2022,full_time,partnered_no_child,renting
423,18,2011,education,single_no_child,parental_home
423,19,2012,education,single_no_child,parental_home
423,20,2013,full_time,single_no_child,parental_home
423,21,2014,part_time,single_no_child,parental_home
423,22,2015,full_time,partnered_no_child,renting
423,23,2016,unemployed,partnered_no_child,renting
423,24,2017,full_time,partnered_no_child,renting
423,25,2018,part_time,partnered_no_child,renting
423,26,2019,unemployed,partnered_no_child,renting
423,27,2020,full_time,partnered_no_child,renting
423,28,2021,part_time,partnered_no_child,renting
423,29,2022,part_time,partnered_no_child,renting
423,30,2023,full_time,partnered_no_child,renting
424,18,2012,education,single_no_child,parental_home
424,19,2013,unemployed,single_no_child,parental_home
424,20,2014,education,single_no_child,parental_home
424,21,2015,education,single_no_child,parental_home
424,22,2016,education,single_no_child,parental_home
424,23,2017,full_time,single_no_child,parental_home
424,24,2018,full_time,single_no_child,parental_home
424,25,2019,part_time,partnered_no_child,parental_home
424,26,2020,full_time,partnered_no_child,parental_home
424,27,2021,full_time,partnered_no_child,renting
424,28,2022,full_time,partnered_with_child,renting
424,29,2023,full_time,partnered_with_child,renting
424,30,2024,full_time,partnered_with_child,renting
425,18,2009,education,single_no_child,renting
425,19,2010,education,single_no_child,renting
425,20,2011,education,single_no_child,renting
425,21,2012,education,single_no_child,renting
425,22,2013,unemployed,single_no_child,renting
425,23,2014,full_time,single_no_child,renting
425,24,2015,full_time,single_no_child,renting
425,25,2016,full_time,single_no_child,renting
425,26,2017,full_time,single_no_child,renting
425,27,2018,full_time,single_no_child,renting
425,28,2019,full_time,single_no_child,renting
425,29,2020,full_time,single_no_child,renting
425,30,2021,full_time,single_no_child,renting
426,18,2008,full_time,single_no_child,parental_home
426,19,2009,education,single_no_child,renting
426,20,2010,education,single_no_child,renting
426,21,2011,unemployed,single_no_child,renting
426,22,2012,unemployed,single_no_child,renting
426,23,2013,part_time,single_no_child,renting
426,24,2014,part_time,single_no_child,renting
426,25,2015,full_time,partnered_no_child,renting
426,26,2016,full_time,partnered_no_child,renting
426,27,2017,full_time,partnered_no_child,renting
426,28,2018,inactive_care,partnered_no_child,renting
426,29,2019,full_time,partnered_no_child,renting
426,30,2020,full_time,partnered_no_child,owner_occupied
427,18,2010,unemployed,single_no_child,parental_home
427,19,2011,education,single_no_child,parental_home
427,20,2012,education,single_no_child,parental_home
427,21,2013,education,single_no_child,parental_home
427,22,2014,education,single_no_child,parental_home
427,23,2015,full_time,partnered_no_child,renting
427,24,2016,full_time,partnered_with_child,renting
427,25,2017,full_time,partnered_with_child,owner_occupied
427,26,2018,full_time,partnered_with_child,owner_occupied
427,27,2019,full_time,partnered_with_child,owner_occupied
427,28,2020,full_time,partnered_with_child,owner_occupied
427,29,2021,full_time,partnered_with_child,owner_occupied
427,30,2022,full_time,partnered_with_child,owner_occupied
428,18,2009,education,single_no_child,parental_home
428,19,2010,education,single_no_child,parental_home
428,20,2011,unemployed,partnered_no_child,parental_home
428,21,2012,part_time,partnered_no_child,renting
428,22,2013,full_time,partnered_no_child,renting
428,23,2014,unemployed,partnered_no_child,renting
428,24,2015,full_time,partnered_no_child,renting
428,25,2016,part_time,partnered_no_child,renting
428,26,2017,unemployed,partnered_with_child,renting
428,27,2018,full_time,partnered_with_child,renting
428,28,2019,part_time,partnered_with_child,renting
428,29,2020,full_time,partnered_with_child,renting
428,30,2021,full_time,partnered_with_child,renting
429,18,2012,education,single_no_child,parental_home
429,19,2013,education,single_no_child,parental_home
429,20,2014,full_time,single_no_child,parental_home
429,21,2015,full_time,single_no_child,parental_home
429,22,2016,full_time,single_no_child,parental_home
429,23,2017,full_time,single_no_child,parental_home
429,24,2018,full_time,single_no_child,parental_home
429,25,2019,full_time,single_no_child,parental_home
429,26,2020,full_time,single_no_child,parental_home
429,27,2021,full_time,single_no_child,parental_home
429,28,2022,full_time,single_parent,parental_home
429,29,2023,full_time,single_parent,parental_home
429,30,2024,full_time,single_parent,renting
430,18,2009,education,single_no_child,parental_home
430,19,2010,education,single_no_child,parental_home
430,20,2011,education,single_no_child,other_temporary
430,21,2012,education,single_no_child,renting
430,22,2013,education,single_no_child,renting
430,23,2014,full_time,single_no_child,renting
430,24,2015,full_time,single_no_child,renting
430,25,2016,full_time,single_no_child,renting
430,26,2017,full_time,single_no_child,renting
430,27,2018,full_time,single_no_child,renting
430,28,2019,full_time,single_no_child,renting
430,29,2020,full_time,single_no_child,renting
430,30,2021,full_time,partnered_no_child,renting
431,18,2009,education,single_no_child,renting
431,19,2010,education,single_no_child,renting
431,20,2011,part_time,single_no_child,renting
431,21,2012,full_time,single_no_child,renting
431,22,2013,full_time,single_no_child,renting
431,23,2014,full_time,single_no_child,renting
431,24,2015,full_time,single_no_child,renting
431,25,2016,inactive_care,single_no_child,renting
431,26,2017,inactive_care,single_no_child,renting
431,27,2018,part_time,single_no_child,renting
431,28,2019,part_time,partnered_no_child,renting
431,29,2020,full_time,partnered_no_child,renting
431,30,2021,full_time,partnered_with_child,renting
432,18,2010,education,single_no_child,parental_home
432,19,2011,unemployed,single_no_child,parental_home
432,20,2012,inactive_care,single_no_child,renting
432,21,2013,unemployed,single_no_child,renting
432,22,2014,full_time,single_parent,renting
432,23,2015,unemployed,single_parent,renting
432,24,2016,unemployed,single_parent,renting
432,25,2017,unemployed,single_parent,renting
432,26,2018,unemployed,single_parent,renting
432,27,2019,full_time,partnered_with_child,renting
432,28,2020,unemployed,partnered_with_child,renting
432,29,2021,full_time,partnered_with_child,renting
432,30,2022,part_time,partnered_with_child,renting
433,18,2008,education,single_no_child,parental_home
433,19,2009,education,single_no_child,parental_home
433,20,2010,unemployed,single_no_child,parental_home
433,21,2011,part_time,single_no_child,parental_home
433,22,2012,inactive_care,single_no_child,other_temporary
433,23,2013,part_time,single_no_child,renting
433,24,2014,full_time,single_no_child,renting
433,25,2015,part_time,single_no_child,renting
433,26,2016,unemployed,single_no_child,renting
433,27,2017,full_time,single_no_child,renting
433,28,2018,part_time,single_parent,renting
433,29,2019,full_time,single_parent,renting
433,30,2020,full_time,partnered_with_child,renting
434,18,2012,education,single_no_child,parental_home
434,19,2013,education,single_no_child,parental_home
434,20,2014,education,single_no_child,parental_home
434,21,2015,unemployed,single_no_child,parental_home
434,22,2016,unemployed,single_no_child,parental_home
434,23,2017,part_time,single_no_child,parental_home
434,24,2018,part_time,single_no_child,parental_home
434,25,2019,full_time,single_no_child,parental_home
434,26,2020,full_time,single_no_child,renting
434,27,2021,full_time,single_no_child,renting
434,28,2022,full_time,single_no_child,renting
434,29,2023,full_time,partnered_no_child,renting
434,30,2024,part_time,partnered_no_child,renting
435,18,2010,education,single_no_child,renting
435,19,2011,unemployed,single_no_child,renting
435,20,2012,unemployed,single_no_child,renting
435,21,2013,unemployed,single_no_child,renting
435,22,2014,part_time,single_no_child,renting
435,23,2015,inactive_care,partnered_no_child,renting
435,24,2016,unemployed,partnered_no_child,renting
435,25,2017,full_time,partnered_with_child,renting
435,26,2018,unemployed,single_parent,renting
435,27,2019,part_time,single_parent,renting
435,28,2020,unemployed,single_parent,renting
435,29,2021,full_time,single_parent,renting
435,30,2022,part_time,single_parent,renting
436,18,2010,education,single_no_child,parental_home
436,19,2011,education,single_no_child,parental_home
436,20,2012,full_time,single_no_child,parental_home
436,21,2013,full_time,single_no_child,parental_home
436,22,2014,full_time,single_no_child,parental_home
436,23,2015,full_time,single_no_child,parental_home
436,24,2016,full_time,single_no_child,parental_home
436,25,2017,full_time,single_no_child,parental_home
436,26,2018,full_time,single_no_child,parental_home
436,27,2019,full_time,partnered_no_child,parental_home
436,28,2020,unemployed,partnered_no_child,parental_home
436,29,2021,full_time,partnered_no_child,other_temporary
436,30,2022,full_time,partnered_no_child,other_temporary
437,18,2009,education,single_no_child,renting
437,19,2010,unemployed,single_no_child,renting
437,20,2011,inactive_care,single_no_child,renting
437,21,2012,unemployed,single_no_child,renting
437,22,2013,part_time,single_no_child,renting
437,23,2014,unemployed,single_no_child,renting
437,24,2015,unemployed,single_no_child,other_temporary
437,25,2016,inactive_care,single_no_child,other_temporary
437,26,2017,unemployed,single_no_child,renting
437,27,2018,part_time,partnered_no_child,renting
437,28,2019,unemployed,partnered_no_child,renting
437,29,2020,full_time,partnered_no_child,renting
437,30,2021,part_time,partnered_no_child,renting
438,18,2012,education,single_no_child,parental_home
438,19,2013,education,single_no_child,parental_home
438,20,2014,part_time,single_no_child,parental_home
438,21,2015,part_time,single_parent,parental_home
438,22,2016,full_time,single_parent,parental_home
438,23,2017,unemployed,single_parent,parental_home
438,24,2018,full_time,single_parent,parental_home
438,25,2019,full_time,single_parent,parental_home
438,26,2020,unemployed,single_parent,parental_home
438,27,2021,full_time,single_parent,parental_home
438,28,2022,part_time,partnered_with_child,other_temporary
438,29,2023,full_time,partnered_with_child,other_temporary
438,30,2024,full_time,partnered_with_child,renting
439,18,2008,full_time,single_no_child,parental_home
439,19,2009,education,single_no_child,renting
439,20,2010,unemployed,single_no_child,renting
439,21,2011,part_time,single_no_child,renting
439,22,2012,full_time,single_no_child,renting
439,23,2013,unemployed,single_no_child,renting
439,24,2014,full_time,single_no_child,renting
439,25,2015,part_time,single_no_child,renting
439,26,2016,full_time,single_no_child,renting
439,27,2017,full_time,single_no_child,renting
439,28,2018,part_time,single_no_child,renting
439,29,2019,full_time,single_parent,renting
439,30,2020,full_time,single_parent,owner_occupied
440,18,2012,education,single_no_child,parental_home
440,19,2013,education,single_no_child,parental_home
440,20,2014,inactive_care,single_no_child,parental_home
440,21,2015,full_time,single_no_child,parental_home
440,22,2016,full_time,single_no_child,parental_home
440,23,2017,full_time,single_no_child,renting
440,24,2018,full_time,single_no_child,renting
440,25,2019,full_time,single_parent,renting
440,26,2020,full_time,single_parent,renting
440,27,2021,full_time,single_parent,renting
440,28,2022,full_time,single_parent,renting
440,29,2023,full_time,single_parent,renting
440,30,2024,full_time,partnered_with_child,renting
441,18,2011,education,single_no_child,parental_home
441,19,2012,education,single_no_child,parental_home
441,20,2013,education,single_no_child,parental_home
441,21,2014,part_time,single_no_child,parental_home
441,22,2015,education,single_no_child,parental_home
441,23,2016,full_time,single_no_child,parental_home
441,24,2017,full_time,single_no_child,parental_home
441,25,2018,full_time,single_no_child,parental_home
441,26,2019,full_time,single_no_child,parental_home
441,27,2020,part_time,single_no_child,renting
441,28,2021,full_time,single_no_child,renting
441,29,2022,full_time,single_parent,renting
441,30,2023,full_time,single_parent,renting
442,18,2010,education,single_no_child,parental_home
442,19,2011,education,single_no_child,renting
442,20,2012,education,single_no_child,renting
442,21,2013,education,single_no_child,renting
442,22,2014,education,single_no_child,renting
442,23,2015,full_time,single_no_child,renting
442,24,2016,full_time,single_no_child,renting
442,25,2017,full_time,partnered_no_child,renting
442,26,2018,full_time,partnered_no_child,renting
442,27,2019,full_time,partnered_no_child,renting
442,28,2020,full_time,partnered_no_child,renting
442,29,2021,full_time,partnered_no_child,renting
442,30,2022,full_time,partnered_with_child,owner_occupied
443,18,2009,education,single_no_child,parental_home
443,19,2010,inactive_care,single_no_child,parental_home
443,20,2011,education,single_no_child,parental_home
443,21,2012,unemployed,single_no_child,parental_home
443,22,2013,unemployed,single_no_child,parental_home
443,23,2014,part_time,single_no_child,parental_home
443,24,2015,part_time,single_no_child,parental_home
443,25,2016,full_time,single_parent,parental_home
443,26,2017,full_time,single_parent,parental_home
443,27,2018,part_time,single_parent,parental_home
443,28,2019,full_time,single_parent,renting
443,29,2020,full_time,partnered_with_child,renting
443,30,2021,full_time,partnered_with_child,renting
444,18,2009,education,single_no_child,renting
444,19,2010,unemployed,single_no_child,other_temporary
444,20,2011,unemployed,single_no_child,other_temporary
444,21,2012,unemployed,single_no_child,other_temporary
444,22,2013,part_time,single_no_child,renting
444,23,2014,unemployed,single_no_child,renting
444,24,2015,unemployed,single_no_child,renting
444,25,2016,inactive_care,single_no_child,owner_occupied
444,26,2017,unemployed,single_no_child,owner_occupied
444,27,2018,part_time,single_no_child,owner_occupied
444,28,2019,unemployed,single_parent,owner_occupied
444,29,2020,full_time,single_parent,owner_occupied
444,30,2021,part_time,single_parent,owner_occupied
445,18,2012,education,single_no_child,parental_home
445,19,2013,education,single_no_child,parental_home
445,20,2014,education,single_no_child,parental_home
445,21,2015,full_time,single_no_child,parental_home
445,22,2016,full_time,single_no_child,parental_home
445,23,2017,full_time,single_no_child,parental_home
445,24,2018,full_time,single_no_child,renting
445,25,2019,inactive_care,single_no_child,renting
445,26,2020,part_time,single_no_child,renting
445,27,2021,part_time,single_no_child,renting
445,28,2022,part_time,single_no_child,renting
445,29,2023,full_time,partnered_no_child,renting
445,30,2024,full_time,partnered_no_child,renting
446,18,2011,education,single_no_child,parental_home
446,19,2012,education,single_no_child,parental_home
446,20,2013,full_time,single_no_child,renting
446,21,2014,education,single_no_child,renting
446,22,2015,education,single_no_child,renting
446,23,2016,full_time,partnered_no_child,renting
446,24,2017,full_time,partnered_no_child,renting
446,25,2018,full_time,partnered_with_child,renting
446,26,2019,full_time,partnered_with_child,renting
446,27,2020,full_time,partnered_with_child,renting
446,28,2021,full_time,partnered_with_child,renting
446,29,2022,full_time,partnered_with_child,renting
446,30,2023,full_time,partnered_with_child,renting
447,18,2011,education,single_no_child,parental_home
447,19,2012,education,single_no_child,parental_home
447,20,2013,unemployed,single_no_child,parental_home
447,21,2014,part_time,single_no_child,parental_home
447,22,2015,full_time,single_no_child,parental_home
447,23,2016,unemployed,single_no_child,other_temporary
447,24,2017,full_time,single_no_child,renting
447,25,2018,part_time,single_no_child,renting
447,26,2019,unemployed,single_no_child,renting
447,27,2020,full_time,single_no_child,renting
447,28,2021,part_time,single_no_child,renting
447,29,2022,education,single_no_child,renting
447,30,2023,full_time,single_no_child,owner_occupied
448,18,2010,full_time,single_no_child,renting
448,19,2011,education,single_no_child,renting
448,20,2012,education,single_no_child,renting
448,21,2013,education,single_no_child,renting
448,22,2014,education,single_no_child,renting
448,23,2015,full_time,single_no_child,renting
448,24,2016,full_time,single_no_child,renting
448,25,2017,full_time,single_parent,renting
448,26,2018,full_time,single_parent,renting
448,27,2019,full_time,single_parent,renting
448,28,2020,full_time,single_parent,owner_occupied
448,29,2021,full_time,single_parent,owner_occupied
448,30,2022,full_time,single_parent,owner_occupied
449,18,2010,part_time,single_no_child,parental_home
449,19,2011,education,single_no_child,parental_home
449,20,2012,education,single_no_child,parental_home
449,21,2013,education,single_no_child,parental_home
449,22,2014,education,single_no_child,parental_home
449,23,2015,full_time,single_no_child,parental_home
449,24,2016,full_time,partnered_no_child,parental_home
449,25,2017,full_time,partnered_no_child,parental_home
449,26,2018,full_time,partnered_no_child,parental_home
449,27,2019,full_time,partnered_no_child,renting
449,28,2020,full_time,partnered_no_child,renting
449,29,2021,full_time,partnered_no_child,renting
449,30,2022,full_time,partnered_no_child,owner_occupied
450,18,2008,education,single_no_child,parental_home
450,19,2009,unemployed,single_no_child,parental_home
450,20,2010,unemployed,single_no_child,parental_home
450,21,2011,unemployed,single_no_child,parental_home
450,22,2012,part_time,single_no_child,parental_home
450,23,2013,unemployed,single_no_child,parental_home
450,24,2014,unemployed,partnered_no_child,parental_home
450,25,2015,inactive_care,partnered_no_child,renting
450,26,2016,unemployed,single_no_child,renting
450,27,2017,part_time,partnered_no_child,renting
450,28,2018,unemployed,partnered_no_child,renting
450,29,2019,full_time,partnered_no_child,renting
450,30,2020,part_time,partnered_no_child,renting
451,18,2008,education,single_no_child,parental_home
451,19,2009,full_time,single_no_child,parental_home
451,20,2010,education,single_no_child,parental_home
451,21,2011,unemployed,single_no_child,parental_home
451,22,2012,unemployed,single_no_child,parental_home
451,23,2013,part_time,single_no_child,parental_home
451,24,2014,part_time,single_no_child,parental_home
451,25,2015,full_time,single_no_child,parental_home
451,26,2016,full_time,single_no_child,renting
451,27,2017,full_time,single_no_child,renting
451,28,2018,full_time,single_no_child,renting
451,29,2019,full_time,partnered_no_child,renting
451,30,2020,full_time,partnered_no_child,renting
452,18,2008,education,single_no_child,parental_home
452,19,2009,education,single_no_child,parental_home
452,20,2010,full_time,single_no_child,parental_home
452,21,2011,full_time,single_no_child,parental_home
452,22,2012,full_time,single_no_child,parental_home
452,23,2013,full_time,single_no_child,parental_home
452,24,2014,full_time,single_no_child,parental_home
452,25,2015,full_time,single_parent,parental_home
452,26,2016,full_time,single_parent,parental_home
452,27,2017,full_time,single_parent,parental_home
452,28,2018,full_time,single_parent,parental_home
452,29,2019,full_time,single_parent,renting
452,30,2020,full_time,partnered_with_child,owner_occupied
453,18,2011,education,single_no_child,parental_home
453,19,2012,unemployed,partnered_no_child,parental_home
453,20,2013,unemployed,partnered_no_child,parental_home
453,21,2014,unemployed,partnered_no_child,parental_home
453,22,2015,part_time,partnered_no_child,parental_home
453,23,2016,unemployed,partnered_no_child,parental_home
453,24,2017,unemployed,partnered_no_child,parental_home
453,25,2018,inactive_care,partnered_no_child,parental_home
453,26,2019,unemployed,partnered_no_child,renting
453,27,2020,part_time,partnered_no_child,renting
453,28,2021,unemployed,partnered_no_child,renting
453,29,2022,full_time,partnered_no_child,renting
453,30,2023,full_time,single_no_child,renting
454,18,2009,education,single_no_child,renting
454,19,2010,education,single_no_child,renting
454,20,2011,part_time,single_no_child,renting
454,21,2012,full_time,single_no_child,renting
454,22,2013,full_time,single_no_child,renting
454,23,2014,full_time,single_no_child,renting
454,24,2015,full_time,single_no_child,renting
454,25,2016,full_time,single_no_child,renting
454,26,2017,full_time,partnered_no_child,renting
454,27,2018,part_time,partnered_no_child,renting
454,28,2019,inactive_care,partnered_no_child,renting
454,29,2020,full_time,partnered_no_child,renting
454,30,2021,full_time,partnered_no_child,renting
455,18,2008,education,single_no_child,parental_home
455,19,2009,education,single_no_child,parental_home
455,20,2010,full_time,single_no_child,renting
455,21,2011,full_time,single_no_child,renting
455,22,2012,full_time,single_no_child,renting
455,23,2013,full_time,single_no_child,renting
455,24,2014,full_time,single_no_child,renting
455,25,2015,full_time,single_no_child,renting
455,26,2016,full_time,single_no_child,renting
455,27,2017,full_time,single_no_child,renting
455,28,2018,full_time,single_no_child,renting
455,29,2019,full_time,single_no_child,renting
455,30,2020,full_time,partnered_with_child,renting
456,18,2011,unemployed,single_no_child,parental_home
456,19,2012,education,single_no_child,parental_home
456,20,2013,education,single_no_child,parental_home
456,21,2014,full_time,single_no_child,parental_home
456,22,2015,full_time,single_no_child,parental_home
456,23,2016,full_time,single_no_child,parental_home
456,24,2017,full_time,single_no_child,parental_home
456,25,2018,inactive_care,single_no_child,parental_home
456,26,2019,inactive_care,single_no_child,parental_home
456,27,2020,part_time,single_no_child,parental_home
456,28,2021,part_time,single_no_child,parental_home
456,29,2022,full_time,single_no_child,renting
456,30,2023,full_time,single_no_child,owner_occupied
457,18,2011,education,single_no_child,parental_home
457,19,2012,education,single_no_child,parental_home
457,20,2013,education,single_no_child,renting
457,21,2014,full_time,single_no_child,renting
457,22,2015,full_time,single_no_child,renting
457,23,2016,full_time,single_no_child,renting
457,24,2017,full_time,single_no_child,renting
457,25,2018,inactive_care,partnered_no_child,renting
457,26,2019,inactive_care,partnered_no_child,renting
457,27,2020,part_time,partnered_with_child,renting
457,28,2021,part_time,partnered_with_child,renting
457,29,2022,full_time,partnered_with_child,renting
457,30,2023,full_time,partnered_with_child,renting
458,18,2012,education,single_no_child,renting
458,19,2013,education,single_no_child,renting
458,20,2014,full_time,single_no_child,renting
458,21,2015,part_time,single_no_child,renting
458,22,2016,full_time,single_no_child,renting
458,23,2017,full_time,partnered_no_child,renting
458,24,2018,full_time,partnered_no_child,renting
458,25,2019,full_time,partnered_with_child,renting
458,26,2020,full_time,single_parent,renting
458,27,2021,inactive_care,single_parent,renting
458,28,2022,full_time,single_parent,owner_occupied
458,29,2023,full_time,single_parent,owner_occupied
458,30,2024,full_time,single_parent,owner_occupied
459,18,2011,education,single_no_child,parental_home
459,19,2012,education,single_no_child,parental_home
459,20,2013,full_time,single_no_child,parental_home
459,21,2014,full_time,single_no_child,parental_home
459,22,2015,full_time,single_parent,renting
459,23,2016,unemployed,single_parent,renting
459,24,2017,full_time,single_parent,renting
459,25,2018,part_time,single_parent,renting
459,26,2019,unemployed,single_parent,renting
459,27,2020,full_time,single_parent,renting
459,28,2021,part_time,single_parent,renting
459,29,2022,full_time,single_parent,renting
459,30,2023,part_time,single_parent,renting
460,18,2008,education,single_no_child,renting
460,19,2009,education,single_no_child,renting
460,20,2010,unemployed,single_no_child,renting
460,21,2011,part_time,single_no_child,renting
460,22,2012,full_time,single_no_child,renting
460,23,2013,unemployed,single_no_child,renting
460,24,2014,full_time,single_no_child,renting
460,25,2015,part_time,single_no_child,renting
460,26,2016,unemployed,single_no_child,renting
460,27,2017,inactive_care,single_no_child,renting
460,28,2018,part_time,single_no_child,renting
460,29,2019,full_time,single_no_child,renting
460,30,2020,inactive_care,single_no_child,renting
461,18,2011,education,single_no_child,parental_home
461,19,2012,unemployed,single_no_child,parental_home
461,20,2013,unemployed,partnered_no_child,parental_home
461,21,2014,unemployed,partnered_no_child,parental_home
461,22,2015,part_time,partnered_no_child,parental_home
461,23,2016,unemployed,partnered_no_child,parental_home
461,24,2017,part_time,partnered_no_child,parental_home
461,25,2018,inactive_care,partnered_no_child,parental_home
461,26,2019,unemployed,partnered_no_child,parental_home
461,27,2020,part_time,partnered_no_child,parental_home
461,28,2021,unemployed,partnered_no_child,other_temporary
461,29,2022,full_time,partnered_no_child,renting
461,30,2023,part_time,partnered_no_child,renting
462,18,2011,education,single_no_child,parental_home
462,19,2012,unemployed,single_no_child,parental_home
462,20,2013,unemployed,single_no_child,parental_home
462,21,2014,unemployed,single_no_child,parental_home
462,22,2015,part_time,single_no_child,parental_home
462,23,2016,unemployed,single_no_child,parental_home
462,24,2017,unemployed,single_no_child,parental_home
462,25,2018,inactive_care,single_parent,parental_home
462,26,2019,unemployed,single_parent,parental_home
462,27,2020,part_time,partnered_with_child,parental_home
462,28,2021,unemployed,single_parent,renting
462,29,2022,full_time,single_parent,renting
462,30,2023,part_time,single_parent,renting
463,18,2009,education,single_no_child,parental_home
463,19,2010,education,single_no_child,parental_home
463,20,2011,full_time,single_no_child,parental_home
463,21,2012,full_time,single_no_child,parental_home
463,22,2013,full_time,single_no_child,parental_home
463,23,2014,full_time,single_no_child,renting
463,24,2015,full_time,single_no_child,owner_occupied
463,25,2016,full_time,single_no_child,owner_occupied
463,26,2017,full_time,single_parent,owner_occupied
463,27,2018,full_time,single_parent,owner_occupied
463,28,2019,full_time,single_parent,owner_occupied
463,29,2020,full_time,single_parent,owner_occupied
463,30,2021,full_time,single_parent,owner_occupied
464,18,2008,education,single_no_child,parental_home
464,19,2009,education,single_no_child,parental_home
464,20,2010,education,single_no_child,parental_home
464,21,2011,education,partnered_no_child,renting
464,22,2012,education,partnered_no_child,renting
464,23,2013,full_time,partnered_no_child,renting
464,24,2014,full_time,partnered_no_child,renting
464,25,2015,full_time,partnered_no_child,renting
464,26,2016,full_time,partnered_no_child,renting
464,27,2017,part_time,partnered_no_child,renting
464,28,2018,full_time,partnered_no_child,renting
464,29,2019,full_time,partnered_no_child,renting
464,30,2020,full_time,partnered_no_child,renting
465,18,2009,education,single_no_child,parental_home
465,19,2010,education,single_no_child,parental_home
465,20,2011,education,single_no_child,parental_home
465,21,2012,education,single_no_child,parental_home
465,22,2013,education,single_no_child,parental_home
465,23,2014,full_time,single_no_child,parental_home
465,24,2015,full_time,single_no_child,parental_home
465,25,2016,full_time,single_parent,parental_home
465,26,2017,part_time,single_parent,parental_home
465,27,2018,full_time,single_parent,parental_home
465,28,2019,full_time,single_parent,parental_home
465,29,2020,full_time,single_parent,renting
465,30,2021,full_time,single_parent,renting
466,18,2012,education,single_no_child,renting
466,19,2013,education,single_no_child,renting
466,20,2014,education,single_no_child,renting
466,21,2015,education,single_no_child,renting
466,22,2016,education,single_no_child,renting
466,23,2017,part_time,single_no_child,renting
466,24,2018,part_time,single_no_child,renting
466,25,2019,full_time,single_no_child,renting
466,26,2020,full_time,single_no_child,renting
466,27,2021,full_time,single_no_child,renting
466,28,2022,full_time,partnered_no_child,renting
466,29,2023,part_time,partnered_no_child,renting
466,30,2024,full_time,partnered_with_child,renting
467,18,2010,education,single_no_child,parental_home
467,19,2011,education,single_no_child,parental_home
467,20,2012,part_time,single_no_child,parental_home
467,21,2013,education,single_no_child,parental_home
467,22,2014,education,single_no_child,parental_home
467,23,2015,full_time,single_no_child,parental_home
467,24,2016,full_time,single_no_child,renting
467,25,2017,full_time,single_no_child,renting
467,26,2018,full_time,single_no_child,renting
467,27,2019,full_time,single_no_child,renting
467,28,2020,full_time,single_no_child,renting
467,29,2021,full_time,single_no_child,renting
467,30,2022,full_time,single_no_child,renting
468,18,2012,education,single_no_child,other_temporary
468,19,2013,education,single_no_child,renting
468,20,2014,education,single_no_child,renting
468,21,2015,full_time,single_no_child,renting
468,22,2016,unemployed,single_no_child,renting
468,23,2017,part_time,single_parent,renting
468,24,2018,part_time,single_parent,renting
468,25,2019,unemployed,single_parent,renting
468,26,2020,full_time,single_parent,renting
468,27,2021,full_time,single_parent,renting
468,28,2022,full_time,single_parent,renting
468,29,2023,full_time,single_parent,renting
468,30,2024,full_time,partnered_with_child,renting
469,18,2011,education,single_no_child,parental_home
469,19,2012,education,single_no_child,parental_home
469,20,2013,full_time,single_no_child,parental_home
469,21,2014,education,single_no_child,parental_home
469,22,2015,education,single_no_child,renting
469,23,2016,unemployed,single_no_child,renting
469,24,2017,full_time,single_no_child,owner_occupied
469,25,2018,full_time,single_no_child,owner_occupied
469,26,2019,full_time,single_no_child,owner_occupied
469,27,2020,full_time,single_parent,owner_occupied
469,28,2021,full_time,single_parent,owner_occupied
469,29,2022,full_time,single_parent,owner_occupied
469,30,2023,full_time,single_parent,owner_occupied
470,18,2009,education,single_no_child,parental_home
470,19,2010,education,single_no_child,parental_home
470,20,2011,full_time,single_no_child,parental_home
470,21,2012,full_time,single_no_child,renting
470,22,2013,full_time,single_no_child,renting
470,23,2014,full_time,single_no_child,renting
470,24,2015,full_time,single_no_child,renting
470,25,2016,full_time,single_parent,renting
470,26,2017,full_time,single_parent,renting
470,27,2018,education,single_parent,renting
470,28,2019,full_time,single_parent,renting
470,29,2020,full_time,single_parent,renting
470,30,2021,unemployed,single_parent,owner_occupied
471,18,2009,education,single_no_child,parental_home
471,19,2010,education,single_no_child,parental_home
471,20,2011,unemployed,single_no_child,parental_home
471,21,2012,part_time,partnered_no_child,parental_home
471,22,2013,full_time,partnered_no_child,parental_home
471,23,2014,unemployed,partnered_no_child,parental_home
471,24,2015,full_time,partnered_no_child,parental_home
471,25,2016,part_time,partnered_with_child,renting
471,26,2017,unemployed,partnered_with_child,renting
471,27,2018,full_time,partnered_with_child,renting
471,28,2019,part_time,partnered_with_child,renting
471,29,2020,full_time,partnered_with_child,renting
471,30,2021,full_time,partnered_with_child,renting
472,18,2008,education,single_no_child,parental_home
472,19,2009,education,single_no_child,parental_home
472,20,2010,full_time,single_no_child,parental_home
472,21,2011,full_time,single_no_child,parental_home
472,22,2012,full_time,single_no_child,parental_home
472,23,2013,full_time,single_no_child,parental_home
472,24,2014,unemployed,single_no_child,parental_home
472,25,2015,full_time,single_no_child,parental_home
472,26,2016,full_time,single_no_child,renting
472,27,2017,full_time,single_no_child,renting
472,28,2018,full_time,partnered_no_child,renting
472,29,2019,full_time,partnered_no_child,renting
472,30,2020,full_time,partnered_no_child,renting
473,18,2009,education,single_no_child,renting
473,19,2010,education,single_no_child,renting
473,20,2011,education,single_no_child,renting
473,21,2012,full_time,single_no_child,renting
473,22,2013,education,single_no_child,renting
473,23,2014,full_time,single_parent,renting
473,24,2015,part_time,single_parent,renting
473,25,2016,full_time,single_parent,renting
473,26,2017,unemployed,single_parent,renting
473,27,2018,full_time,single_parent,renting
473,28,2019,full_time,single_parent,renting
473,29,2020,full_time,single_parent,owner_occupied
473,30,2021,full_time,partnered_with_child,owner_occupied
474,18,2009,education,single_no_child,parental_home
474,19,2010,unemployed,single_no_child,parental_home
474,20,2011,unemployed,single_no_child,parental_home
474,21,2012,unemployed,single_no_child,parental_home
474,22,2013,part_time,single_no_child,parental_home
474,23,2014,unemployed,single_no_child,parental_home
474,24,2015,unemployed,single_no_child,parental_home
474,25,2016,inactive_care,partnered_no_child,renting
474,26,2017,unemployed,partnered_no_child,renting
474,27,2018,part_time,partnered_no_child,renting
474,28,2019,unemployed,partnered_no_child,renting
474,29,2020,full_time,partnered_no_child,renting
474,30,2021,full_time,partnered_no_child,renting
475,18,2008,education,single_no_child,parental_home
475,19,2009,education,single_no_child,parental_home
475,20,2010,education,single_no_child,parental_home
475,21,2011,unemployed,single_no_child,parental_home
475,22,2012,unemployed,single_no_child,parental_home
475,23,2013,part_time,single_no_child,parental_home
475,24,2014,part_time,single_no_child,renting
475,25,2015,full_time,single_no_child,renting
475,26,2016,full_time,single_no_child,renting
475,27,2017,full_time,single_no_child,renting
475,28,2018,full_time,single_no_child,renting
475,29,2019,full_time,single_no_child,renting
475,30,2020,full_time,single_no_child,renting
476,18,2009,education,single_no_child,parental_home
476,19,2010,unemployed,single_no_child,parental_home
476,20,2011,part_time,single_no_child,parental_home
476,21,2012,unemployed,single_no_child,renting
476,22,2013,unemployed,single_no_child,renting
476,23,2014,full_time,single_no_child,renting
476,24,2015,part_time,single_no_child,renting
476,25,2016,full_time,single_no_child,renting
476,26,2017,full_time,single_no_child,renting
476,27,2018,full_time,single_no_child,renting
476,28,2019,full_time,single_no_child,renting
476,29,2020,full_time,partnered_no_child,renting
476,30,2021,full_time,partnered_with_child,renting
477,18,2010,education,single_no_child,parental_home
477,19,2011,education,single_no_child,parental_home
477,20,2012,education,single_no_child,parental_home
477,21,2013,education,single_no_child,parental_home
477,22,2014,unemployed,single_no_child,parental_home
477,23,2015,full_time,single_no_child,parental_home
477,24,2016,full_time,single_no_child,parental_home
477,25,2017,full_time,single_no_child,renting
477,26,2018,full_time,partnered_no_child,renting
477,27,2019,full_time,partnered_no_child,renting
477,28,2020,full_time,partnered_no_child,renting
477,29,2021,full_time,partnered_no_child,renting
477,30,2022,full_time,partnered_no_child,renting
478,18,2009,education,single_no_child,parental_home
478,19,2010,education,single_no_child,parental_home
478,20,2011,full_time,single_no_child,parental_home
478,21,2012,inactive_care,partnered_no_child,parental_home
478,22,2013,full_time,partnered_no_child,parental_home
478,23,2014,full_time,partnered_no_child,parental_home
478,24,2015,full_time,partnered_no_child,parental_home
478,25,2016,full_time,partnered_no_child,parental_home
478,26,2017,full_time,partnered_no_child,renting
478,27,2018,full_time,partnered_with_child,renting
478,28,2019,full_time,partnered_with_child,renting
478,29,2020,full_time,partnered_with_child,renting
478,30,2021,full_time,partnered_with_child,renting
479,18,2011,education,single_no_child,parental_home
479,19,2012,education,single_no_child,parental_home
479,20,2013,education,single_no_child,parental_home
479,21,2014,education,single_no_child,parental_home
479,22,2015,education,single_no_child,parental_home
479,23,2016,inactive_care,single_no_child,parental_home
479,24,2017,full_time,single_no_child,parental_home
479,25,2018,full_time,single_no_child,parental_home
479,26,2019,full_time,single_no_child,parental_home
479,27,2020,full_time,single_no_child,parental_home
479,28,2021,part_time,partnered_no_child,other_temporary
479,29,2022,full_time,partnered_no_child,renting
479,30,2023,full_time,partnered_with_child,renting
480,18,2011,education,single_no_child,parental_home
480,19,2012,education,single_no_child,parental_home
480,20,2013,education,single_no_child,parental_home
480,21,2014,education,single_no_child,parental_home
480,22,2015,education,single_no_child,parental_home
480,23,2016,part_time,single_no_child,parental_home
480,24,2017,education,single_no_child,parental_home
480,25,2018,full_time,single_no_child,renting
480,26,2019,full_time,partnered_no_child,renting
480,27,2020,full_time,partnered_no_child,renting
480,28,2021,full_time,partnered_no_child,renting
480,29,2022,full_time,partnered_no_child,renting
480,30,2023,full_time,partnered_with_child,renting
481,18,2008,education,single_no_child,parental_home
481,19,2009,unemployed,single_no_child,parental_home
481,20,2010,unemployed,single_no_child,parental_home
481,21,2011,unemployed,single_no_child,parental_home
481,22,2012,part_time,single_no_child,parental_home
481,23,2013,unemployed,single_parent,renting
481,24,2014,unemployed,single_parent,renting
481,25,2015,inactive_care,single_parent,renting
481,26,2016,unemployed,single_parent,renting
481,27,2017,part_time,single_parent,renting
481,28,2018,unemployed,single_parent,renting
481,29,2019,full_time,single_parent,renting
481,30,2020,part_time,single_parent,renting
482,18,2010,education,single_no_child,parental_home
482,19,2011,education,single_no_child,parental_home
482,20,2012,education,single_no_child,parental_home
482,21,2013,education,single_no_child,parental_home
482,22,2014,education,single_no_child,parental_home
482,23,2015,full_time,single_parent,renting
482,24,2016,full_time,single_parent,renting
482,25,2017,full_time,single_parent,renting
482,26,2018,full_time,single_parent,renting
482,27,2019,part_time,single_parent,renting
482,28,2020,part_time,single_parent,renting
482,29,2021,part_time,partnered_with_child,renting
482,30,2022,full_time,partnered_with_child,owner_occupied
483,18,2011,education,single_no_child,other_temporary
483,19,2012,education,single_no_child,other_temporary
483,20,2013,education,single_no_child,renting
483,21,2014,education,single_no_child,renting
483,22,2015,education,single_no_child,renting
483,23,2016,full_time,single_no_child,renting
483,24,2017,full_time,single_no_child,renting
483,25,2018,full_time,single_no_child,renting
483,26,2019,unemployed,single_no_child,renting
483,27,2020,full_time,single_no_child,renting
483,28,2021,full_time,partnered_no_child,renting
483,29,2022,full_time,partnered_no_child,renting
483,30,2023,full_time,partnered_no_child,renting
484,18,2011,education,partnered_no_child,parental_home
484,19,2012,education,partnered_no_child,renting
484,20,2013,unemployed,partnered_no_child,renting
484,21,2014,part_time,partnered_no_child,renting
484,22,2015,full_time,partnered_with_child,renting
484,23,2016,unemployed,partnered_with_child,renting
484,24,2017,full_time,partnered_with_child,renting
484,25,2018,part_time,partnered_with_child,renting
484,26,2019,unemployed,partnered_with_child,renting
484,27,2020,full_time,partnered_with_child,renting
484,28,2021,part_time,partnered_with_child,renting
484,29,2022,full_time,partnered_with_child,renting
484,30,2023,full_time,single_parent,renting
485,18,2010,education,single_no_child,parental_home
485,19,2011,education,single_no_child,parental_home
485,20,2012,education,single_no_child,parental_home
485,21,2013,education,single_no_child,parental_home
485,22,2014,education,single_no_child,parental_home
485,23,2015,full_time,single_no_child,renting
485,24,2016,full_time,single_no_child,renting
485,25,2017,full_time,single_no_child,renting
485,26,2018,full_time,partnered_no_child,renting
485,27,2019,full_time,partnered_with_child,renting
485,28,2020,full_time,partnered_with_child,renting
485,29,2021,full_time,partnered_with_child,renting
485,30,2022,full_time,partnered_with_child,renting
486,18,2008,education,single_no_child,parental_home
486,19,2009,education,single_no_child,parental_home
486,20,2010,unemployed,single_no_child,parental_home
486,21,2011,part_time,single_no_child,parental_home
486,22,2012,full_time,single_no_child,renting
486,23,2013,unemployed,single_no_child,renting
486,24,2014,inactive_care,single_no_child,renting
486,25,2015,part_time,single_no_child,renting
486,26,2016,unemployed,single_no_child,renting
486,27,2017,full_time,single_no_child,renting
486,28,2018,part_time,single_no_child,renting
486,29,2019,full_time,single_no_child,renting
486,30,2020,full_time,partnered_no_child,renting
487,18,2010,education,single_no_child,parental_home
487,19,2011,education,single_no_child,parental_home
487,20,2012,full_time,single_no_child,parental_home
487,21,2013,full_time,single_no_child,parental_home
487,22,2014,full_time,single_no_child,parental_home
487,23,2015,full_time,single_no_child,renting
487,24,2016,full_time,single_no_child,renting
487,25,2017,full_time,single_no_child,renting
487,26,2018,full_time,partnered_no_child,renting
487,27,2019,full_time,partnered_no_child,renting
487,28,2020,full_time,partnered_no_child,renting
487,29,2021,full_time,partnered_no_child,renting
487,30,2022,full_time,partnered_no_child,owner_occupied
488,18,2012,education,single_no_child,renting
488,19,2013,education,single_no_child,renting
488,20,2014,education,single_no_child,renting
488,21,2015,education,single_no_child,renting
488,22,2016,education,single_no_child,renting
488,23,2017,full_time,single_no_child,renting
488,24,2018,full_time,single_no_child,renting
488,25,2019,inactive_care,partnered_no_child,renting
488,26,2020,full_time,partnered_no_child,renting
488,27,2021,unemployed,partnered_no_child,renting
488,28,2022,full_time,single_no_child,renting
488,29,2023,full_time,single_no_child,renting
488,30,2024,full_time,single_no_child,renting
489,18,2009,education,single_no_child,parental_home
489,19,2010,education,single_no_child,parental_home
489,20,2011,full_time,single_no_child,renting
489,21,2012,full_time,single_no_child,renting
489,22,2013,full_time,single_no_child,renting
489,23,2014,part_time,single_no_child,renting
489,24,2015,unemployed,single_no_child,renting
489,25,2016,full_time,single_no_child,renting
489,26,2017,inactive_care,single_no_child,renting
489,27,2018,part_time,single_no_child,renting
489,28,2019,full_time,single_no_child,renting
489,29,2020,full_time,single_parent,renting
489,30,2021,inactive_care,single_parent,renting
490,18,2012,education,single_no_child,parental_home
490,19,2013,unemployed,single_no_child,parental_home
490,20,2014,part_time,single_no_child,parental_home
490,21,2015,education,single_no_child,parental_home
490,22,2016,inactive_care,single_no_child,parental_home
490,23,2017,full_time,single_no_child,renting
490,24,2018,full_time,single_no_child,renting
490,25,2019,full_time,partnered_no_child,renting
490,26,2020,full_time,partnered_no_child,owner_occupied
490,27,2021,full_time,partnered_no_child,owner_occupied
490,28,2022,full_time,partnered_no_child,owner_occupied
490,29,2023,full_time,partnered_no_child,owner_occupied
490,30,2024,full_time,partnered_no_child,owner_occupied
491,18,2009,education,single_no_child,other_temporary
491,19,2010,education,partnered_no_child,other_temporary
491,20,2011,full_time,partnered_no_child,other_temporary
491,21,2012,part_time,partnered_with_child,other_temporary
491,22,2013,full_time,partnered_with_child,other_temporary
491,23,2014,unemployed,partnered_with_child,other_temporary
491,24,2015,full_time,partnered_with_child,other_temporary
491,25,2016,part_time,partnered_with_child,renting
491,26,2017,unemployed,partnered_with_child,renting
491,27,2018,full_time,partnered_with_child,renting
491,28,2019,part_time,partnered_with_child,renting
491,29,2020,full_time,partnered_with_child,renting
491,30,2021,full_time,partnered_with_child,owner_occupied
492,18,2010,education,single_no_child,parental_home
492,19,2011,education,single_no_child,parental_home
492,20,2012,education,single_no_child,parental_home
492,21,2013,full_time,single_no_child,parental_home
492,22,2014,full_time,single_no_child,parental_home
492,23,2015,full_time,partnered_with_child,renting
492,24,2016,full_time,single_parent,renting
492,25,2017,inactive_care,single_parent,renting
492,26,2018,inactive_care,single_parent,renting
492,27,2019,part_time,single_parent,renting
492,28,2020,part_time,single_parent,renting
492,29,2021,full_time,single_parent,renting
492,30,2022,full_time,single_parent,owner_occupied
493,18,2008,education,single_no_child,parental_home
493,19,2009,education,single_no_child,parental_home
493,20,2010,full_time,single_no_child,parental_home
493,21,2011,full_time,single_no_child,parental_home
493,22,2012,full_time,single_no_child,parental_home
493,23,2013,full_time,single_no_child,parental_home
493,24,2014,full_time,single_no_child,other_temporary
493,25,2015,full_time,partnered_no_child,other_temporary
493,26,2016,full_time,partnered_with_child,renting
493,27,2017,part_time,partnered_with_child,owner_occupied
493,28,2018,full_time,partnered_with_child,owner_occupied
493,29,2019,part_time,partnered_with_child,owner_occupied
493,30,2020,inactive_care,partnered_with_child,owner_occupied
494,18,2008,education,single_no_child,parental_home
494,19,2009,part_time,single_no_child,parental_home
494,20,2010,education,single_no_child,parental_home
494,21,2011,education,single_no_child,parental_home
494,22,2012,education,single_no_child,parental_home
494,23,2013,full_time,single_no_child,renting
494,24,2014,full_time,single_no_child,renting
494,25,2015,full_time,single_no_child,renting
494,26,2016,full_time,single_no_child,renting
494,27,2017,full_time,single_no_child,renting
494,28,2018,full_time,single_no_child,renting
494,29,2019,full_time,partnered_no_child,renting
494,30,2020,full_time,partnered_no_child,renting
495,18,2012,education,single_no_child,parental_home
495,19,2013,education,single_no_child,parental_home
495,20,2014,education,single_no_child,parental_home
495,21,2015,education,single_no_child,parental_home
495,22,2016,part_time,single_no_child,parental_home
495,23,2017,full_time,single_no_child,parental_home
495,24,2018,full_time,single_no_child,parental_home
495,25,2019,full_time,single_no_child,parental_home
495,26,2020,full_time,partnered_with_child,renting
495,27,2021,full_time,partnered_with_child,renting
495,28,2022,full_time,partnered_with_child,renting
495,29,2023,full_time,partnered_with_child,renting
495,30,2024,full_time,partnered_with_child,renting
496,18,2008,education,single_no_child,parental_home
496,19,2009,education,single_no_child,parental_home
496,20,2010,education,single_no_child,parental_home
496,21,2011,education,single_no_child,parental_home
496,22,2012,education,single_parent,parental_home
496,23,2013,full_time,single_parent,parental_home
496,24,2014,full_time,single_parent,renting
496,25,2015,full_time,single_parent,renting
496,26,2016,full_time,single_parent,renting
496,27,2017,full_time,single_parent,renting
496,28,2018,full_time,single_parent,renting
496,29,2019,full_time,single_parent,renting
496,30,2020,full_time,single_parent,owner_occupied
497,18,2011,education,single_no_child,other_temporary
497,19,2012,education,single_no_child,other_temporary
497,20,2013,unemployed,single_no_child,other_temporary
497,21,2014,part_time,single_no_child,other_temporary
497,22,2015,full_time,single_no_child,renting
497,23,2016,unemployed,single_no_child,renting
497,24,2017,full_time,partnered_no_child,renting
497,25,2018,part_time,partnered_no_child,renting
497,26,2019,unemployed,single_no_child,renting
497,27,2020,full_time,partnered_no_child,renting
497,28,2021,part_time,partnered_no_child,renting
497,29,2022,full_time,partnered_no_child,renting
497,30,2023,full_time,partnered_no_child,renting
498,18,2012,full_time,single_no_child,parental_home
498,19,2013,education,single_no_child,parental_home
498,20,2014,education,single_no_child,parental_home
498,21,2015,part_time,single_no_child,renting
498,22,2016,education,single_no_child,renting
498,23,2017,full_time,single_no_child,renting
498,24,2018,full_time,single_no_child,renting
498,25,2019,full_time,partnered_no_child,renting
498,26,2020,full_time,partnered_no_child,renting
498,27,2021,full_time,partnered_no_child,renting
498,28,2022,full_time,partnered_no_child,renting
498,29,2023,full_time,partnered_with_child,renting
498,30,2024,inactive_care,partnered_with_child,renting
499,18,2010,education,single_no_child,parental_home
499,19,2011,unemployed,single_no_child,parental_home
499,20,2012,education,single_no_child,parental_home
499,21,2013,full_time,single_parent,parental_home
499,22,2014,full_time,single_parent,parental_home
499,23,2015,full_time,single_parent,parental_home
499,24,2016,full_time,partnered_with_child,renting
499,25,2017,part_time,partnered_with_child,renting
499,26,2018,inactive_care,partnered_with_child,renting
499,27,2019,part_time,partnered_with_child,renting
499,28,2020,part_time,partnered_with_child,renting
499,29,2021,full_time,partnered_with_child,renting
499,30,2022,full_time,partnered_with_child,renting
500,18,2012,unemployed,single_no_child,parental_home
500,19,2013,education,single_no_child,renting
500,20,2014,education,single_no_child,renting
500,21,2015,education,single_no_child,renting
500,22,2016,part_time,single_no_child,renting
500,23,2017,full_time,single_no_child,renting
500,24,2018,full_time,single_parent,renting
500,25,2019,full_time,single_parent,renting
500,26,2020,full_time,single_parent,renting
500,27,2021,full_time,single_parent,renting
500,28,2022,full_time,partnered_with_child,renting
500,29,2023,full_time,partnered_with_child,owner_occupied
500,30,2024,full_time,partnered_with_child,owner_occupied
501,18,2012,education,single_no_child,parental_home
501,19,2013,unemployed,single_no_child,other_temporary
501,20,2014,education,single_no_child,renting
501,21,2015,education,single_no_child,renting
501,22,2016,education,single_no_child,renting
501,23,2017,full_time,single_no_child,renting
501,24,2018,full_time,single_no_child,renting
501,25,2019,full_time,single_no_child,renting
501,26,2020,full_time,single_no_child,renting
501,27,2021,full_time,single_no_child,renting
501,28,2022,full_time,single_no_child,renting
501,29,2023,unemployed,single_no_child,renting
501,30,2024,full_time,single_parent,owner_occupied
502,18,2009,education,single_no_child,parental_home
502,19,2010,education,single_no_child,renting
502,20,2011,education,single_no_child,renting
502,21,2012,part_time,single_no_child,renting
502,22,2013,unemployed,single_no_child,renting
502,23,2014,part_time,single_no_child,renting
502,24,2015,unemployed,single_no_child,renting
502,25,2016,full_time,single_no_child,renting
502,26,2017,full_time,single_no_child,renting
502,27,2018,full_time,single_no_child,renting
502,28,2019,full_time,single_no_child,renting
502,29,2020,full_time,single_no_child,renting
502,30,2021,inactive_care,single_no_child,renting
503,18,2009,education,single_no_child,parental_home
503,19,2010,education,single_no_child,parental_home
503,20,2011,unemployed,single_no_child,renting
503,21,2012,part_time,partnered_no_child,renting
503,22,2013,full_time,partnered_no_child,renting
503,23,2014,unemployed,partnered_no_child,renting
503,24,2015,full_time,partnered_with_child,renting
503,25,2016,part_time,partnered_with_child,renting
503,26,2017,unemployed,single_parent,renting
503,27,2018,full_time,single_parent,renting
503,28,2019,part_time,single_parent,renting
503,29,2020,full_time,single_parent,renting
503,30,2021,full_time,single_parent,renting
504,18,2010,education,single_no_child,parental_home
504,19,2011,unemployed,single_no_child,parental_home
504,20,2012,education,single_no_child,parental_home
504,21,2013,full_time,single_no_child,parental_home
504,22,2014,education,single_no_child,parental_home
504,23,2015,full_time,single_no_child,parental_home
504,24,2016,full_time,single_no_child,parental_home
504,25,2017,full_time,single_no_child,parental_home
504,26,2018,full_time,partnered_no_child,parental_home
504,27,2019,full_time,partnered_no_child,parental_home
504,28,2020,full_time,partnered_no_child,parental_home
504,29,2021,full_time,partnered_no_child,renting
504,30,2022,part_time,partnered_no_child,renting
505,18,2010,education,single_no_child,parental_home
505,19,2011,education,single_no_child,parental_home
505,20,2012,unemployed,single_no_child,parental_home
505,21,2013,part_time,single_no_child,parental_home
505,22,2014,full_time,partnered_no_child,parental_home
505,23,2015,unemployed,single_no_child,parental_home
505,24,2016,inactive_care,partnered_no_child,renting
505,25,2017,part_time,partnered_no_child,renting
505,26,2018,full_time,single_parent,renting
505,27,2019,full_time,single_parent,renting
505,28,2020,part_time,partnered_with_child,renting
505,29,2021,part_time,partnered_with_child,renting
505,30,2022,full_time,partnered_with_child,renting
506,18,2009,education,single_no_child,renting
506,19,2010,unemployed,single_no_child,renting
506,20,2011,unemployed,single_no_child,renting
506,21,2012,unemployed,single_no_child,renting
506,22,2013,part_time,single_no_child,renting
506,23,2014,unemployed,partnered_no_child,renting
506,24,2015,unemployed,partnered_no_child,renting
506,25,2016,inactive_care,partnered_with_child,renting
506,26,2017,unemployed,partnered_with_child,renting
506,27,2018,part_time,partnered_with_child,renting
506,28,2019,unemployed,partnered_with_child,renting
506,29,2020,full_time,partnered_with_child,renting
506,30,2021,part_time,partnered_with_child,renting
507,18,2008,education,single_no_child,parental_home
507,19,2009,education,single_no_child,parental_home
507,20,2010,education,single_no_child,parental_home
507,21,2011,education,single_no_child,parental_home
507,22,2012,unemployed,single_parent,parental_home
507,23,2013,full_time,single_parent,parental_home
507,24,2014,unemployed,single_parent,renting
507,25,2015,full_time,single_parent,renting
507,26,2016,full_time,single_parent,renting
507,27,2017,full_time,single_parent,renting
507,28,2018,full_time,partnered_with_child,renting
507,29,2019,full_time,partnered_with_child,owner_occupied
507,30,2020,full_time,partnered_with_child,owner_occupied
508,18,2012,education,single_no_child,parental_home
508,19,2013,education,single_no_child,renting
508,20,2014,education,single_no_child,renting
508,21,2015,education,single_no_child,renting
508,22,2016,unemployed,single_no_child,renting
508,23,2017,full_time,single_no_child,renting
508,24,2018,full_time,single_no_child,renting
508,25,2019,full_time,single_no_child,renting
508,26,2020,full_time,single_no_child,renting
508,27,2021,full_time,single_parent,renting
508,28,2022,full_time,single_parent,owner_occupied
508,29,2023,full_time,single_parent,owner_occupied
508,30,2024,full_time,single_parent,owner_occupied
509,18,2010,education,single_no_child,renting
509,19,2011,education,single_no_child,renting
509,20,2012,unemployed,single_no_child,renting
509,21,2013,part_time,single_no_child,renting
509,22,2014,full_time,single_no_child,renting
509,23,2015,unemployed,single_no_child,renting
509,24,2016,full_time,partnered_no_child,renting
509,25,2017,part_time,partnered_no_child,renting
509,26,2018,unemployed,partnered_no_child,renting
509,27,2019,full_time,partnered_no_child,renting
509,28,2020,part_time,partnered_with_child,renting
509,29,2021,part_time,partnered_with_child,renting
509,30,2022,full_time,partnered_with_child,renting
510,18,2008,education,single_no_child,renting
510,19,2009,education,single_no_child,renting
510,20,2010,education,single_no_child,renting
510,21,2011,education,single_no_child,renting
510,22,2012,education,single_no_child,renting
510,23,2013,full_time,single_parent,renting
510,24,2014,full_time,single_parent,renting
510,25,2015,full_time,single_parent,renting
510,26,2016,full_time,single_parent,renting
510,27,2017,full_time,single_parent,renting
510,28,2018,full_time,single_parent,renting
510,29,2019,full_time,single_parent,renting
510,30,2020,full_time,single_parent,renting
511,18,2010,education,partnered_no_child,parental_home
511,19,2011,education,partnered_no_child,parental_home
511,20,2012,part_time,partnered_no_child,parental_home
511,21,2013,full_time,partnered_no_child,parental_home
511,22,2014,education,partnered_no_child,parental_home
511,23,2015,full_time,partnered_no_child,parental_home
511,24,2016,full_time,partnered_no_child,parental_home
511,25,2017,full_time,partnered_no_child,other_temporary
511,26,2018,full_time,partnered_no_child,other_temporary
511,27,2019,full_time,partnered_with_child,renting
511,28,2020,full_time,partnered_with_child,renting
511,29,2021,full_time,partnered_with_child,renting
511,30,2022,full_time,partnered_with_child,owner_occupied
512,18,2011,education,single_no_child,parental_home
512,19,2012,education,single_no_child,parental_home
512,20,2013,full_time,single_no_child,parental_home
512,21,2014,full_time,single_no_child,parental_home
512,22,2015,full_time,single_no_child,parental_home
512,23,2016,full_time,single_no_child,parental_home
512,24,2017,full_time,single_no_child,renting
512,25,2018,full_time,single_no_child,renting
512,26,2019,full_time,partnered_no_child,renting
512,27,2020,full_time,partnered_no_child,renting
512,28,2021,full_time,partnered_no_child,renting
512,29,2022,full_time,partnered_no_child,renting
512,30,2023,full_time,partnered_no_child,renting
513,18,2011,education,single_no_child,renting
513,19,2012,education,single_no_child,renting
513,20,2013,unemployed,single_no_child,renting
513,21,2014,part_time,single_no_child,renting
513,22,2015,full_time,single_no_child,renting
513,23,2016,unemployed,single_no_child,renting
513,24,2017,full_time,partnered_no_child,renting
513,25,2018,part_time,partnered_no_child,renting
513,26,2019,inactive_care,partnered_no_child,renting
513,27,2020,full_time,partnered_no_child,owner_occupied
513,28,2021,part_time,partnered_no_child,owner_occupied
513,29,2022,full_time,partnered_no_child,owner_occupied
513,30,2023,full_time,partnered_no_child,renting
514,18,2012,education,single_no_child,parental_home
514,19,2013,education,single_no_child,parental_home
514,20,2014,part_time,single_no_child,parental_home
514,21,2015,full_time,single_no_child,parental_home
514,22,2016,full_time,single_no_child,parental_home
514,23,2017,full_time,single_no_child,parental_home
514,24,2018,full_time,single_no_child,parental_home
514,25,2019,full_time,single_no_child,renting
514,26,2020,inactive_care,single_no_child,renting
514,27,2021,full_time,single_no_child,owner_occupied
514,28,2022,full_time,single_no_child,owner_occupied
514,29,2023,full_time,partnered_no_child,owner_occupied
514,30,2024,full_time,partnered_no_child,owner_occupied
515,18,2012,full_time,single_no_child,other_temporary
515,19,2013,education,single_no_child,other_temporary
515,20,2014,education,single_no_child,other_temporary
515,21,2015,unemployed,single_no_child,renting
515,22,2016,unemployed,single_no_child,renting
515,23,2017,part_time,single_no_child,renting
515,24,2018,part_time,single_no_child,renting
515,25,2019,full_time,single_no_child,renting
515,26,2020,full_time,single_no_child,renting
515,27,2021,inactive_care,single_no_child,renting
515,28,2022,full_time,partnered_no_child,renting
515,29,2023,full_time,partnered_no_child,renting
515,30,2024,full_time,partnered_no_child,renting
516,18,2009,education,single_no_child,renting
516,19,2010,education,single_no_child,renting
516,20,2011,unemployed,single_no_child,renting
516,21,2012,education,single_no_child,renting
516,22,2013,education,single_no_child,renting
516,23,2014,full_time,single_no_child,renting
516,24,2015,full_time,partnered_with_child,renting
516,25,2016,full_time,partnered_with_child,renting
516,26,2017,full_time,partnered_with_child,owner_occupied
516,27,2018,full_time,partnered_with_child,owner_occupied
516,28,2019,full_time,partnered_with_child,owner_occupied
516,29,2020,full_time,partnered_with_child,owner_occupied
516,30,2021,full_time,partnered_with_child,owner_occupied
517,18,2010,education,single_no_child,parental_home
517,19,2011,education,single_no_child,parental_home
517,20,2012,full_time,single_no_child,renting
517,21,2013,full_time,single_no_child,renting
517,22,2014,full_time,partnered_no_child,renting
517,23,2015,full_time,partnered_no_child,renting
517,24,2016,full_time,partnered_no_child,renting
517,25,2017,full_time,partnered_no_child,renting
517,26,2018,full_time,partnered_with_child,renting
517,27,2019,full_time,partnered_with_child,renting
517,28,2020,full_time,partnered_with_child,renting
517,29,2021,full_time,partnered_with_child,owner_occupied
517,30,2022,full_time,partnered_with_child,owner_occupied
518,18,2011,education,single_no_child,renting
518,19,2012,education,single_no_child,renting
518,20,2013,unemployed,partnered_no_child,renting
518,21,2014,part_time,partnered_no_child,renting
518,22,2015,full_time,partnered_no_child,renting
518,23,2016,part_time,partnered_no_child,renting
518,24,2017,full_time,partnered_no_child,renting
518,25,2018,part_time,partnered_no_child,renting
518,26,2019,unemployed,partnered_no_child,renting
518,27,2020,full_time,partnered_with_child,renting
518,28,2021,full_time,partnered_with_child,renting
518,29,2022,full_time,partnered_with_child,renting
518,30,2023,full_time,partnered_with_child,renting
519,18,2010,education,single_no_child,parental_home
519,19,2011,education,single_no_child,parental_home
519,20,2012,education,single_no_child,parental_home
519,21,2013,education,single_no_child,parental_home
519,22,2014,part_time,single_no_child,parental_home
519,23,2015,full_time,single_no_child,parental_home
519,24,2016,full_time,single_no_child,renting
519,25,2017,full_time,single_no_child,renting
519,26,2018,part_time,single_no_child,renting
519,27,2019,full_time,partnered_no_child,renting
519,28,2020,unemployed,partnered_no_child,renting
519,29,2021,full_time,partnered_no_child,renting
519,30,2022,full_time,partnered_no_child,renting
520,18,2008,education,single_no_child,parental_home
520,19,2009,education,single_no_child,parental_home
520,20,2010,full_time,single_no_child,renting
520,21,2011,full_time,partnered_no_child,renting
520,22,2012,full_time,partnered_no_child,renting
520,23,2013,full_time,partnered_no_child,renting
520,24,2014,full_time,partnered_no_child,renting
520,25,2015,full_time,partnered_no_child,renting
520,26,2016,full_time,partnered_with_child,renting
520,27,2017,full_time,partnered_with_child,renting
520,28,2018,full_time,partnered_with_child,renting
520,29,2019,part_time,partnered_with_child,renting
520,30,2020,full_time,partnered_with_child,renting
521,18,2008,education,single_no_child,parental_home
521,19,2009,education,single_no_child,parental_home
521,20,2010,education,single_no_child,renting
521,21,2011,unemployed,single_no_child,renting
521,22,2012,part_time,single_no_child,renting
521,23,2013,inactive_care,single_no_child,renting
521,24,2014,part_time,single_no_child,renting
521,25,2015,full_time,single_no_child,renting
521,26,2016,full_time,single_no_child,renting
521,27,2017,full_time,single_no_child,renting
521,28,2018,full_time,single_no_child,renting
521,29,2019,full_time,single_no_child,renting
521,30,2020,full_time,partnered_no_child,renting
522,18,2011,education,single_no_child,parental_home
522,19,2012,education,single_no_child,renting
522,20,2013,unemployed,single_no_child,renting
522,21,2014,unemployed,single_no_child,renting
522,22,2015,full_time,single_no_child,renting
522,23,2016,unemployed,single_no_child,renting
522,24,2017,full_time,single_no_child,renting
522,25,2018,part_time,single_parent,renting
522,26,2019,inactive_care,partnered_with_child,renting
522,27,2020,full_time,partnered_with_child,renting
522,28,2021,part_time,partnered_with_child,renting
522,29,2022,full_time,partnered_with_child,renting
522,30,2023,full_time,partnered_with_child,renting
523,18,2012,education,single_no_child,parental_home
523,19,2013,education,single_no_child,parental_home
523,20,2014,education,single_no_child,parental_home
523,21,2015,education,single_no_child,parental_home
523,22,2016,education,single_no_child,parental_home
523,23,2017,full_time,single_no_child,renting
523,24,2018,full_time,single_no_child,renting
523,25,2019,full_time,single_no_child,renting
523,26,2020,full_time,single_no_child,renting
523,27,2021,full_time,single_no_child,renting
523,28,2022,full_time,single_no_child,renting
523,29,2023,full_time,partnered_no_child,renting
523,30,2024,full_time,partnered_no_child,renting
524,18,2009,education,single_no_child,parental_home
524,19,2010,education,single_no_child,parental_home
524,20,2011,full_time,single_no_child,renting
524,21,2012,education,single_no_child,renting
524,22,2013,education,single_no_child,renting
524,23,2014,full_time,single_no_child,renting
524,24,2015,full_time,single_no_child,renting
524,25,2016,full_time,single_no_child,renting
524,26,2017,full_time,single_no_child,renting
524,27,2018,full_time,partnered_no_child,renting
524,28,2019,full_time,partnered_no_child,renting
524,29,2020,full_time,partnered_no_child,renting
524,30,2021,full_time,partnered_no_child,renting
525,18,2008,education,single_no_child,parental_home
525,19,2009,unemployed,single_no_child,parental_home
525,20,2010,unemployed,single_no_child,parental_home
525,21,2011,unemployed,single_no_child,parental_home
525,22,2012,part_time,single_no_child,renting
525,23,2013,unemployed,single_no_child,renting
525,24,2014,unemployed,single_no_child,renting
525,25,2015,inactive_care,single_no_child,renting
525,26,2016,full_time,single_no_child,renting
525,27,2017,part_time,single_no_child,renting
525,28,2018,unemployed,single_no_child,renting
525,29,2019,full_time,partnered_no_child,renting
525,30,2020,part_time,partnered_no_child,renting
526,18,2012,education,single_no_child,renting
526,19,2013,education,single_no_child,renting
526,20,2014,education,single_no_child,renting
526,21,2015,unemployed,single_no_child,renting
526,22,2016,unemployed,single_no_child,renting
526,23,2017,part_time,single_no_child,renting
526,24,2018,part_time,single_no_child,renting
526,25,2019,full_time,single_no_child,renting
526,26,2020,full_time,single_no_child,renting
526,27,2021,inactive_care,single_no_child,renting
526,28,2022,full_time,single_no_child,renting
526,29,2023,full_time,single_no_child,renting
526,30,2024,full_time,single_no_child,owner_occupied
527,18,2012,full_time,single_no_child,parental_home
527,19,2013,education,single_no_child,other_temporary
527,20,2014,part_time,single_no_child,renting
527,21,2015,education,single_no_child,renting
527,22,2016,education,single_no_child,renting
527,23,2017,full_time,single_no_child,renting
527,24,2018,full_time,partnered_no_child,renting
527,25,2019,full_time,partnered_no_child,renting
527,26,2020,full_time,partnered_no_child,renting
527,27,2021,full_time,partnered_no_child,renting
527,28,2022,full_time,partnered_no_child,renting
527,29,2023,full_time,partnered_with_child,renting
527,30,2024,full_time,partnered_with_child,renting
528,18,2011,education,single_no_child,parental_home
528,19,2012,full_time,single_no_child,renting
528,20,2013,full_time,single_no_child,renting
528,21,2014,full_time,single_parent,renting
528,22,2015,full_time,single_parent,renting
528,23,2016,full_time,single_parent,renting
528,24,2017,full_time,single_parent,renting
528,25,2018,full_time,single_parent,renting
528,26,2019,full_time,single_parent,renting
528,27,2020,full_time,single_parent,renting
528,28,2021,full_time,single_parent,renting
528,29,2022,inactive_care,single_parent,renting
528,30,2023,full_time,single_parent,renting
529,18,2012,education,single_no_child,parental_home
529,19,2013,education,single_no_child,parental_home
529,20,2014,education,single_no_child,parental_home
529,21,2015,education,single_no_child,other_temporary
529,22,2016,education,single_no_child,renting
529,23,2017,full_time,single_no_child,renting
529,24,2018,full_time,single_no_child,renting
529,25,2019,full_time,single_no_child,renting
529,26,2020,full_time,single_parent,owner_occupied
529,27,2021,full_time,single_parent,owner_occupied
529,28,2022,part_time,single_parent,owner_occupied
529,29,2023,full_time,single_parent,owner_occupied
529,30,2024,full_time,single_parent,owner_occupied
530,18,2010,education,single_no_child,parental_home
530,19,2011,education,single_no_child,parental_home
530,20,2012,education,single_no_child,parental_home
530,21,2013,education,single_no_child,parental_home
530,22,2014,education,single_no_child,parental_home
530,23,2015,full_time,single_no_child,parental_home
530,24,2016,part_time,single_no_child,parental_home
530,25,2017,full_time,single_no_child,other_temporary
530,26,2018,full_time,single_no_child,other_temporary
530,27,2019,full_time,single_no_child,renting
530,28,2020,full_time,single_no_child,owner_occupied
530,29,2021,full_time,single_no_child,owner_occupied
530,30,2022,full_time,partnered_no_child,owner_occupied
531,18,2009,education,single_no_child,parental_home
531,19,2010,unemployed,single_no_child,parental_home
531,20,2011,part_time,single_no_child,renting
531,21,2012,unemployed,single_no_child,renting
531,22,2013,part_time,single_no_child,renting
531,23,2014,unemployed,single_no_child,renting
531,24,2015,unemployed,single_no_child,renting
531,25,2016,inactive_care,single_no_child,renting
531,26,2017,unemployed,single_no_child,renting
531,27,2018,full_time,single_parent,renting
531,28,2019,part_time,single_parent,renting
531,29,2020,full_time,single_parent,renting
531,30,2021,part_time,single_parent,renting
532,18,2010,education,single_no_child,parental_home
532,19,2011,part_time,single_no_child,parental_home
532,20,2012,unemployed,single_no_child,parental_home
532,21,2013,part_time,partnered_no_child,renting
532,22,2014,unemployed,partnered_no_child,renting
532,23,2015,part_time,partnered_no_child,renting
532,24,2016,unemployed,partnered_no_child,renting
532,25,2017,inactive_care,partnered_with_child,renting
532,26,2018,unemployed,partnered_with_child,renting
532,27,2019,part_time,partnered_with_child,renting
532,28,2020,unemployed,partnered_with_child,renting
532,29,2021,part_time,partnered_with_child,renting
532,30,2022,part_time,partnered_with_child,renting
533,18,2008,education,single_no_child,parental_home
533,19,2009,education,single_no_child,parental_home
533,20,2010,full_time,single_no_child,parental_home
533,21,2011,unemployed,single_no_child,other_temporary
533,22,2012,full_time,single_parent,renting
533,23,2013,full_time,single_parent,renting
533,24,2014,full_time,single_parent,renting
533,25,2015,full_time,single_parent,renting
533,26,2016,full_time,single_parent,renting
533,27,2017,full_time,single_parent,renting
533,28,2018,full_time,single_parent,renting
533,29,2019,full_time,partnered_with_child,renting
533,30,2020,full_time,single_parent,renting
534,18,2012,education,single_no_child,parental_home
534,19,2013,education,single_no_child,parental_home
534,20,2014,full_time,single_no_child,parental_home
534,21,2015,education,single_no_child,parental_home
534,22,2016,education,single_no_child,parental_home
534,23,2017,full_time,partnered_with_child,other_temporary
534,24,2018,full_time,partnered_with_child,other_temporary
534,25,2019,full_time,partnered_with_child,renting
534,26,2020,full_time,partnered_with_child,renting
534,27,2021,full_time,partnered_with_child,renting
534,28,2022,part_time,partnered_with_child,renting
534,29,2023,full_time,partnered_with_child,renting
534,30,2024,full_time,partnered_with_child,renting
535,18,2012,education,single_no_child,parental_home
535,19,2013,education,single_no_child,parental_home
535,20,2014,education,single_no_child,parental_home
535,21,2015,unemployed,single_no_child,parental_home
535,22,2016,unemployed,single_no_child,parental_home
535,23,2017,part_time,single_no_child,parental_home
535,24,2018,part_time,single_parent,renting
535,25,2019,full_time,single_parent,renting
535,26,2020,full_time,single_parent,renting
535,27,2021,full_time,single_parent,renting
535,28,2022,full_time,single_parent,renting
535,29,2023,full_time,single_parent,renting
535,30,2024,full_time,single_parent,renting
536,18,2011,education,single_no_child,parental_home
536,19,2012,education,single_no_child,parental_home
536,20,2013,full_time,single_no_child,parental_home
536,21,2014,full_time,single_no_child,parental_home
536,22,2015,full_time,single_no_child,parental_home
536,23,2016,full_time,single_no_child,parental_home
536,24,2017,full_time,partnered_no_child,parental_home
536,25,2018,full_time,partnered_no_child,renting
536,26,2019,full_time,partnered_no_child,owner_occupied
536,27,2020,full_time,partnered_no_child,owner_occupied
536,28,2021,full_time,partnered_no_child,owner_occupied
536,29,2022,full_time,partnered_no_child,owner_occupied
536,30,2023,full_time,partnered_no_child,owner_occupied
537,18,2011,education,single_no_child,parental_home
537,19,2012,education,single_no_child,parental_home
537,20,2013,education,single_no_child,parental_home
537,21,2014,unemployed,single_parent,parental_home
537,22,2015,unemployed,single_parent,parental_home
537,23,2016,full_time,single_parent,parental_home
537,24,2017,unemployed,single_parent,parental_home
537,25,2018,full_time,single_parent,parental_home
537,26,2019,full_time,single_parent,parental_home
537,27,2020,unemployed,single_parent,parental_home
537,28,2021,full_time,single_parent,parental_home
537,29,2022,full_time,single_parent,parental_home
537,30,2023,part_time,single_parent,parental_home
538,18,2011,education,single_no_child,parental_home
538,19,2012,education,single_no_child,parental_home
538,20,2013,education,single_no_child,parental_home
538,21,2014,inactive_care,single_no_child,parental_home
538,22,2015,unemployed,single_no_child,parental_home
538,23,2016,full_time,single_parent,parental_home
538,24,2017,full_time,single_parent,renting
538,25,2018,full_time,single_parent,renting
538,26,2019,full_time,single_parent,renting
538,27,2020,full_time,single_parent,renting
538,28,2021,full_time,single_parent,renting
538,29,2022,full_time,single_parent,owner_occupied
538,30,2023,full_time,single_parent,owner_occupied
539,18,2009,education,single_no_child,parental_home
539,19,2010,education,single_no_child,parental_home
539,20,2011,unemployed,single_no_child,parental_home
539,21,2012,full_time,single_no_child,parental_home
539,22,2013,full_time,single_no_child,parental_home
539,23,2014,unemployed,single_no_child,parental_home
539,24,2015,full_time,single_no_child,parental_home
539,25,2016,part_time,single_no_child,parental_home
539,26,2017,unemployed,single_no_child,parental_home
539,27,2018,full_time,single_no_child,parental_home
539,28,2019,part_time,single_no_child,parental_home
539,29,2020,full_time,single_no_child,renting
539,30,2021,full_time,single_no_child,renting
540,18,2009,education,single_no_child,parental_home
540,19,2010,full_time,single_no_child,parental_home
540,20,2011,full_time,single_no_child,other_temporary
540,21,2012,full_time,single_no_child,other_temporary
540,22,2013,full_time,single_no_child,renting
540,23,2014,full_time,single_no_child,renting
540,24,2015,full_time,single_no_child,renting
540,25,2016,full_time,single_no_child,renting
540,26,2017,full_time,partnered_no_child,renting
540,27,2018,full_time,partnered_no_child,renting
540,28,2019,full_time,partnered_no_child,renting
540,29,2020,full_time,partnered_no_child,renting
540,30,2021,full_time,partnered_no_child,renting
541,18,2008,full_time,single_no_child,parental_home
541,19,2009,education,single_no_child,other_temporary
541,20,2010,education,single_no_child,other_temporary
541,21,2011,full_time,single_parent,other_temporary
541,22,2012,unemployed,single_parent,renting
541,23,2013,part_time,single_parent,renting
541,24,2014,part_time,single_parent,renting
541,25,2015,full_time,single_parent,renting
541,26,2016,full_time,single_parent,renting
541,27,2017,full_time,single_parent,renting
541,28,2018,full_time,partnered_with_child,renting
541,29,2019,full_time,partnered_with_child,renting
541,30,2020,full_time,partnered_with_child,renting
542,18,2008,education,single_no_child,parental_home
542,19,2009,education,single_no_child,parental_home
542,20,2010,education,single_no_child,parental_home
542,21,2011,education,single_no_child,renting
542,22,2012,education,single_no_child,renting
542,23,2013,full_time,partnered_no_child,renting
542,24,2014,full_time,partnered_no_child,renting
542,25,2015,full_time,partnered_no_child,renting
542,26,2016,full_time,partnered_no_child,renting
542,27,2017,full_time,partnered_no_child,renting
542,28,2018,full_time,partnered_no_child,renting
542,29,2019,full_time,partnered_no_child,renting
542,30,2020,full_time,partnered_no_child,renting
543,18,2010,education,single_no_child,renting
543,19,2011,education,single_no_child,renting
543,20,2012,education,single_no_child,renting
543,21,2013,unemployed,single_no_child,renting
543,22,2014,unemployed,single_no_child,renting
543,23,2015,part_time,partnered_no_child,renting
543,24,2016,part_time,partnered_no_child,renting
543,25,2017,full_time,partnered_no_child,renting
543,26,2018,full_time,partnered_no_child,renting
543,27,2019,part_time,partnered_no_child,renting
543,28,2020,full_time,partnered_with_child,owner_occupied
543,29,2021,full_time,partnered_with_child,owner_occupied
543,30,2022,full_time,partnered_with_child,owner_occupied
544,18,2011,education,single_no_child,renting
544,19,2012,education,single_no_child,renting
544,20,2013,education,single_no_child,renting
544,21,2014,full_time,single_no_child,renting
544,22,2015,education,single_no_child,renting
544,23,2016,full_time,single_no_child,renting
544,24,2017,full_time,single_no_child,owner_occupied
544,25,2018,inactive_care,single_parent,owner_occupied
544,26,2019,full_time,single_parent,owner_occupied
544,27,2020,full_time,partnered_with_child,owner_occupied
544,28,2021,full_time,partnered_with_child,owner_occupied
544,29,2022,full_time,partnered_with_child,owner_occupied
544,30,2023,full_time,partnered_with_child,owner_occupied
545,18,2009,education,single_no_child,parental_home
545,19,2010,education,single_no_child,parental_home
545,20,2011,education,single_no_child,parental_home
545,21,2012,education,single_no_child,parental_home
545,22,2013,education,single_no_child,parental_home
545,23,2014,full_time,single_no_child,parental_home
545,24,2015,full_time,single_no_child,parental_home
545,25,2016,full_time,single_no_child,parental_home
545,26,2017,full_time,single_no_child,parental_home
545,27,2018,full_time,single_no_child,parental_home
545,28,2019,part_time,single_no_child,renting
545,29,2020,part_time,partnered_no_child,renting
545,30,2021,full_time,partnered_no_child,renting
546,18,2008,education,single_no_child,parental_home
546,19,2009,education,single_no_child,parental_home
546,20,2010,education,single_no_child,parental_home
546,21,2011,full_time,single_no_child,parental_home
546,22,2012,education,single_no_child,parental_home
546,23,2013,full_time,single_no_child,parental_home
546,24,2014,full_time,single_no_child,renting
546,25,2015,full_time,single_no_child,renting
546,26,2016,full_time,single_no_child,renting
546,27,2017,full_time,single_no_child,renting
546,28,2018,part_time,single_no_child,renting
546,29,2019,full_time,single_no_child,renting
546,30,2020,full_time,partnered_no_child,renting
547,18,2010,education,single_no_child,parental_home
547,19,2011,unemployed,single_no_child,parental_home
547,20,2012,part_time,single_no_child,parental_home
547,21,2013,unemployed,single_no_child,parental_home
547,22,2014,part_time,single_no_child,renting
547,23,2015,unemployed,single_no_child,renting
547,24,2016,part_time,single_parent,renting
547,25,2017,inactive_care,single_parent,renting
547,26,2018,unemployed,partnered_with_child,renting
547,27,2019,part_time,partnered_with_child,renting
547,28,2020,unemployed,partnered_with_child,owner_occupied
547,29,2021,full_time,partnered_with_child,owner_occupied
547,30,2022,part_time,partnered_with_child,owner_occupied
548,18,2012,education,single_no_child,parental_home
548,19,2013,education,single_no_child,parental_home
548,20,2014,full_time,single_no_child,renting
548,21,2015,full_time,single_no_child,renting
548,22,2016,full_time,single_no_child,renting
548,23,2017,full_time,single_no_child,renting
548,24,2018,full_time,single_no_child,renting
548,25,2019,full_time,single_no_child,renting
548,26,2020,full_time,single_no_child,renting
548,27,2021,full_time,single_no_child,renting
548,28,2022,full_time,single_no_child,renting
548,29,2023,full_time,single_no_child,renting
548,30,2024,full_time,partnered_no_child,owner_occupied
549,18,2012,education,single_no_child,parental_home
549,19,2013,education,single_no_child,parental_home
549,20,2014,education,single_no_child,parental_home
549,21,2015,full_time,single_no_child,parental_home
549,22,2016,education,single_no_child,parental_home
549,23,2017,full_time,single_no_child,parental_home
549,24,2018,full_time,partnered_no_child,parental_home
549,25,2019,unemployed,partnered_no_child,parental_home
549,26,2020,full_time,partnered_no_child,renting
549,27,2021,full_time,partnered_no_child,renting
549,28,2022,full_time,partnered_no_child,renting
549,29,2023,full_time,partnered_no_child,renting
549,30,2024,full_time,partnered_with_child,renting
550,18,2009,education,single_no_child,parental_home
550,19,2010,education,single_no_child,parental_home
550,20,2011,education,single_no_child,parental_home
550,21,2012,full_time,single_no_child,parental_home
550,22,2013,full_time,single_no_child,parental_home
550,23,2014,full_time,single_no_child,parental_home
550,24,2015,full_time,single_no_child,parental_home
550,25,2016,inactive_care,single_no_child,renting
550,26,2017,inactive_care,single_no_child,renting
550,27,2018,part_time,single_no_child,renting
550,28,2019,part_time,single_no_child,renting
550,29,2020,full_time,single_no_child,renting
550,30,2021,full_time,partnered_no_child,renting
551,18,2008,education,single_no_child,parental_home
551,19,2009,unemployed,single_no_child,parental_home
551,20,2010,full_time,single_no_child,parental_home
551,21,2011,full_time,single_no_child,parental_home
551,22,2012,full_time,single_no_child,parental_home
551,23,2013,full_time,single_no_child,renting
551,24,2014,full_time,single_no_child,renting
551,25,2015,unemployed,single_no_child,renting
551,26,2016,part_time,single_no_child,renting
551,27,2017,full_time,single_no_child,renting
551,28,2018,full_time,partnered_no_child,renting
551,29,2019,full_time,partnered_no_child,renting
551,30,2020,full_time,single_parent,renting
552,18,2010,education,single_no_child,parental_home
552,19,2011,education,single_no_child,parental_home
552,20,2012,education,single_no_child,parental_home
552,21,2013,education,single_no_child,renting
552,22,2014,education,single_no_child,renting
552,23,2015,full_time,single_no_child,renting
552,24,2016,full_time,single_no_child,renting
552,25,2017,full_time,single_no_child,renting
552,26,2018,full_time,single_no_child,renting
552,27,2019,full_time,single_no_child,renting
552,28,2020,full_time,partnered_no_child,renting
552,29,2021,full_time,partnered_no_child,renting
552,30,2022,full_time,partnered_no_child,renting
553,18,2008,education,single_no_child,parental_home
553,19,2009,education,single_no_child,parental_home
553,20,2010,education,single_no_child,parental_home
553,21,2011,education,single_no_child,parental_home
553,22,2012,education,single_parent,parental_home
553,23,2013,full_time,single_parent,renting
553,24,2014,full_time,partnered_with_child,owner_occupied
553,25,2015,full_time,partnered_with_child,owner_occupied
553,26,2016,full_time,partnered_with_child,owner_occupied
553,27,2017,full_time,partnered_with_child,owner_occupied
553,28,2018,full_time,partnered_with_child,owner_occupied
553,29,2019,full_time,partnered_with_child,owner_occupied
553,30,2020,inactive_care,partnered_with_child,owner_occupied
554,18,2011,education,single_no_child,parental_home
554,19,2012,education,single_no_child,parental_home
554,20,2013,education,single_no_child,parental_home
554,21,2014,education,single_no_child,parental_home
554,22,2015,education,single_no_child,parental_home
554,23,2016,full_time,single_no_child,parental_home
554,24,2017,full_time,single_no_child,renting
554,25,2018,full_time,single_no_child,renting
554,26,2019,full_time,single_no_child,renting
554,27,2020,full_time,single_no_child,renting
554,28,2021,unemployed,single_no_child,renting
554,29,2022,full_time,partnered_no_child,renting
554,30,2023,full_time,partnered_no_child,renting
555,18,2009,education,single_no_child,renting
555,19,2010,education,single_no_child,renting
555,20,2011,education,single_no_child,renting
555,21,2012,education,single_no_child,renting
555,22,2013,education,single_no_child,renting
555,23,2014,full_time,single_no_child,renting
555,24,2015,full_time,single_parent,renting
555,25,2016,inactive_care,single_parent,renting
555,26,2017,full_time,single_parent,renting
555,27,2018,full_time,single_parent,renting
555,28,2019,full_time,single_parent,renting
555,29,2020,full_time,single_parent,renting
555,30,2021,full_time,single_parent,renting
556,18,2012,education,single_no_child,parental_home
556,19,2013,education,single_no_child,parental_home
556,20,2014,education,single_no_child,parental_home
556,21,2015,education,single_no_child,parental_home
556,22,2016,education,single_no_child,parental_home
556,23,2017,full_time,single_no_child,parental_home
556,24,2018,full_time,single_no_child,parental_home
556,25,2019,full_time,single_no_child,parental_home
556,26,2020,full_time,single_no_child,renting
556,27,2021,full_time,single_no_child,renting
556,28,2022,full_time,single_no_child,renting
556,29,2023,full_time,single_no_child,renting
556,30,2024,full_time,single_no_child,renting
557,18,2010,unemployed,single_no_child,parental_home
557,19,2011,education,single_no_child,parental_home
557,20,2012,education,single_no_child,parental_home
557,21,2013,education,partnered_no_child,parental_home
557,22,2014,education,partnered_no_child,parental_home
557,23,2015,full_time,partnered_no_child,parental_home
557,24,2016,full_time,partnered_no_child,parental_home
557,25,2017,full_time,partnered_no_child,renting
557,26,2018,full_time,partnered_no_child,renting
557,27,2019,full_time,partnered_no_child,renting
557,28,2020,full_time,partnered_no_child,renting
557,29,2021,full_time,partnered_no_child,renting
557,30,2022,full_time,partnered_with_child,renting
558,18,2011,education,single_no_child,parental_home
558,19,2012,education,single_no_child,parental_home
558,20,2013,full_time,single_no_child,renting
558,21,2014,full_time,single_no_child,renting
558,22,2015,full_time,single_no_child,renting
558,23,2016,full_time,single_no_child,renting
558,24,2017,full_time,single_no_child,renting
558,25,2018,full_time,single_no_child,renting
558,26,2019,full_time,single_no_child,renting
558,27,2020,full_time,partnered_no_child,renting
558,28,2021,full_time,partnered_no_child,renting
558,29,2022,full_time,partnered_no_child,renting
558,30,2023,full_time,partnered_no_child,renting
559,18,2011,education,single_no_child,renting
559,19,2012,education,single_no_child,renting
559,20,2013,education,single_no_child,renting
559,21,2014,education,single_no_child,renting
559,22,2015,education,partnered_no_child,renting
559,23,2016,full_time,partnered_no_child,renting
559,24,2017,full_time,partnered_no_child,renting
559,25,2018,full_time,partnered_no_child,owner_occupied
559,26,2019,full_time,partnered_no_child,owner_occupied
559,27,2020,full_time,partnered_no_child,owner_occupied
559,28,2021,inactive_care,partnered_with_child,owner_occupied
559,29,2022,full_time,partnered_with_child,owner_occupied
559,30,2023,full_time,partnered_with_child,owner_occupied
560,18,2009,education,single_no_child,parental_home
560,19,2010,part_time,single_no_child,parental_home
560,20,2011,education,single_no_child,parental_home
560,21,2012,unemployed,single_no_child,parental_home
560,22,2013,unemployed,partnered_no_child,renting
560,23,2014,part_time,partnered_no_child,renting
560,24,2015,part_time,partnered_no_child,renting
560,25,2016,full_time,partnered_no_child,renting
560,26,2017,full_time,partnered_no_child,renting
560,27,2018,full_time,partnered_no_child,renting
560,28,2019,unemployed,partnered_with_child,renting
560,29,2020,full_time,partnered_with_child,renting
560,30,2021,full_time,partnered_with_child,renting
561,18,2009,education,single_no_child,renting
561,19,2010,education,single_no_child,renting
561,20,2011,education,partnered_no_child,renting
561,21,2012,unemployed,partnered_no_child,renting
561,22,2013,unemployed,partnered_no_child,renting
561,23,2014,part_time,partnered_no_child,renting
561,24,2015,part_time,partnered_with_child,renting
561,25,2016,full_time,partnered_with_child,renting
561,26,2017,full_time,partnered_with_child,renting
561,27,2018,part_time,partnered_with_child,renting
561,28,2019,full_time,partnered_with_child,renting
561,29,2020,full_time,single_parent,renting
561,30,2021,full_time,single_parent,renting
562,18,2009,education,single_no_child,parental_home
562,19,2010,part_time,single_no_child,renting
562,20,2011,education,single_no_child,renting
562,21,2012,education,single_no_child,renting
562,22,2013,education,single_no_child,renting
562,23,2014,full_time,partnered_no_child,renting
562,24,2015,full_time,partnered_no_child,renting
562,25,2016,part_time,partnered_no_child,renting
562,26,2017,full_time,partnered_with_child,renting
562,27,2018,full_time,partnered_with_child,renting
562,28,2019,part_time,partnered_with_child,renting
562,29,2020,full_time,partnered_with_child,renting
562,30,2021,part_time,partnered_with_child,renting
563,18,2008,education,single_no_child,renting
563,19,2009,education,single_no_child,renting
563,20,2010,education,single_no_child,renting
563,21,2011,unemployed,single_no_child,renting
563,22,2012,full_time,partnered_no_child,renting
563,23,2013,full_time,partnered_no_child,renting
563,24,2014,full_time,partnered_no_child,renting
563,25,2015,inactive_care,partnered_no_child,renting
563,26,2016,inactive_care,partnered_no_child,renting
563,27,2017,full_time,partnered_no_child,renting
563,28,2018,part_time,partnered_with_child,renting
563,29,2019,full_time,single_parent,renting
563,30,2020,full_time,single_parent,renting
564,18,2012,education,single_no_child,renting
564,19,2013,education,single_no_child,renting
564,20,2014,education,single_no_child,renting
564,21,2015,education,single_no_child,renting
564,22,2016,education,single_no_child,renting
564,23,2017,full_time,single_no_child,renting
564,24,2018,full_time,single_no_child,renting
564,25,2019,full_time,partnered_no_child,renting
564,26,2020,full_time,partnered_no_child,renting
564,27,2021,full_time,partnered_no_child,renting
564,28,2022,full_time,partnered_no_child,renting
564,29,2023,full_time,partnered_with_child,renting
564,30,2024,full_time,partnered_with_child,owner_occupied
565,18,2008,education,single_no_child,parental_home
565,19,2009,education,single_no_child,parental_home
565,20,2010,part_time,partnered_no_child,parental_home
565,21,2011,full_time,partnered_no_child,parental_home
565,22,2012,full_time,partnered_no_child,parental_home
565,23,2013,full_time,partnered_no_child,parental_home
565,24,2014,full_time,partnered_no_child,parental_home
565,25,2015,full_time,partnered_no_child,renting
565,26,2016,full_time,partnered_no_child,renting
565,27,2017,full_time,partnered_no_child,renting
565,28,2018,full_time,partnered_no_child,renting
565,29,2019,full_time,partnered_no_child,renting
565,30,2020,full_time,partnered_no_child,renting
566,18,2011,education,single_no_child,parental_home
566,19,2012,unemployed,single_no_child,parental_home
566,20,2013,education,single_no_child,parental_home
566,21,2014,full_time,single_no_child,parental_home
566,22,2015,part_time,single_no_child,parental_home
566,23,2016,unemployed,single_no_child,parental_home
566,24,2017,unemployed,single_no_child,parental_home
566,25,2018,inactive_care,single_no_child,other_temporary
566,26,2019,inactive_care,single_no_child,renting
566,27,2020,part_time,partnered_no_child,renting
566,28,2021,unemployed,partnered_no_child,renting
566,29,2022,part_time,partnered_no_child,renting
566,30,2023,part_time,partnered_no_child,renting
567,18,2008,education,single_no_child,parental_home
567,19,2009,education,single_no_child,parental_home
567,20,2010,inactive_care,single_no_child,parental_home
567,21,2011,part_time,single_no_child,parental_home
567,22,2012,full_time,single_no_child,parental_home
567,23,2013,unemployed,single_no_child,parental_home
567,24,2014,full_time,single_no_child,parental_home
567,25,2015,unemployed,single_parent,parental_home
567,26,2016,unemployed,single_parent,parental_home
567,27,2017,full_time,single_parent,parental_home
567,28,2018,part_time,single_parent,parental_home
567,29,2019,full_time,single_parent,parental_home
567,30,2020,full_time,single_parent,renting
568,18,2011,education,single_no_child,renting
568,19,2012,education,single_no_child,renting
568,20,2013,unemployed,single_no_child,renting
568,21,2014,part_time,single_no_child,renting
568,22,2015,full_time,single_no_child,renting
568,23,2016,unemployed,single_no_child,renting
568,24,2017,full_time,single_no_child,renting
568,25,2018,part_time,single_no_child,renting
568,26,2019,unemployed,single_no_child,renting
568,27,2020,full_time,single_no_child,renting
568,28,2021,part_time,single_no_child,renting
568,29,2022,full_time,single_no_child,renting
568,30,2023,full_time,partnered_no_child,renting
569,18,2009,education,single_no_child,parental_home
569,19,2010,education,single_no_child,parental_home
569,20,2011,education,single_no_child,parental_home
569,21,2012,education,single_no_child,parental_home
569,22,2013,education,single_no_child,renting
569,23,2014,full_time,single_no_child,renting
569,24,2015,full_time,partnered_no_child,renting
569,25,2016,full_time,partnered_no_child,renting
569,26,2017,full_time,partnered_no_child,renting
569,27,2018,full_time,partnered_no_child,owner_occupied
569,28,2019,part_time,partnered_no_child,owner_occupied
569,29,2020,full_time,partnered_no_child,owner_occupied
569,30,2021,full_time,partnered_no_child,owner_occupied
570,18,2009,education,single_no_child,renting
570,19,2010,unemployed,single_no_child,renting
570,20,2011,education,single_no_child,renting
570,21,2012,education,single_no_child,renting
570,22,2013,education,single_no_child,renting
570,23,2014,full_time,single_no_child,renting
570,24,2015,full_time,single_no_child,renting
570,25,2016,full_time,single_no_child,renting
570,26,2017,full_time,partnered_no_child,renting
570,27,2018,full_time,partnered_no_child,renting
570,28,2019,full_time,partnered_no_child,renting
570,29,2020,full_time,partnered_no_child,renting
570,30,2021,full_time,partnered_no_child,renting
571,18,2012,education,single_no_child,parental_home
571,19,2013,education,single_no_child,parental_home
571,20,2014,education,single_no_child,parental_home
571,21,2015,full_time,single_no_child,parental_home
571,22,2016,full_time,single_no_child,parental_home
571,23,2017,full_time,partnered_no_child,parental_home
571,24,2018,full_time,partnered_no_child,parental_home
571,25,2019,inactive_care,partnered_no_child,parental_home
571,26,2020,inactive_care,partnered_no_child,parental_home
571,27,2021,part_time,partnered_no_child,parental_home
571,28,2022,part_time,single_no_child,parental_home
571,29,2023,full_time,single_no_child,parental_home
571,30,2024,full_time,single_no_child,parental_home
572,18,2012,education,single_no_child,renting
572,19,2013,education,single_no_child,renting
572,20,2014,education,single_no_child,renting
572,21,2015,education,single_no_child,renting
572,22,2016,full_time,partnered_no_child,renting
572,23,2017,part_time,partnered_no_child,renting
572,24,2018,full_time,partnered_no_child,owner_occupied
572,25,2019,full_time,partnered_no_child,owner_occupied
572,26,2020,full_time,partnered_no_child,owner_occupied
572,27,2021,full_time,partnered_with_child,owner_occupied
572,28,2022,full_time,partnered_with_child,owner_occupied
572,29,2023,education,partnered_with_child,owner_occupied
572,30,2024,full_time,partnered_with_child,owner_occupied
573,18,2010,education,single_no_child,parental_home
573,19,2011,education,single_no_child,parental_home
573,20,2012,education,single_no_child,parental_home
573,21,2013,education,partnered_no_child,parental_home
573,22,2014,education,partnered_no_child,parental_home
573,23,2015,full_time,partnered_no_child,parental_home
573,24,2016,full_time,partnered_no_child,parental_home
573,25,2017,full_time,partnered_no_child,other_temporary
573,26,2018,education,partnered_no_child,other_temporary
573,27,2019,full_time,partnered_no_child,other_temporary
573,28,2020,full_time,partnered_no_child,other_temporary
573,29,2021,full_time,partnered_no_child,other_temporary
573,30,2022,full_time,partnered_no_child,owner_occupied
574,18,2012,education,single_no_child,parental_home
574,19,2013,education,single_no_child,parental_home
574,20,2014,education,single_no_child,parental_home
574,21,2015,unemployed,single_no_child,parental_home
574,22,2016,unemployed,single_no_child,parental_home
574,23,2017,part_time,single_no_child,parental_home
574,24,2018,part_time,partnered_no_child,parental_home
574,25,2019,full_time,partnered_no_child,parental_home
574,26,2020,full_time,partnered_no_child,parental_home
574,27,2021,full_time,partnered_no_child,renting
574,28,2022,full_time,partnered_no_child,renting
574,29,2023,full_time,partnered_no_child,renting
574,30,2024,full_time,partnered_with_child,renting
575,18,2008,education,single_no_child,parental_home
575,19,2009,education,single_no_child,parental_home
575,20,2010,education,single_no_child,parental_home
575,21,2011,unemployed,single_no_child,parental_home
575,22,2012,unemployed,single_no_child,parental_home
575,23,2013,part_time,single_no_child,parental_home
575,24,2014,unemployed,partnered_no_child,parental_home
575,25,2015,full_time,partnered_no_child,renting
575,26,2016,full_time,partnered_no_child,renting
575,27,2017,full_time,partnered_no_child,renting
575,28,2018,full_time,partnered_no_child,owner_occupied
575,29,2019,full_time,partnered_no_child,owner_occupied
575,30,2020,full_time,partnered_no_child,owner_occupied
576,18,2012,education,single_no_child,parental_home
576,19,2013,education,single_no_child,parental_home
576,20,2014,unemployed,single_no_child,parental_home
576,21,2015,full_time,single_no_child,parental_home
576,22,2016,full_time,single_no_child,renting
576,23,2017,full_time,single_no_child,renting
576,24,2018,full_time,single_no_child,renting
576,25,2019,full_time,single_no_child,renting
576,26,2020,part_time,single_no_child,renting
576,27,2021,full_time,single_no_child,renting
576,28,2022,full_time,single_parent,renting
576,29,2023,full_time,partnered_with_child,renting
576,30,2024,full_time,partnered_with_child,renting
577,18,2011,education,single_no_child,parental_home
577,19,2012,education,single_no_child,parental_home
577,20,2013,education,single_no_child,parental_home
577,21,2014,education,partnered_no_child,parental_home
577,22,2015,education,partnered_no_child,parental_home
577,23,2016,full_time,partnered_no_child,parental_home
577,24,2017,full_time,partnered_no_child,parental_home
577,25,2018,education,partnered_with_child,parental_home
577,26,2019,full_time,partnered_with_child,parental_home
577,27,2020,full_time,partnered_with_child,parental_home
577,28,2021,full_time,partnered_with_child,renting
577,29,2022,full_time,partnered_with_child,renting
577,30,2023,part_time,partnered_with_child,renting
578,18,2012,education,single_no_child,parental_home
578,19,2013,unemployed,single_no_child,parental_home
578,20,2014,unemployed,single_no_child,parental_home
578,21,2015,unemployed,single_no_child,parental_home
578,22,2016,part_time,single_no_child,parental_home
578,23,2017,unemployed,partnered_no_child,parental_home
578,24,2018,inactive_care,partnered_no_child,parental_home
578,25,2019,inactive_care,partnered_no_child,renting
578,26,2020,unemployed,partnered_no_child,renting
578,27,2021,part_time,partnered_with_child,renting
578,28,2022,unemployed,partnered_with_child,renting
578,29,2023,full_time,partnered_with_child,owner_occupied
578,30,2024,part_time,partnered_with_child,owner_occupied
579,18,2011,education,single_no_child,parental_home
579,19,2012,education,single_no_child,parental_home
579,20,2013,unemployed,single_no_child,parental_home
579,21,2014,part_time,partnered_no_child,parental_home
579,22,2015,full_time,partnered_no_child,parental_home
579,23,2016,unemployed,partnered_no_child,parental_home
579,24,2017,full_time,partnered_no_child,renting
579,25,2018,part_time,partnered_no_child,renting
579,26,2019,unemployed,partnered_no_child,renting
579,27,2020,full_time,partnered_no_child,renting
579,28,2021,part_time,partnered_no_child,renting
579,29,2022,full_time,partnered_no_child,renting
579,30,2023,full_time,partnered_with_child,renting
580,18,2011,education,single_no_child,parental_home
580,19,2012,education,single_no_child,parental_home
580,20,2013,education,single_no_child,parental_home
580,21,2014,education,single_no_child,parental_home
580,22,2015,education,single_no_child,parental_home
580,23,2016,full_time,single_no_child,parental_home
580,24,2017,full_time,single_no_child,parental_home
580,25,2018,full_time,single_no_child,parental_home
580,26,2019,full_time,single_parent,parental_home
580,27,2020,full_time,single_parent,renting
580,28,2021,full_time,single_parent,renting
580,29,2022,full_time,partnered_with_child,renting
580,30,2023,full_time,partnered_with_child,owner_occupied
581,18,2009,education,single_no_child,parental_home
581,19,2010,education,single_no_child,parental_home
581,20,2011,education,single_no_child,parental_home
581,21,2012,unemployed,single_no_child,parental_home
581,22,2013,unemployed,single_no_child,parental_home
581,23,2014,part_time,single_no_child,parental_home
581,24,2015,part_time,single_no_child,parental_home
581,25,2016,full_time,single_no_child,renting
581,26,2017,full_time,partnered_no_child,renting
581,27,2018,full_time,partnered_with_child,renting
581,28,2019,full_time,partnered_with_child,renting
581,29,2020,full_time,partnered_with_child,owner_occupied
581,30,2021,full_time,partnered_with_child,owner_occupied
582,18,2009,education,single_no_child,parental_home
582,19,2010,education,partnered_no_child,renting
582,20,2011,education,single_no_child,renting
582,21,2012,education,single_no_child,renting
582,22,2013,unemployed,single_no_child,renting
582,23,2014,full_time,single_no_child,renting
582,24,2015,full_time,single_no_child,renting
582,25,2016,full_time,single_no_child,renting
582,26,2017,full_time,single_no_child,renting
582,27,2018,part_time,single_no_child,renting
582,28,2019,full_time,single_no_child,renting
582,29,2020,full_time,partnered_no_child,renting
582,30,2021,full_time,partnered_no_child,renting
583,18,2012,education,single_no_child,parental_home
583,19,2013,education,single_no_child,parental_home
583,20,2014,unemployed,single_no_child,parental_home
583,21,2015,part_time,single_no_child,parental_home
583,22,2016,full_time,single_no_child,parental_home
583,23,2017,unemployed,partnered_no_child,parental_home
583,24,2018,full_time,partnered_no_child,parental_home
583,25,2019,full_time,partnered_no_child,parental_home
583,26,2020,unemployed,partnered_no_child,parental_home
583,27,2021,part_time,partnered_no_child,parental_home
583,28,2022,part_time,partnered_no_child,renting
583,29,2023,full_time,partnered_with_child,renting
583,30,2024,full_time,partnered_with_child,owner_occupied
584,18,2011,education,single_no_child,parental_home
584,19,2012,full_time,single_no_child,parental_home
584,20,2013,full_time,single_no_child,parental_home
584,21,2014,full_time,single_no_child,parental_home
584,22,2015,full_time,single_no_child,parental_home
584,23,2016,full_time,single_no_child,parental_home
584,24,2017,full_time,single_no_child,parental_home
584,25,2018,full_time,partnered_no_child,renting
584,26,2019,full_time,partnered_no_child,renting
584,27,2020,full_time,single_no_child,renting
584,28,2021,inactive_care,single_no_child,renting
584,29,2022,full_time,partnered_no_child,renting
584,30,2023,full_time,partnered_no_child,renting
585,18,2012,education,single_no_child,parental_home
585,19,2013,education,single_no_child,parental_home
585,20,2014,education,single_no_child,parental_home
585,21,2015,education,single_no_child,parental_home
585,22,2016,education,single_no_child,parental_home
585,23,2017,part_time,single_no_child,parental_home
585,24,2018,full_time,partnered_no_child,renting
585,25,2019,full_time,partnered_no_child,renting
585,26,2020,full_time,partnered_no_child,renting
585,27,2021,full_time,partnered_no_child,renting
585,28,2022,unemployed,partnered_no_child,renting
585,29,2023,full_time,partnered_no_child,renting
585,30,2024,full_time,partnered_no_child,renting
586,18,2011,education,single_no_child,parental_home
586,19,2012,education,single_no_child,parental_home
586,20,2013,unemployed,single_no_child,parental_home
586,21,2014,part_time,single_no_child,parental_home
586,22,2015,full_time,single_no_child,parental_home
586,23,2016,unemployed,single_no_child,parental_home
586,24,2017,full_time,single_no_child,parental_home
586,25,2018,part_time,single_no_child,parental_home
586,26,2019,unemployed,single_no_child,renting
586,27,2020,full_time,partnered_no_child,renting
586,28,2021,part_time,partnered_no_child,renting
586,29,2022,full_time,partnered_no_child,renting
586,30,2023,full_time,partnered_with_child,owner_occupied
587,18,2010,education,single_no_child,parental_home
587,19,2011,education,single_no_child,renting
587,20,2012,education,single_no_child,renting
587,21,2013,unemployed,single_no_child,renting
587,22,2014,unemployed,single_no_child,renting
587,23,2015,part_time,single_no_child,renting
587,24,2016,part_time,single_no_child,renting
587,25,2017,full_time,single_no_child,renting
587,26,2018,full_time,single_no_child,renting
587,27,2019,full_time,single_no_child,renting
587,28,2020,full_time,single_no_child,renting
587,29,2021,full_time,single_no_child,renting
587,30,2022,full_time,partnered_no_child,renting
588,18,2012,education,single_no_child,parental_home
588,19,2013,education,single_no_child,renting
588,20,2014,education,single_no_child,renting
588,21,2015,full_time,single_no_child,renting
588,22,2016,full_time,single_no_child,renting
588,23,2017,full_time,single_no_child,renting
588,24,2018,full_time,single_no_child,renting
588,25,2019,inactive_care,single_no_child,renting
588,26,2020,inactive_care,single_no_child,renting
588,27,2021,part_time,partnered_no_child,renting
588,28,2022,part_time,partnered_with_child,renting
588,29,2023,full_time,partnered_with_child,renting
588,30,2024,full_time,partnered_with_child,renting
589,18,2012,education,single_no_child,renting
589,19,2013,education,single_no_child,renting
589,20,2014,unemployed,single_no_child,renting
589,21,2015,full_time,single_no_child,renting
589,22,2016,part_time,single_no_child,renting
589,23,2017,unemployed,single_no_child,renting
589,24,2018,full_time,single_no_child,renting
589,25,2019,part_time,single_no_child,renting
589,26,2020,unemployed,single_no_child,renting
589,27,2021,inactive_care,single_no_child,renting
589,28,2022,part_time,single_no_child,renting
589,29,2023,part_time,single_no_child,renting
589,30,2024,full_time,single_no_child,renting
590,18,2011,education,single_no_child,renting
590,19,2012,education,single_no_child,renting
590,20,2013,education,single_no_child,renting
590,21,2014,unemployed,partnered_no_child,renting
590,22,2015,inactive_care,partnered_no_child,renting
590,23,2016,part_time,partnered_with_child,renting
590,24,2017,part_time,partnered_with_child,renting
590,25,2018,full_time,partnered_with_child,renting
590,26,2019,full_time,single_parent,renting
590,27,2020,full_time,single_parent,renting
590,28,2021,full_time,single_parent,renting
590,29,2022,full_time,single_parent,renting
590,30,2023,full_time,single_parent,renting
591,18,2010,education,single_no_child,parental_home
591,19,2011,education,single_no_child,parental_home
591,20,2012,inactive_care,single_no_child,parental_home
591,21,2013,part_time,single_no_child,parental_home
591,22,2014,full_time,single_parent,parental_home
591,23,2015,unemployed,single_parent,renting
591,24,2016,full_time,single_parent,renting
591,25,2017,part_time,single_parent,renting
591,26,2018,unemployed,single_parent,renting
591,27,2019,full_time,single_parent,owner_occupied
591,28,2020,part_time,single_parent,owner_occupied
591,29,2021,full_time,single_parent,owner_occupied
591,30,2022,inactive_care,partnered_with_child,owner_occupied
592,18,2012,education,single_no_child,renting
592,19,2013,inactive_care,single_no_child,renting
592,20,2014,full_time,single_no_child,renting
592,21,2015,full_time,single_no_child,renting
592,22,2016,full_time,single_no_child,renting
592,23,2017,full_time,single_no_child,renting
592,24,2018,full_time,single_no_child,owner_occupied
592,25,2019,full_time,partnered_no_child,owner_occupied
592,26,2020,full_time,partnered_no_child,owner_occupied
592,27,2021,full_time,partnered_with_child,owner_occupied
592,28,2022,full_time,partnered_with_child,owner_occupied
592,29,2023,full_time,partnered_with_child,owner_occupied
592,30,2024,full_time,partnered_with_child,owner_occupied
593,18,2010,education,single_no_child,parental_home
593,19,2011,education,single_no_child,parental_home
593,20,2012,full_time,single_no_child,parental_home
593,21,2013,full_time,single_no_child,parental_home
593,22,2014,full_time,single_no_child,parental_home
593,23,2015,part_time,single_no_child,parental_home
593,24,2016,full_time,single_no_child,renting
593,25,2017,full_time,single_no_child,renting
593,26,2018,full_time,single_no_child,renting
593,27,2019,full_time,single_no_child,renting
593,28,2020,full_time,single_no_child,renting
593,29,2021,full_time,single_no_child,renting
593,30,2022,full_time,partnered_no_child,renting
594,18,2010,education,single_no_child,parental_home
594,19,2011,education,single_no_child,parental_home
594,20,2012,education,single_no_child,parental_home
594,21,2013,education,single_no_child,parental_home
594,22,2014,education,single_no_child,parental_home
594,23,2015,full_time,single_no_child,parental_home
594,24,2016,full_time,single_no_child,parental_home
594,25,2017,full_time,single_no_child,parental_home
594,26,2018,full_time,single_no_child,parental_home
594,27,2019,full_time,single_no_child,renting
594,28,2020,part_time,partnered_no_child,renting
594,29,2021,unemployed,partnered_with_child,renting
594,30,2022,full_time,partnered_with_child,renting
595,18,2012,education,single_no_child,parental_home
595,19,2013,education,single_no_child,parental_home
595,20,2014,education,single_no_child,parental_home
595,21,2015,unemployed,single_no_child,parental_home
595,22,2016,unemployed,single_no_child,parental_home
595,23,2017,part_time,single_no_child,parental_home
595,24,2018,part_time,partnered_with_child,parental_home
595,25,2019,full_time,partnered_with_child,parental_home
595,26,2020,full_time,partnered_with_child,other_temporary
595,27,2021,full_time,partnered_with_child,other_temporary
595,28,2022,full_time,partnered_with_child,renting
595,29,2023,full_time,partnered_with_child,renting
595,30,2024,full_time,partnered_with_child,renting
596,18,2010,education,single_no_child,parental_home
596,19,2011,education,single_no_child,renting
596,20,2012,full_time,single_no_child,renting
596,21,2013,full_time,single_no_child,renting
596,22,2014,full_time,single_no_child,renting
596,23,2015,full_time,partnered_no_child,renting
596,24,2016,full_time,partnered_no_child,renting
596,25,2017,full_time,partnered_no_child,renting
596,26,2018,full_time,partnered_no_child,renting
596,27,2019,full_time,partnered_no_child,renting
596,28,2020,full_time,partnered_no_child,renting
596,29,2021,full_time,partnered_no_child,renting
596,30,2022,full_time,partnered_no_child,renting
597,18,2008,education,single_no_child,parental_home
597,19,2009,unemployed,single_no_child,parental_home
597,20,2010,unemployed,single_no_child,parental_home
597,21,2011,unemployed,single_no_child,parental_home
597,22,2012,part_time,single_no_child,parental_home
597,23,2013,unemployed,single_no_child,parental_home
597,24,2014,unemployed,single_no_child,parental_home
597,25,2015,inactive_care,partnered_no_child,parental_home
597,26,2016,full_time,partnered_no_child,renting
597,27,2017,part_time,partnered_with_child,renting
597,28,2018,unemployed,partnered_with_child,renting
597,29,2019,full_time,partnered_with_child,renting
597,30,2020,part_time,partnered_with_child,renting
598,18,2010,unemployed,single_no_child,parental_home
598,19,2011,education,single_no_child,parental_home
598,20,2012,full_time,single_no_child,parental_home
598,21,2013,full_time,single_no_child,parental_home
598,22,2014,full_time,single_no_child,parental_home
598,23,2015,full_time,single_no_child,parental_home
598,24,2016,full_time,single_no_child,parental_home
598,25,2017,full_time,single_no_child,parental_home
598,26,2018,full_time,single_no_child,parental_home
598,27,2019,full_time,single_no_child,parental_home
598,28,2020,full_time,single_no_child,renting
598,29,2021,full_time,single_no_child,renting
598,30,2022,inactive_care,single_no_child,renting
599,18,2009,unemployed,single_no_child,parental_home
599,19,2010,full_time,partnered_no_child,parental_home
599,20,2011,unemployed,partnered_no_child,parental_home
599,21,2012,part_time,partnered_no_child,parental_home
599,22,2013,full_time,partnered_no_child,parental_home
599,23,2014,unemployed,partnered_no_child,renting
599,24,2015,full_time,partnered_no_child,owner_occupied
599,25,2016,part_time,partnered_no_child,owner_occupied
599,26,2017,unemployed,partnered_no_child,owner_occupied
599,27,2018,full_time,partnered_no_child,owner_occupied
599,28,2019,part_time,partnered_no_child,owner_occupied
599,29,2020,full_time,partnered_no_child,owner_occupied
599,30,2021,full_time,partnered_no_child,owner_occupied
600,18,2010,education,single_no_child,parental_home
600,19,2011,education,single_no_child,parental_home
600,20,2012,full_time,single_no_child,parental_home
600,21,2013,unemployed,single_no_child,parental_home
600,22,2014,full_time,single_no_child,parental_home
600,23,2015,full_time,single_no_child,renting
600,24,2016,full_time,single_no_child,renting
600,25,2017,full_time,single_no_child,renting
600,26,2018,full_time,single_no_child,renting
600,27,2019,full_time,single_no_child,renting
600,28,2020,full_time,single_no_child,renting
600,29,2021,full_time,single_parent,renting
600,30,2022,full_time,single_parent,renting
601,18,2011,part_time,single_no_child,parental_home
601,19,2012,unemployed,single_no_child,parental_home
601,20,2013,unemployed,single_no_child,parental_home
601,21,2014,unemployed,single_no_child,parental_home
601,22,2015,unemployed,single_no_child,parental_home
601,23,2016,unemployed,single_no_child,parental_home
601,24,2017,unemployed,single_no_child,renting
601,25,2018,inactive_care,single_no_child,renting
601,26,2019,inactive_care,single_no_child,renting
601,27,2020,part_time,partnered_no_child,renting
601,28,2021,unemployed,partnered_no_child,renting
601,29,2022,full_time,partnered_no_child,renting
601,30,2023,part_time,partnered_no_child,renting
602,18,2011,education,single_no_child,parental_home
602,19,2012,education,single_no_child,parental_home
602,20,2013,education,single_no_child,renting
602,21,2014,education,single_no_child,renting
602,22,2015,education,single_no_child,renting
602,23,2016,part_time,single_no_child,renting
602,24,2017,full_time,partnered_no_child,renting
602,25,2018,full_time,partnered_no_child,renting
602,26,2019,full_time,partnered_no_child,renting
602,27,2020,full_time,partnered_with_child,renting
602,28,2021,full_time,partnered_with_child,renting
602,29,2022,full_time,partnered_with_child,renting
602,30,2023,full_time,partnered_with_child,renting
603,18,2009,education,single_no_child,parental_home
603,19,2010,education,single_no_child,parental_home
603,20,2011,full_time,single_no_child,parental_home
603,21,2012,full_time,single_no_child,parental_home
603,22,2013,full_time,single_no_child,parental_home
603,23,2014,full_time,single_no_child,parental_home
603,24,2015,full_time,single_no_child,parental_home
603,25,2016,full_time,single_no_child,parental_home
603,26,2017,full_time,single_no_child,parental_home
603,27,2018,part_time,partnered_with_child,other_temporary
603,28,2019,full_time,partnered_with_child,other_temporary
603,29,2020,full_time,partnered_with_child,other_temporary
603,30,2021,full_time,partnered_with_child,other_temporary
604,18,2008,education,single_no_child,parental_home
604,19,2009,education,single_no_child,parental_home
604,20,2010,education,single_no_child,parental_home
604,21,2011,full_time,single_no_child,parental_home
604,22,2012,full_time,single_no_child,parental_home
604,23,2013,full_time,single_no_child,parental_home
604,24,2014,full_time,single_no_child,parental_home
604,25,2015,inactive_care,single_no_child,parental_home
604,26,2016,inactive_care,single_no_child,parental_home
604,27,2017,part_time,single_no_child,parental_home
604,28,2018,part_time,single_no_child,parental_home
604,29,2019,inactive_care,single_no_child,parental_home
604,30,2020,full_time,single_no_child,parental_home
605,18,2008,unemployed,single_no_child,parental_home
605,19,2009,full_time,single_no_child,parental_home
605,20,2010,full_time,single_no_child,parental_home
605,21,2011,full_time,single_no_child,parental_home
605,22,2012,full_time,single_no_child,parental_home
605,23,2013,full_time,single_no_child,parental_home
605,24,2014,full_time,single_parent,parental_home
605,25,2015,full_time,single_parent,parental_home
605,26,2016,full_time,single_parent,renting
605,27,2017,full_time,single_parent,renting
605,28,2018,full_time,single_parent,renting
605,29,2019,full_time,partnered_with_child,renting
605,30,2020,full_time,partnered_with_child,renting
606,18,2010,education,single_no_child,renting
606,19,2011,education,single_no_child,renting
606,20,2012,education,single_no_child,renting
606,21,2013,education,single_no_child,renting
606,22,2014,unemployed,single_no_child,renting
606,23,2015,full_time,single_no_child,renting
606,24,2016,full_time,single_no_child,renting
606,25,2017,full_time,single_no_child,renting
606,26,2018,inactive_care,single_no_child,renting
606,27,2019,full_time,single_no_child,renting
606,28,2020,full_time,single_no_child,renting
606,29,2021,full_time,single_no_child,renting
606,30,2022,full_time,partnered_no_child,renting
607,18,2011,education,single_no_child,parental_home
607,19,2012,education,single_no_child,parental_home
607,20,2013,education,single_no_child,parental_home
607,21,2014,full_time,single_no_child,renting
607,22,2015,full_time,single_no_child,renting
607,23,2016,full_time,single_no_child,renting
607,24,2017,full_time,single_no_child,renting
607,25,2018,inactive_care,single_no_child,renting
607,26,2019,inactive_care,single_no_child,renting
607,27,2020,part_time,single_no_child,renting
607,28,2021,part_time,single_no_child,renting
607,29,2022,full_time,single_no_child,renting
607,30,2023,full_time,partnered_no_child,renting
608,18,2010,education,single_no_child,parental_home
608,19,2011,unemployed,single_no_child,parental_home
608,20,2012,education,single_no_child,parental_home
608,21,2013,education,single_no_child,parental_home
608,22,2014,education,single_no_child,parental_home
608,23,2015,full_time,single_no_child,parental_home
608,24,2016,part_time,single_parent,parental_home
608,25,2017,full_time,single_parent,renting
608,26,2018,full_time,single_parent,renting
608,27,2019,full_time,single_parent,renting
608,28,2020,full_time,single_parent,renting
608,29,2021,full_time,single_parent,renting
608,30,2022,full_time,single_parent,renting
609,18,2012,education,single_no_child,other_temporary
609,19,2013,education,single_no_child,renting
609,20,2014,education,single_no_child,renting
609,21,2015,education,partnered_no_child,renting
609,22,2016,education,partnered_no_child,renting
609,23,2017,full_time,partnered_no_child,renting
609,24,2018,full_time,partnered_with_child,renting
609,25,2019,full_time,partnered_with_child,renting
609,26,2020,full_time,partnered_with_child,renting
609,27,2021,full_time,partnered_with_child,renting
609,28,2022,full_time,partnered_with_child,renting
609,29,2023,full_time,partnered_with_child,renting
609,30,2024,full_time,partnered_with_child,renting
610,18,2011,full_time,single_no_child,parental_home
610,19,2012,education,single_no_child,parental_home
610,20,2013,education,single_no_child,parental_home
610,21,2014,education,single_no_child,parental_home
610,22,2015,education,single_no_child,parental_home
610,23,2016,full_time,partnered_no_child,parental_home
610,24,2017,part_time,partnered_no_child,parental_home
610,25,2018,full_time,single_no_child,parental_home
610,26,2019,full_time,single_no_child,parental_home
610,27,2020,full_time,single_no_child,parental_home
610,28,2021,full_time,single_no_child,renting
610,29,2022,full_time,single_no_child,renting
610,30,2023,full_time,partnered_with_child,renting
611,18,2012,education,single_no_child,renting
611,19,2013,education,single_no_child,renting
611,20,2014,education,single_no_child,renting
611,21,2015,education,partnered_no_child,renting
611,22,2016,education,partnered_no_child,renting
611,23,2017,full_time,partnered_no_child,renting
611,24,2018,full_time,partnered_no_child,renting
611,25,2019,full_time,partnered_no_child,renting
611,26,2020,full_time,partnered_no_child,renting
611,27,2021,full_time,partnered_no_child,renting
611,28,2022,full_time,partnered_no_child,owner_occupied
611,29,2023,full_time,partnered_no_child,owner_occupied
611,30,2024,part_time,partnered_no_child,owner_occupied
612,18,2012,education,single_no_child,other_temporary
612,19,2013,education,single_no_child,other_temporary
612,20,2014,education,single_no_child,other_temporary
612,21,2015,education,single_no_child,renting
612,22,2016,education,single_no_child,renting
612,23,2017,full_time,single_no_child,renting
612,24,2018,full_time,single_no_child,owner_occupied
612,25,2019,full_time,partnered_no_child,owner_occupied
612,26,2020,full_time,partnered_no_child,owner_occupied
612,27,2021,full_time,partnered_no_child,owner_occupied
612,28,2022,full_time,partnered_with_child,owner_occupied
612,29,2023,part_time,partnered_with_child,owner_occupied
612,30,2024,full_time,partnered_with_child,owner_occupied
613,18,2012,unemployed,single_no_child,parental_home
613,19,2013,education,single_no_child,parental_home
613,20,2014,education,single_no_child,parental_home
613,21,2015,education,single_no_child,parental_home
613,22,2016,part_time,single_no_child,renting
613,23,2017,full_time,single_no_child,renting
613,24,2018,full_time,single_no_child,renting
613,25,2019,full_time,single_no_child,renting
613,26,2020,full_time,single_no_child,renting
613,27,2021,full_time,single_no_child,renting
613,28,2022,full_time,single_no_child,renting
613,29,2023,full_time,single_no_child,renting
613,30,2024,full_time,single_no_child,renting
614,18,2008,education,single_no_child,parental_home
614,19,2009,education,single_no_child,parental_home
614,20,2010,education,single_no_child,parental_home
614,21,2011,education,single_parent,parental_home
614,22,2012,education,single_parent,parental_home
614,23,2013,full_time,single_parent,renting
614,24,2014,full_time,single_parent,renting
614,25,2015,full_time,single_parent,renting
614,26,2016,full_time,single_parent,renting
614,27,2017,full_time,single_parent,renting
614,28,2018,full_time,single_parent,renting
614,29,2019,full_time,single_parent,renting
614,30,2020,full_time,single_parent,renting
615,18,2010,education,single_no_child,parental_home
615,19,2011,education,single_no_child,parental_home
615,20,2012,education,single_no_child,parental_home
615,21,2013,unemployed,single_no_child,parental_home
615,22,2014,unemployed,single_no_child,parental_home
615,23,2015,part_time,single_parent,parental_home
615,24,2016,part_time,single_parent,renting
615,25,2017,full_time,single_parent,renting
615,26,2018,full_time,single_parent,renting
615,27,2019,full_time,single_parent,renting
615,28,2020,full_time,partnered_with_child,renting
615,29,2021,full_time,partnered_with_child,renting
615,30,2022,education,single_parent,renting
616,18,2012,education,single_no_child,parental_home
616,19,2013,education,single_no_child,parental_home
616,20,2014,unemployed,single_no_child,parental_home
616,21,2015,part_time,single_no_child,parental_home
616,22,2016,full_time,single_no_child,parental_home
616,23,2017,unemployed,single_no_child,parental_home
616,24,2018,full_time,single_no_child,parental_home
616,25,2019,part_time,single_no_child,parental_home
616,26,2020,unemployed,single_no_child,renting
616,27,2021,full_time,single_no_child,renting
616,28,2022,part_time,single_parent,renting
616,29,2023,full_time,single_parent,renting
616,30,2024,inactive_care,single_parent,renting
617,18,2012,education,single_no_child,parental_home
617,19,2013,education,single_no_child,parental_home
617,20,2014,education,single_no_child,renting
617,21,2015,education,single_no_child,renting
617,22,2016,education,single_no_child,renting
617,23,2017,full_time,single_no_child,renting
617,24,2018,full_time,single_no_child,owner_occupied
617,25,2019,full_time,single_no_child,owner_occupied
617,26,2020,full_time,single_no_child,owner_occupied
617,27,2021,part_time,single_no_child,owner_occupied
617,28,2022,full_time,single_no_child,owner_occupied
617,29,2023,full_time,single_no_child,owner_occupied
617,30,2024,full_time,single_no_child,owner_occupied
618,18,2009,education,single_no_child,other_temporary
618,19,2010,education,single_no_child,other_temporary
618,20,2011,education,single_no_child,renting
618,21,2012,education,single_no_child,renting
618,22,2013,education,partnered_no_child,renting
618,23,2014,part_time,partnered_no_child,renting
618,24,2015,part_time,partnered_with_child,renting
618,25,2016,full_time,partnered_with_child,renting
618,26,2017,full_time,partnered_with_child,renting
618,27,2018,full_time,partnered_with_child,renting
618,28,2019,full_time,partnered_with_child,renting
618,29,2020,full_time,partnered_with_child,renting
618,30,2021,full_time,partnered_with_child,owner_occupied
619,18,2012,education,single_no_child,parental_home
619,19,2013,education,single_no_child,renting
619,20,2014,unemployed,single_no_child,renting
619,21,2015,part_time,single_no_child,renting
619,22,2016,full_time,single_no_child,renting
619,23,2017,unemployed,single_no_child,renting
619,24,2018,full_time,single_no_child,renting
619,25,2019,part_time,single_no_child,renting
619,26,2020,unemployed,single_no_child,renting
619,27,2021,full_time,single_no_child,renting
619,28,2022,part_time,single_no_child,renting
619,29,2023,full_time,single_no_child,renting
619,30,2024,full_time,single_no_child,renting
620,18,2008,education,single_no_child,parental_home
620,19,2009,education,single_no_child,parental_home
620,20,2010,full_time,single_no_child,parental_home
620,21,2011,part_time,single_no_child,parental_home
620,22,2012,full_time,single_no_child,parental_home
620,23,2013,full_time,single_no_child,parental_home
620,24,2014,full_time,single_no_child,renting
620,25,2015,education,single_parent,renting
620,26,2016,full_time,single_parent,renting
620,27,2017,full_time,single_parent,renting
620,28,2018,unemployed,single_parent,renting
620,29,2019,full_time,partnered_with_child,renting
620,30,2020,full_time,partnered_with_child,renting
621,18,2009,education,single_no_child,parental_home
621,19,2010,education,single_no_child,parental_home
621,20,2011,full_time,single_no_child,renting
621,21,2012,full_time,single_no_child,renting
621,22,2013,unemployed,single_no_child,renting
621,23,2014,full_time,single_no_child,renting
621,24,2015,full_time,single_no_child,renting
621,25,2016,full_time,single_no_child,renting
621,26,2017,full_time,single_no_child,renting
621,27,2018,full_time,single_no_child,renting
621,28,2019,full_time,single_parent,owner_occupied
621,29,2020,full_time,single_parent,owner_occupied
621,30,2021,full_time,single_parent,owner_occupied
622,18,2009,education,partnered_no_child,other_temporary
622,19,2010,education,partnered_no_child,other_temporary
622,20,2011,full_time,partnered_no_child,renting
622,21,2012,full_time,partnered_no_child,renting
622,22,2013,unemployed,partnered_no_child,renting
622,23,2014,full_time,partnered_no_child,renting
622,24,2015,full_time,partnered_no_child,renting
622,25,2016,full_time,partnered_no_child,renting
622,26,2017,full_time,partnered_no_child,renting
622,27,2018,full_time,partnered_no_child,renting
622,28,2019,full_time,partnered_no_child,renting
622,29,2020,full_time,partnered_no_child,renting
622,30,2021,full_time,partnered_with_child,renting
623,18,2012,education,single_no_child,parental_home
623,19,2013,education,single_no_child,parental_home
623,20,2014,education,partnered_no_child,parental_home
623,21,2015,unemployed,partnered_no_child,parental_home
623,22,2016,unemployed,partnered_no_child,renting
623,23,2017,part_time,partnered_no_child,renting
623,24,2018,part_time,partnered_no_child,renting
623,25,2019,full_time,partnered_no_child,renting
623,26,2020,inactive_care,partnered_no_child,renting
623,27,2021,full_time,partnered_no_child,renting
623,28,2022,full_time,partnered_no_child,renting
623,29,2023,full_time,partnered_no_child,renting
623,30,2024,full_time,partnered_no_child,renting
624,18,2011,education,single_no_child,parental_home
624,19,2012,education,single_no_child,parental_home
624,20,2013,full_time,single_no_child,parental_home
624,21,2014,full_time,single_no_child,parental_home
624,22,2015,full_time,single_no_child,parental_home
624,23,2016,full_time,partnered_no_child,parental_home
624,24,2017,full_time,partnered_no_child,renting
624,25,2018,full_time,partnered_no_child,renting
624,26,2019,full_time,partnered_no_child,renting
624,27,2020,full_time,partnered_no_child,renting
624,28,2021,full_time,partnered_no_child,owner_occupied
624,29,2022,full_time,single_parent,owner_occupied
624,30,2023,full_time,single_parent,owner_occupied
625,18,2011,education,single_no_child,parental_home
625,19,2012,education,single_no_child,parental_home
625,20,2013,education,single_no_child,parental_home
625,21,2014,education,single_no_child,renting
625,22,2015,education,single_no_child,renting
625,23,2016,full_time,partnered_no_child,renting
625,24,2017,full_time,partnered_no_child,renting
625,25,2018,full_time,partnered_no_child,renting
625,26,2019,full_time,partnered_no_child,renting
625,27,2020,full_time,partnered_no_child,renting
625,28,2021,full_time,partnered_no_child,renting
625,29,2022,full_time,partnered_no_child,renting
625,30,2023,full_time,partnered_no_child,renting
626,18,2008,education,single_no_child,parental_home
626,19,2009,education,single_no_child,parental_home
626,20,2010,full_time,single_no_child,parental_home
626,21,2011,full_time,single_no_child,parental_home
626,22,2012,full_time,single_no_child,parental_home
626,23,2013,full_time,single_no_child,parental_home
626,24,2014,full_time,single_no_child,parental_home
626,25,2015,unemployed,single_no_child,parental_home
626,26,2016,full_time,single_no_child,parental_home
626,27,2017,inactive_care,single_no_child,parental_home
626,28,2018,full_time,single_no_child,parental_home
626,29,2019,full_time,partnered_no_child,parental_home
626,30,2020,full_time,partnered_no_child,other_temporary
627,18,2008,education,single_no_child,parental_home
627,19,2009,education,single_no_child,parental_home
627,20,2010,education,single_no_child,parental_home
627,21,2011,education,single_no_child,parental_home
627,22,2012,education,single_no_child,parental_home
627,23,2013,full_time,single_no_child,parental_home
627,24,2014,full_time,single_no_child,renting
627,25,2015,full_time,single_no_child,renting
627,26,2016,full_time,single_no_child,renting
627,27,2017,full_time,single_no_child,renting
627,28,2018,full_time,partnered_with_child,renting
627,29,2019,full_time,partnered_with_child,renting
627,30,2020,full_time,partnered_with_child,renting
628,18,2012,inactive_care,single_no_child,parental_home
628,19,2013,education,single_no_child,parental_home
628,20,2014,unemployed,partnered_no_child,parental_home
628,21,2015,part_time,partnered_no_child,parental_home
628,22,2016,full_time,partnered_no_child,parental_home
628,23,2017,unemployed,partnered_no_child,parental_home
628,24,2018,part_time,partnered_no_child,parental_home
628,25,2019,part_time,partnered_no_child,parental_home
628,26,2020,unemployed,partnered_with_child,parental_home
628,27,2021,full_time,partnered_with_child,parental_home
628,28,2022,part_time,partnered_with_child,renting
628,29,2023,full_time,partnered_with_child,renting
628,30,2024,full_time,partnered_with_child,renting
629,18,2012,education,single_no_child,renting
629,19,2013,education,single_no_child,renting
629,20,2014,education,single_no_child,renting
629,21,2015,unemployed,single_no_child,renting
629,22,2016,unemployed,single_no_child,renting
629,23,2017,part_time,single_no_child,renting
629,24,2018,part_time,single_no_child,renting
629,25,2019,full_time,partnered_no_child,renting
629,26,2020,full_time,partnered_no_child,renting
629,27,2021,full_time,partnered_no_child,renting
629,28,2022,full_time,partnered_no_child,owner_occupied
629,29,2023,full_time,partnered_no_child,owner_occupied
629,30,2024,full_time,partnered_no_child,owner_occupied
630,18,2011,education,single_no_child,renting
630,19,2012,education,partnered_no_child,renting
630,20,2013,education,partnered_no_child,renting
630,21,2014,full_time,partnered_with_child,renting
630,22,2015,full_time,partnered_with_child,renting
630,23,2016,full_time,partnered_with_child,renting
630,24,2017,full_time,partnered_with_child,renting
630,25,2018,inactive_care,partnered_with_child,renting
630,26,2019,inactive_care,partnered_with_child,renting
630,27,2020,part_time,partnered_with_child,renting
630,28,2021,unemployed,partnered_with_child,renting
630,29,2022,full_time,partnered_with_child,renting
630,30,2023,full_time,partnered_with_child,renting
631,18,2008,education,single_no_child,parental_home
631,19,2009,unemployed,single_no_child,parental_home
631,20,2010,unemployed,single_no_child,parental_home
631,21,2011,part_time,single_no_child,parental_home
631,22,2012,part_time,single_no_child,parental_home
631,23,2013,inactive_care,single_no_child,renting
631,24,2014,unemployed,single_no_child,renting
631,25,2015,inactive_care,partnered_no_child,renting
631,26,2016,unemployed,partnered_no_child,renting
631,27,2017,part_time,partnered_no_child,owner_occupied
631,28,2018,unemployed,partnered_no_child,owner_occupied
631,29,2019,full_time,partnered_no_child,owner_occupied
631,30,2020,inactive_care,partnered_with_child,owner_occupied
632,18,2012,education,single_no_child,parental_home
632,19,2013,unemployed,single_no_child,parental_home
632,20,2014,unemployed,partnered_no_child,parental_home
632,21,2015,part_time,single_no_child,parental_home
632,22,2016,part_time,single_no_child,parental_home
632,23,2017,unemployed,single_no_child,parental_home
632,24,2018,unemployed,single_no_child,parental_home
632,25,2019,inactive_care,single_parent,other_temporary
632,26,2020,inactive_care,single_parent,renting
632,27,2021,part_time,single_parent,renting
632,28,2022,full_time,partnered_with_child,renting
632,29,2023,full_time,partnered_with_child,renting
632,30,2024,part_time,partnered_with_child,renting
633,18,2011,education,single_no_child,parental_home
633,19,2012,part_time,single_no_child,parental_home
633,20,2013,education,single_no_child,parental_home
633,21,2014,unemployed,single_no_child,parental_home
633,22,2015,unemployed,single_no_child,parental_home
633,23,2016,part_time,partnered_no_child,parental_home
633,24,2017,part_time,partnered_no_child,renting
633,25,2018,full_time,partnered_no_child,renting
633,26,2019,full_time,partnered_no_child,renting
633,27,2020,full_time,partnered_no_child,renting
633,28,2021,full_time,partnered_no_child,renting
633,29,2022,full_time,partnered_no_child,renting
633,30,2023,full_time,partnered_no_child,renting
634,18,2012,education,single_no_child,parental_home
634,19,2013,education,single_no_child,parental_home
634,20,2014,education,single_no_child,parental_home
634,21,2015,unemployed,single_no_child,parental_home
634,22,2016,full_time,single_no_child,renting
634,23,2017,part_time,single_no_child,renting
634,24,2018,part_time,single_no_child,renting
634,25,2019,full_time,single_no_child,renting
634,26,2020,full_time,single_no_child,renting
634,27,2021,full_time,single_no_child,owner_occupied
634,28,2022,full_time,partnered_with_child,owner_occupied
634,29,2023,full_time,partnered_with_child,owner_occupied
634,30,2024,full_time,partnered_with_child,owner_occupied
635,18,2009,education,single_no_child,renting
635,19,2010,unemployed,partnered_no_child,renting
635,20,2011,unemployed,partnered_no_child,renting
635,21,2012,unemployed,partnered_no_child,renting
635,22,2013,part_time,partnered_no_child,renting
635,23,2014,unemployed,partnered_no_child,renting
635,24,2015,unemployed,partnered_no_child,renting
635,25,2016,inactive_care,partnered_no_child,renting
635,26,2017,unemployed,partnered_no_child,renting
635,27,2018,part_time,partnered_no_child,renting
635,28,2019,unemployed,partnered_no_child,renting
635,29,2020,full_time,partnered_no_child,renting
635,30,2021,part_time,partnered_with_child,renting
636,18,2009,education,single_no_child,renting
636,19,2010,education,single_no_child,renting
636,20,2011,education,single_no_child,renting
636,21,2012,unemployed,single_no_child,renting
636,22,2013,unemployed,single_no_child,renting
636,23,2014,part_time,single_no_child,renting
636,24,2015,unemployed,partnered_no_child,renting
636,25,2016,full_time,partnered_with_child,renting
636,26,2017,full_time,partnered_with_child,renting
636,27,2018,inactive_care,partnered_with_child,renting
636,28,2019,full_time,partnered_with_child,renting
636,29,2020,full_time,partnered_with_child,renting
636,30,2021,full_time,partnered_with_child,renting
637,18,2010,education,single_no_child,parental_home
637,19,2011,part_time,single_no_child,parental_home
637,20,2012,unemployed,single_no_child,parental_home
637,21,2013,part_time,single_no_child,parental_home
637,22,2014,inactive_care,single_no_child,renting
637,23,2015,unemployed,single_no_child,renting
637,24,2016,full_time,single_no_child,renting
637,25,2017,part_time,single_no_child,renting
637,26,2018,unemployed,single_no_child,renting
637,27,2019,full_time,single_no_child,renting
637,28,2020,part_time,single_no_child,renting
637,29,2021,full_time,single_no_child,renting
637,30,2022,full_time,single_no_child,renting
638,18,2010,education,single_no_child,parental_home
638,19,2011,education,single_no_child,parental_home
638,20,2012,full_time,single_no_child,parental_home
638,21,2013,part_time,single_no_child,parental_home
638,22,2014,full_time,single_no_child,parental_home
638,23,2015,unemployed,single_no_child,renting
638,24,2016,full_time,single_no_child,renting
638,25,2017,part_time,single_no_child,renting
638,26,2018,unemployed,single_no_child,renting
638,27,2019,full_time,single_no_child,renting
638,28,2020,part_time,single_no_child,renting
638,29,2021,full_time,single_no_child,renting
638,30,2022,full_time,single_no_child,renting
639,18,2012,education,single_no_child,renting
639,19,2013,education,single_no_child,renting
639,20,2014,education,single_no_child,renting
639,21,2015,education,single_no_child,renting
639,22,2016,part_time,single_no_child,renting
639,23,2017,full_time,single_parent,renting
639,24,2018,full_time,single_parent,renting
639,25,2019,full_time,partnered_with_child,renting
639,26,2020,full_time,partnered_with_child,renting
639,27,2021,full_time,partnered_with_child,renting
639,28,2022,full_time,partnered_with_child,renting
639,29,2023,full_time,partnered_with_child,renting
639,30,2024,unemployed,partnered_with_child,renting
640,18,2009,education,single_no_child,parental_home
640,19,2010,education,single_no_child,parental_home
640,20,2011,education,single_no_child,parental_home
640,21,2012,education,single_no_child,parental_home
640,22,2013,education,single_no_child,parental_home
640,23,2014,full_time,single_no_child,parental_home
640,24,2015,full_time,single_no_child,parental_home
640,25,2016,full_time,single_no_child,renting
640,26,2017,full_time,single_no_child,owner_occupied
640,27,2018,full_time,single_no_child,owner_occupied
640,28,2019,full_time,single_parent,owner_occupied
640,29,2020,full_time,single_parent,owner_occupied
640,30,2021,full_time,single_parent,owner_occupied
641,18,2011,education,single_no_child,renting
641,19,2012,education,single_no_child,renting
641,20,2013,unemployed,single_no_child,renting
641,21,2014,part_time,single_no_child,renting
641,22,2015,full_time,single_parent,renting
641,23,2016,unemployed,single_parent,renting
641,24,2017,full_time,single_parent,renting
641,25,2018,part_time,single_parent,renting
641,26,2019,unemployed,single_parent,renting
641,27,2020,full_time,single_parent,renting
641,28,2021,part_time,single_parent,renting
641,29,2022,full_time,single_parent,renting
641,30,2023,full_time,single_parent,renting
642,18,2009,education,single_no_child,parental_home
642,19,2010,education,single_no_child,parental_home
642,20,2011,education,partnered_no_child,parental_home
642,21,2012,education,partnered_no_child,parental_home
642,22,2013,education,partnered_no_child,parental_home
642,23,2014,full_time,partnered_no_child,renting
642,24,2015,full_time,partnered_no_child,renting
642,25,2016,full_time,partnered_no_child,renting
642,26,2017,full_time,partnered_no_child,renting
642,27,2018,full_time,partnered_with_child,renting
642,28,2019,full_time,single_parent,renting
642,29,2020,full_time,single_parent,renting
642,30,2021,unemployed,single_parent,renting
643,18,2008,education,single_no_child,parental_home
643,19,2009,unemployed,single_no_child,parental_home
643,20,2010,unemployed,single_no_child,parental_home
643,21,2011,unemployed,single_no_child,parental_home
643,22,2012,part_time,single_no_child,renting
643,23,2013,unemployed,partnered_no_child,renting
643,24,2014,unemployed,partnered_no_child,renting
643,25,2015,inactive_care,partnered_no_child,renting
643,26,2016,unemployed,partnered_no_child,renting
643,27,2017,part_time,partnered_no_child,renting
643,28,2018,unemployed,partnered_no_child,renting
643,29,2019,full_time,partnered_no_child,renting
643,30,2020,part_time,single_no_child,renting
644,18,2011,education,single_no_child,renting
644,19,2012,unemployed,single_no_child,renting
644,20,2013,unemployed,single_no_child,renting
644,21,2014,part_time,single_no_child,renting
644,22,2015,full_time,single_no_child,renting
644,23,2016,unemployed,single_no_child,renting
644,24,2017,full_time,partnered_no_child,renting
644,25,2018,part_time,partnered_no_child,renting
644,26,2019,unemployed,partnered_no_child,renting
644,27,2020,full_time,partnered_no_child,renting
644,28,2021,part_time,partnered_no_child,renting
644,29,2022,full_time,partnered_no_child,renting
644,30,2023,full_time,partnered_no_child,renting
645,18,2012,education,single_no_child,parental_home
645,19,2013,education,single_no_child,parental_home
645,20,2014,full_time,single_no_child,parental_home
645,21,2015,full_time,single_no_child,parental_home
645,22,2016,full_time,single_parent,parental_home
645,23,2017,full_time,single_parent,parental_home
645,24,2018,full_time,single_parent,renting
645,25,2019,part_time,single_parent,renting
645,26,2020,full_time,single_parent,renting
645,27,2021,full_time,single_parent,renting
645,28,2022,full_time,single_parent,renting
645,29,2023,full_time,single_parent,renting
645,30,2024,full_time,partnered_with_child,renting
646,18,2010,education,single_no_child,parental_home
646,19,2011,full_time,partnered_no_child,parental_home
646,20,2012,education,partnered_no_child,parental_home
646,21,2013,full_time,partnered_no_child,parental_home
646,22,2014,full_time,partnered_no_child,parental_home
646,23,2015,full_time,partnered_no_child,parental_home
646,24,2016,full_time,partnered_no_child,other_temporary
646,25,2017,inactive_care,partnered_no_child,other_temporary
646,26,2018,inactive_care,partnered_no_child,other_temporary
646,27,2019,part_time,partnered_no_child,other_temporary
646,28,2020,part_time,partnered_no_child,renting
646,29,2021,full_time,partnered_with_child,renting
646,30,2022,full_time,partnered_with_child,renting
647,18,2009,education,single_no_child,parental_home
647,19,2010,education,single_no_child,parental_home
647,20,2011,unemployed,partnered_no_child,parental_home
647,21,2012,part_time,partnered_no_child,renting
647,22,2013,full_time,partnered_no_child,renting
647,23,2014,unemployed,partnered_no_child,renting
647,24,2015,full_time,partnered_no_child,renting
647,25,2016,unemployed,partnered_no_child,renting
647,26,2017,unemployed,partnered_with_child,renting
647,27,2018,full_time,partnered_with_child,renting
647,28,2019,full_time,partnered_with_child,renting
647,29,2020,full_time,partnered_with_child,renting
647,30,2021,full_time,partnered_with_child,renting
648,18,2008,full_time,single_no_child,parental_home
648,19,2009,education,single_no_child,parental_home
648,20,2010,education,single_no_child,parental_home
648,21,2011,unemployed,single_no_child,renting
648,22,2012,unemployed,single_no_child,renting
648,23,2013,part_time,single_no_child,renting
648,24,2014,unemployed,partnered_no_child,renting
648,25,2015,full_time,partnered_no_child,renting
648,26,2016,full_time,partnered_no_child,renting
648,27,2017,full_time,partnered_no_child,renting
648,28,2018,full_time,partnered_with_child,renting
648,29,2019,full_time,partnered_with_child,renting
648,30,2020,full_time,partnered_with_child,renting
649,18,2010,education,single_no_child,parental_home
649,19,2011,education,single_no_child,parental_home
649,20,2012,education,single_no_child,parental_home
649,21,2013,full_time,partnered_with_child,parental_home
649,22,2014,education,partnered_with_child,parental_home
649,23,2015,full_time,partnered_with_child,parental_home
649,24,2016,full_time,partnered_with_child,parental_home
649,25,2017,full_time,partnered_with_child,parental_home
649,26,2018,full_time,single_parent,parental_home
649,27,2019,full_time,partnered_with_child,renting
649,28,2020,part_time,partnered_with_child,renting
649,29,2021,full_time,partnered_with_child,renting
649,30,2022,full_time,partnered_with_child,renting
650,18,2010,education,single_no_child,parental_home
650,19,2011,education,single_no_child,parental_home
650,20,2012,full_time,single_no_child,parental_home
650,21,2013,full_time,single_no_child,parental_home
650,22,2014,full_time,single_no_child,renting
650,23,2015,full_time,single_no_child,renting
650,24,2016,full_time,single_no_child,renting
650,25,2017,full_time,single_no_child,renting
650,26,2018,full_time,single_no_child,renting
650,27,2019,full_time,single_no_child,renting
650,28,2020,full_time,single_parent,renting
650,29,2021,full_time,single_parent,renting
650,30,2022,full_time,single_parent,renting
651,18,2009,education,single_no_child,renting
651,19,2010,education,single_no_child,renting
651,20,2011,unemployed,single_no_child,renting
651,21,2012,part_time,partnered_no_child,renting
651,22,2013,inactive_care,partnered_no_child,renting
651,23,2014,full_time,partnered_no_child,renting
651,24,2015,full_time,partnered_with_child,renting
651,25,2016,part_time,partnered_with_child,renting
651,26,2017,unemployed,partnered_with_child,other_temporary
651,27,2018,full_time,partnered_with_child,renting
651,28,2019,part_time,partnered_with_child,renting
651,29,2020,full_time,partnered_with_child,renting
651,30,2021,full_time,partnered_with_child,renting
652,18,2012,education,single_no_child,renting
652,19,2013,education,single_no_child,renting
652,20,2014,part_time,single_no_child,renting
652,21,2015,part_time,single_no_child,renting
652,22,2016,full_time,partnered_no_child,renting
652,23,2017,full_time,partnered_with_child,renting
652,24,2018,full_time,partnered_with_child,renting
652,25,2019,full_time,partnered_with_child,renting
652,26,2020,full_time,partnered_with_child,renting
652,27,2021,full_time,partnered_with_child,renting
652,28,2022,full_time,partnered_with_child,renting
652,29,2023,full_time,partnered_with_child,renting
652,30,2024,inactive_care,partnered_with_child,renting
653,18,2011,education,single_no_child,parental_home
653,19,2012,education,single_no_child,parental_home
653,20,2013,education,single_no_child,parental_home
653,21,2014,part_time,partnered_no_child,parental_home
653,22,2015,full_time,partnered_no_child,parental_home
653,23,2016,full_time,partnered_no_child,parental_home
653,24,2017,full_time,partnered_no_child,other_temporary
653,25,2018,inactive_care,partnered_no_child,other_temporary
653,26,2019,inactive_care,partnered_no_child,other_temporary
653,27,2020,part_time,partnered_no_child,other_temporary
653,28,2021,full_time,partnered_no_child,other_temporary
653,29,2022,part_time,partnered_no_child,renting
653,30,2023,full_time,partnered_no_child,renting
654,18,2012,unemployed,single_no_child,parental_home
654,19,2013,unemployed,single_no_child,parental_home
654,20,2014,unemployed,partnered_no_child,parental_home
654,21,2015,unemployed,partnered_no_child,parental_home
654,22,2016,part_time,partnered_no_child,renting
654,23,2017,unemployed,partnered_no_child,renting
654,24,2018,unemployed,partnered_no_child,renting
654,25,2019,inactive_care,partnered_no_child,renting
654,26,2020,unemployed,partnered_no_child,renting
654,27,2021,full_time,partnered_no_child,renting
654,28,2022,unemployed,partnered_no_child,renting
654,29,2023,full_time,partnered_no_child,renting
654,30,2024,part_time,partnered_no_child,renting
655,18,2010,education,single_no_child,parental_home
655,19,2011,education,single_no_child,parental_home
655,20,2012,education,single_no_child,other_temporary
655,21,2013,unemployed,single_no_child,other_temporary
655,22,2014,education,single_no_child,renting
655,23,2015,full_time,single_no_child,renting
655,24,2016,full_time,single_no_child,renting
655,25,2017,full_time,single_no_child,renting
655,26,2018,full_time,single_no_child,renting
655,27,2019,full_time,single_no_child,renting
655,28,2020,full_time,single_no_child,renting
655,29,2021,full_time,partnered_with_child,renting
655,30,2022,part_time,partnered_with_child,renting
656,18,2009,part_time,single_no_child,renting
656,19,2010,education,single_no_child,renting
656,20,2011,education,single_no_child,renting
656,21,2012,education,single_no_child,renting
656,22,2013,education,single_no_child,renting
656,23,2014,full_time,single_no_child,renting
656,24,2015,full_time,single_no_child,renting
656,25,2016,full_time,partnered_no_child,renting
656,26,2017,full_time,partnered_no_child,renting
656,27,2018,full_time,partnered_no_child,renting
656,28,2019,full_time,partnered_no_child,renting
656,29,2020,full_time,partnered_no_child,renting
656,30,2021,full_time,partnered_no_child,renting
657,18,2009,education,single_no_child,parental_home
657,19,2010,part_time,partnered_no_child,parental_home
657,20,2011,unemployed,partnered_no_child,parental_home
657,21,2012,part_time,partnered_no_child,parental_home
657,22,2013,full_time,partnered_no_child,parental_home
657,23,2014,unemployed,partnered_no_child,parental_home
657,24,2015,full_time,partnered_no_child,parental_home
657,25,2016,part_time,partnered_no_child,parental_home
657,26,2017,unemployed,partnered_no_child,parental_home
657,27,2018,full_time,partnered_no_child,parental_home
657,28,2019,part_time,partnered_no_child,renting
657,29,2020,unemployed,partnered_no_child,renting
657,30,2021,full_time,single_no_child,renting
658,18,2011,education,single_no_child,parental_home
658,19,2012,education,single_no_child,parental_home
658,20,2013,education,single_no_child,other_temporary
658,21,2014,full_time,single_no_child,other_temporary
658,22,2015,full_time,single_no_child,other_temporary
658,23,2016,full_time,partnered_no_child,renting
658,24,2017,full_time,partnered_no_child,renting
658,25,2018,part_time,partnered_no_child,renting
658,26,2019,inactive_care,partnered_with_child,renting
658,27,2020,part_time,partnered_with_child,renting
658,28,2021,part_time,partnered_with_child,renting
658,29,2022,full_time,partnered_with_child,renting
658,30,2023,full_time,partnered_with_child,renting
659,18,2008,education,single_no_child,parental_home
659,19,2009,education,single_no_child,parental_home
659,20,2010,unemployed,single_no_child,parental_home
659,21,2011,part_time,single_no_child,parental_home
659,22,2012,full_time,single_no_child,renting
659,23,2013,unemployed,partnered_with_child,renting
659,24,2014,inactive_care,partnered_with_child,renting
659,25,2015,part_time,partnered_with_child,renting
659,26,2016,unemployed,partnered_with_child,renting
659,27,2017,full_time,partnered_with_child,renting
659,28,2018,part_time,partnered_with_child,renting
659,29,2019,full_time,partnered_with_child,renting
659,30,2020,full_time,partnered_with_child,renting
660,18,2011,education,single_no_child,renting
660,19,2012,education,single_no_child,renting
660,20,2013,education,single_no_child,renting
660,21,2014,part_time,single_parent,renting
660,22,2015,unemployed,single_parent,renting
660,23,2016,part_time,single_parent,renting
660,24,2017,part_time,single_parent,renting
660,25,2018,full_time,single_parent,renting
660,26,2019,full_time,single_parent,renting
660,27,2020,full_time,single_parent,renting
660,28,2021,full_time,single_parent,renting
660,29,2022,full_time,single_parent,renting
660,30,2023,full_time,single_parent,renting
661,18,2012,education,single_no_child,parental_home
661,19,2013,education,single_no_child,parental_home
661,20,2014,unemployed,single_no_child,parental_home
661,21,2015,part_time,single_no_child,parental_home
661,22,2016,full_time,single_no_child,parental_home
661,23,2017,unemployed,single_no_child,parental_home
661,24,2018,full_time,partnered_no_child,parental_home
661,25,2019,part_time,single_no_child,parental_home
661,26,2020,unemployed,single_no_child,renting
661,27,2021,part_time,single_no_child,renting
661,28,2022,part_time,single_no_child,renting
661,29,2023,full_time,single_no_child,renting
661,30,2024,full_time,single_no_child,renting
662,18,2008,education,single_no_child,parental_home
662,19,2009,education,partnered_no_child,parental_home
662,20,2010,education,partnered_no_child,parental_home
662,21,2011,education,partnered_no_child,renting
662,22,2012,education,partnered_no_child,renting
662,23,2013,full_time,partnered_no_child,renting
662,24,2014,full_time,partnered_with_child,renting
662,25,2015,full_time,partnered_with_child,renting
662,26,2016,full_time,partnered_with_child,renting
662,27,2017,full_time,partnered_with_child,renting
662,28,2018,full_time,partnered_with_child,renting
662,29,2019,full_time,partnered_with_child,owner_occupied
662,30,2020,full_time,partnered_with_child,owner_occupied
663,18,2009,education,single_no_child,parental_home
663,19,2010,education,single_no_child,parental_home
663,20,2011,education,single_no_child,parental_home
663,21,2012,education,single_no_child,parental_home
663,22,2013,unemployed,partnered_no_child,parental_home
663,23,2014,inactive_care,partnered_with_child,renting
663,24,2015,part_time,partnered_with_child,renting
663,25,2016,full_time,partnered_with_child,renting
663,26,2017,full_time,partnered_with_child,renting
663,27,2018,full_time,partnered_with_child,renting
663,28,2019,full_time,partnered_with_child,owner_occupied
663,29,2020,full_time,partnered_with_child,owner_occupied
663,30,2021,full_time,partnered_with_child,owner_occupied
664,18,2008,education,single_no_child,parental_home
664,19,2009,education,single_no_child,parental_home
664,20,2010,education,single_no_child,parental_home
664,21,2011,education,single_no_child,renting
664,22,2012,education,single_no_child,renting
664,23,2013,full_time,single_no_child,renting
664,24,2014,full_time,single_no_child,renting
664,25,2015,full_time,single_no_child,renting
664,26,2016,full_time,partnered_no_child,renting
664,27,2017,full_time,partnered_with_child,renting
664,28,2018,full_time,partnered_with_child,owner_occupied
664,29,2019,full_time,partnered_with_child,owner_occupied
664,30,2020,part_time,partnered_with_child,owner_occupied
665,18,2011,education,single_no_child,parental_home
665,19,2012,education,single_no_child,parental_home
665,20,2013,full_time,single_no_child,parental_home
665,21,2014,full_time,single_no_child,parental_home
665,22,2015,full_time,single_no_child,parental_home
665,23,2016,full_time,single_no_child,parental_home
665,24,2017,full_time,single_no_child,parental_home
665,25,2018,full_time,partnered_no_child,parental_home
665,26,2019,full_time,partnered_no_child,renting
665,27,2020,full_time,partnered_no_child,owner_occupied
665,28,2021,full_time,partnered_no_child,owner_occupied
665,29,2022,full_time,partnered_no_child,owner_occupied
665,30,2023,full_time,partnered_no_child,owner_occupied
666,18,2010,education,single_no_child,parental_home
666,19,2011,education,single_no_child,parental_home
666,20,2012,full_time,single_no_child,parental_home
666,21,2013,unemployed,single_no_child,parental_home
666,22,2014,full_time,single_no_child,parental_home
666,23,2015,full_time,single_no_child,parental_home
666,24,2016,full_time,single_no_child,parental_home
666,25,2017,full_time,single_no_child,parental_home
666,26,2018,full_time,single_no_child,parental_home
666,27,2019,full_time,single_parent,other_temporary
666,28,2020,full_time,partnered_with_child,other_temporary
666,29,2021,inactive_care,partnered_with_child,renting
666,30,2022,full_time,partnered_with_child,owner_occupied
667,18,2011,education,single_no_child,parental_home
667,19,2012,unemployed,single_no_child,parental_home
667,20,2013,part_time,single_no_child,parental_home
667,21,2014,unemployed,single_no_child,parental_home
667,22,2015,part_time,single_no_child,parental_home
667,23,2016,unemployed,single_no_child,parental_home
667,24,2017,unemployed,single_no_child,parental_home
667,25,2018,inactive_care,single_parent,parental_home
667,26,2019,unemployed,single_parent,renting
667,27,2020,part_time,single_parent,renting
667,28,2021,unemployed,single_parent,renting
667,29,2022,full_time,partnered_with_child,renting
667,30,2023,part_time,partnered_with_child,renting
668,18,2010,education,single_no_child,parental_home
668,19,2011,education,single_no_child,parental_home
668,20,2012,education,single_no_child,parental_home
668,21,2013,education,single_no_child,parental_home
668,22,2014,education,single_no_child,renting
668,23,2015,full_time,single_no_child,renting
668,24,2016,full_time,single_no_child,renting
668,25,2017,full_time,single_no_child,renting
668,26,2018,full_time,partnered_no_child,renting
668,27,2019,full_time,partnered_no_child,renting
668,28,2020,full_time,partnered_no_child,renting
668,29,2021,full_time,single_no_child,renting
668,30,2022,part_time,single_no_child,renting
669,18,2008,education,single_no_child,renting
669,19,2009,education,single_no_child,renting
669,20,2010,education,single_no_child,renting
669,21,2011,education,single_no_child,renting
669,22,2012,education,single_no_child,renting
669,23,2013,full_time,single_parent,renting
669,24,2014,full_time,single_parent,renting
669,25,2015,full_time,single_parent,renting
669,26,2016,full_time,single_parent,renting
669,27,2017,full_time,single_parent,owner_occupied
669,28,2018,full_time,single_parent,owner_occupied
669,29,2019,full_time,single_parent,owner_occupied
669,30,2020,full_time,single_parent,owner_occupied
670,18,2008,education,single_no_child,parental_home
670,19,2009,education,single_no_child,renting
670,20,2010,unemployed,single_no_child,renting
670,21,2011,part_time,single_no_child,renting
670,22,2012,full_time,single_no_child,renting
670,23,2013,part_time,partnered_no_child,renting
670,24,2014,full_time,partnered_no_child,renting
670,25,2015,part_time,partnered_no_child,renting
670,26,2016,unemployed,partnered_no_child,renting
670,27,2017,full_time,partnered_no_child,renting
670,28,2018,part_time,partnered_no_child,renting
670,29,2019,full_time,partnered_no_child,renting
670,30,2020,full_time,partnered_with_child,renting
671,18,2012,education,single_no_child,other_temporary
671,19,2013,education,single_no_child,other_temporary
671,20,2014,education,single_no_child,renting
671,21,2015,education,single_no_child,renting
671,22,2016,full_time,single_no_child,renting
671,23,2017,full_time,single_no_child,renting
671,24,2018,full_time,single_no_child,renting
671,25,2019,full_time,partnered_no_child,renting
671,26,2020,full_time,partnered_with_child,renting
671,27,2021,unemployed,partnered_with_child,renting
671,28,2022,full_time,partnered_with_child,renting
671,29,2023,full_time,partnered_with_child,renting
671,30,2024,full_time,partnered_with_child,renting
672,18,2012,unemployed,single_no_child,renting
672,19,2013,education,single_no_child,renting
672,20,2014,education,single_no_child,renting
672,21,2015,unemployed,single_no_child,renting
672,22,2016,unemployed,single_no_child,renting
672,23,2017,part_time,single_no_child,renting
672,24,2018,part_time,single_no_child,renting
672,25,2019,full_time,single_no_child,renting
672,26,2020,part_time,single_no_child,renting
672,27,2021,full_time,single_no_child,owner_occupied
672,28,2022,full_time,single_no_child,owner_occupied
672,29,2023,part_time,single_no_child,owner_occupied
672,30,2024,full_time,single_no_child,owner_occupied
673,18,2012,education,single_no_child,parental_home
673,19,2013,education,single_no_child,parental_home
673,20,2014,unemployed,partnered_no_child,parental_home
673,21,2015,part_time,partnered_no_child,parental_home
673,22,2016,full_time,partnered_no_child,parental_home
673,23,2017,unemployed,partnered_no_child,parental_home
673,24,2018,full_time,partnered_no_child,parental_home
673,25,2019,part_time,partnered_no_child,other_temporary
673,26,2020,unemployed,partnered_no_child,other_temporary
673,27,2021,full_time,partnered_no_child,renting
673,28,2022,part_time,partnered_no_child,owner_occupied
673,29,2023,full_time,partnered_no_child,owner_occupied
673,30,2024,full_time,partnered_no_child,owner_occupied
674,18,2012,education,partnered_no_child,renting
674,19,2013,unemployed,partnered_no_child,renting
674,20,2014,unemployed,partnered_no_child,renting
674,21,2015,unemployed,single_no_child,renting
674,22,2016,part_time,single_no_child,renting
674,23,2017,inactive_care,single_no_child,renting
674,24,2018,unemployed,single_no_child,renting
674,25,2019,inactive_care,single_no_child,renting
674,26,2020,part_time,single_no_child,renting
674,27,2021,part_time,single_no_child,renting
674,28,2022,unemployed,single_no_child,renting
674,29,2023,full_time,single_no_child,renting
674,30,2024,part_time,partnered_no_child,renting
675,18,2010,unemployed,single_no_child,parental_home
675,19,2011,education,single_no_child,parental_home
675,20,2012,education,single_no_child,other_temporary
675,21,2013,unemployed,partnered_no_child,other_temporary
675,22,2014,full_time,partnered_with_child,renting
675,23,2015,part_time,single_parent,renting
675,24,2016,part_time,single_parent,renting
675,25,2017,full_time,partnered_with_child,renting
675,26,2018,full_time,partnered_with_child,renting
675,27,2019,full_time,partnered_with_child,renting
675,28,2020,full_time,partnered_with_child,renting
675,29,2021,full_time,partnered_with_child,renting
675,30,2022,full_time,partnered_with_child,renting
676,18,2009,education,single_no_child,parental_home
676,19,2010,part_time,single_no_child,parental_home
676,20,2011,unemployed,single_no_child,parental_home
676,21,2012,part_time,single_no_child,parental_home
676,22,2013,full_time,single_no_child,renting
676,23,2014,unemployed,single_no_child,renting
676,24,2015,full_time,single_no_child,renting
676,25,2016,part_time,single_no_child,renting
676,26,2017,unemployed,single_no_child,renting
676,27,2018,full_time,partnered_no_child,renting
676,28,2019,part_time,partnered_no_child,renting
676,29,2020,full_time,partnered_no_child,renting
676,30,2021,full_time,partnered_no_child,renting
677,18,2010,education,single_no_child,parental_home
677,19,2011,unemployed,single_no_child,parental_home
677,20,2012,unemployed,single_no_child,parental_home
677,21,2013,unemployed,single_no_child,parental_home
677,22,2014,part_time,single_no_child,parental_home
677,23,2015,unemployed,single_no_child,parental_home
677,24,2016,unemployed,single_no_child,parental_home
677,25,2017,inactive_care,single_no_child,parental_home
677,26,2018,unemployed,single_no_child,parental_home
677,27,2019,part_time,single_no_child,parental_home
677,28,2020,unemployed,single_no_child,renting
677,29,2021,full_time,single_no_child,renting
677,30,2022,part_time,single_no_child,renting
678,18,2012,education,single_no_child,renting
678,19,2013,unemployed,single_no_child,renting
678,20,2014,education,single_no_child,renting
678,21,2015,unemployed,partnered_with_child,renting
678,22,2016,unemployed,single_parent,other_temporary
678,23,2017,part_time,single_parent,other_temporary
678,24,2018,part_time,single_parent,other_temporary
678,25,2019,full_time,single_parent,other_temporary
678,26,2020,full_time,single_parent,other_temporary
678,27,2021,full_time,single_parent,other_temporary
678,28,2022,full_time,single_parent,other_temporary
678,29,2023,full_time,single_parent,other_temporary
678,30,2024,full_time,single_parent,renting
679,18,2009,unemployed,single_no_child,parental_home
679,19,2010,education,single_no_child,renting
679,20,2011,unemployed,single_no_child,renting
679,21,2012,part_time,partnered_no_child,renting
679,22,2013,full_time,partnered_no_child,renting
679,23,2014,unemployed,partnered_no_child,renting
679,24,2015,full_time,partnered_no_child,renting
679,25,2016,part_time,partnered_with_child,renting
679,26,2017,unemployed,partnered_with_child,renting
679,27,2018,inactive_care,partnered_with_child,renting
679,28,2019,part_time,partnered_with_child,renting
679,29,2020,full_time,partnered_with_child,owner_occupied
679,30,2021,full_time,partnered_with_child,owner_occupied
680,18,2012,education,single_no_child,parental_home
680,19,2013,education,single_no_child,parental_home
680,20,2014,education,single_no_child,parental_home
680,21,2015,education,single_no_child,parental_home
680,22,2016,education,single_no_child,renting
680,23,2017,full_time,partnered_no_child,renting
680,24,2018,part_time,partnered_no_child,renting
680,25,2019,full_time,partnered_no_child,renting
680,26,2020,full_time,partnered_no_child,renting
680,27,2021,full_time,partnered_no_child,renting
680,28,2022,full_time,partnered_no_child,renting
680,29,2023,full_time,partnered_no_child,renting
680,30,2024,full_time,partnered_no_child,renting
681,18,2011,education,single_no_child,parental_home
681,19,2012,education,single_no_child,parental_home
681,20,2013,education,single_no_child,parental_home
681,21,2014,full_time,single_no_child,parental_home
681,22,2015,part_time,single_no_child,parental_home
681,23,2016,full_time,single_no_child,parental_home
681,24,2017,full_time,single_no_child,parental_home
681,25,2018,inactive_care,partnered_no_child,parental_home
681,26,2019,inactive_care,partnered_with_child,parental_home
681,27,2020,part_time,partnered_with_child,parental_home
681,28,2021,part_time,partnered_with_child,parental_home
681,29,2022,full_time,partnered_with_child,parental_home
681,30,2023,full_time,partnered_with_child,renting
682,18,2012,education,single_no_child,parental_home
682,19,2013,education,single_no_child,renting
682,20,2014,education,single_no_child,renting
682,21,2015,unemployed,single_no_child,renting
682,22,2016,full_time,partnered_no_child,renting
682,23,2017,full_time,partnered_no_child,renting
682,24,2018,full_time,partnered_no_child,renting
682,25,2019,inactive_care,partnered_no_child,renting
682,26,2020,inactive_care,partnered_no_child,renting
682,27,2021,part_time,partnered_no_child,renting
682,28,2022,part_time,partnered_no_child,renting
682,29,2023,full_time,partnered_no_child,renting
682,30,2024,full_time,single_no_child,renting
683,18,2012,education,single_no_child,parental_home
683,19,2013,education,single_no_child,parental_home
683,20,2014,education,single_no_child,parental_home
683,21,2015,education,single_no_child,parental_home
683,22,2016,part_time,single_no_child,renting
683,23,2017,part_time,single_no_child,renting
683,24,2018,part_time,partnered_no_child,renting
683,25,2019,full_time,partnered_no_child,renting
683,26,2020,full_time,partnered_no_child,renting
683,27,2021,full_time,partnered_no_child,renting
683,28,2022,full_time,partnered_no_child,renting
683,29,2023,full_time,partnered_no_child,renting
683,30,2024,full_time,partnered_no_child,renting
684,18,2010,education,single_no_child,parental_home
684,19,2011,full_time,single_no_child,parental_home
684,20,2012,education,single_no_child,parental_home
684,21,2013,full_time,single_no_child,parental_home
684,22,2014,education,single_no_child,parental_home
684,23,2015,full_time,partnered_no_child,parental_home
684,24,2016,full_time,partnered_no_child,other_temporary
684,25,2017,inactive_care,partnered_no_child,other_temporary
684,26,2018,full_time,partnered_no_child,other_temporary
684,27,2019,full_time,partnered_no_child,renting
684,28,2020,full_time,partnered_no_child,renting
684,29,2021,part_time,partnered_no_child,renting
684,30,2022,full_time,partnered_no_child,renting
685,18,2012,education,single_no_child,parental_home
685,19,2013,education,single_no_child,parental_home
685,20,2014,education,single_no_child,parental_home
685,21,2015,education,single_no_child,parental_home
685,22,2016,education,partnered_no_child,parental_home
685,23,2017,full_time,partnered_no_child,parental_home
685,24,2018,full_time,partnered_no_child,parental_home
685,25,2019,full_time,partnered_no_child,parental_home
685,26,2020,full_time,partnered_no_child,parental_home
685,27,2021,full_time,partnered_no_child,parental_home
685,28,2022,part_time,partnered_with_child,parental_home
685,29,2023,full_time,partnered_with_child,parental_home
685,30,2024,full_time,partnered_with_child,renting
686,18,2012,education,single_no_child,parental_home
686,19,2013,education,single_no_child,parental_home
686,20,2014,full_time,single_no_child,parental_home
686,21,2015,full_time,single_no_child,parental_home
686,22,2016,full_time,partnered_no_child,renting
686,23,2017,full_time,partnered_no_child,renting
686,24,2018,part_time,partnered_no_child,renting
686,25,2019,full_time,partnered_no_child,renting
686,26,2020,full_time,partnered_no_child,renting
686,27,2021,full_time,partnered_no_child,renting
686,28,2022,full_time,partnered_no_child,owner_occupied
686,29,2023,full_time,partnered_no_child,owner_occupied
686,30,2024,full_time,partnered_with_child,owner_occupied
687,18,2012,education,single_no_child,renting
687,19,2013,education,single_no_child,renting
687,20,2014,education,single_no_child,renting
687,21,2015,part_time,single_no_child,renting
687,22,2016,full_time,single_no_child,renting
687,23,2017,full_time,single_no_child,renting
687,24,2018,full_time,single_no_child,renting
687,25,2019,inactive_care,single_no_child,renting
687,26,2020,inactive_care,single_no_child,renting
687,27,2021,part_time,single_no_child,renting
687,28,2022,part_time,single_no_child,renting
687,29,2023,full_time,single_no_child,renting
687,30,2024,full_time,single_no_child,renting
688,18,2012,education,single_no_child,parental_home
688,19,2013,education,single_no_child,parental_home
688,20,2014,education,single_no_child,parental_home
688,21,2015,education,single_no_child,parental_home
688,22,2016,education,single_no_child,parental_home
688,23,2017,full_time,single_no_child,parental_home
688,24,2018,full_time,single_no_child,renting
688,25,2019,full_time,partnered_no_child,renting
688,26,2020,full_time,partnered_no_child,renting
688,27,2021,full_time,partnered_no_child,renting
688,28,2022,full_time,single_no_child,renting
688,29,2023,full_time,single_no_child,renting
688,30,2024,full_time,single_no_child,renting
689,18,2012,education,single_no_child,parental_home
689,19,2013,education,single_no_child,parental_home
689,20,2014,education,single_no_child,parental_home
689,21,2015,full_time,single_no_child,parental_home
689,22,2016,full_time,single_no_child,parental_home
689,23,2017,full_time,single_no_child,parental_home
689,24,2018,full_time,single_no_child,parental_home
689,25,2019,part_time,single_no_child,parental_home
689,26,2020,inactive_care,single_no_child,renting
689,27,2021,part_time,single_parent,renting
689,28,2022,part_time,single_parent,owner_occupied
689,29,2023,full_time,single_parent,owner_occupied
689,30,2024,full_time,single_parent,owner_occupied
690,18,2009,education,single_no_child,parental_home
690,19,2010,education,single_no_child,renting
690,20,2011,education,single_no_child,renting
690,21,2012,education,single_no_child,renting
690,22,2013,education,single_no_child,renting
690,23,2014,inactive_care,single_no_child,renting
690,24,2015,full_time,single_no_child,renting
690,25,2016,full_time,single_no_child,renting
690,26,2017,full_time,single_no_child,renting
690,27,2018,part_time,single_no_child,renting
690,28,2019,full_time,single_no_child,renting
690,29,2020,full_time,partnered_no_child,renting
690,30,2021,full_time,partnered_with_child,renting
691,18,2012,education,single_no_child,parental_home
691,19,2013,education,single_no_child,parental_home
691,20,2014,full_time,single_no_child,parental_home
691,21,2015,full_time,single_no_child,parental_home
691,22,2016,full_time,partnered_no_child,parental_home
691,23,2017,full_time,partnered_no_child,parental_home
691,24,2018,full_time,partnered_no_child,renting
691,25,2019,full_time,partnered_no_child,renting
691,26,2020,full_time,partnered_no_child,renting
691,27,2021,full_time,partnered_with_child,renting
691,28,2022,full_time,partnered_with_child,renting
691,29,2023,full_time,partnered_with_child,renting
691,30,2024,full_time,partnered_with_child,renting
692,18,2011,education,single_no_child,parental_home
692,19,2012,education,single_no_child,renting
692,20,2013,education,single_no_child,renting
692,21,2014,unemployed,single_no_child,renting
692,22,2015,education,single_no_child,renting
692,23,2016,full_time,single_parent,renting
692,24,2017,full_time,single_parent,renting
692,25,2018,full_time,single_parent,renting
692,26,2019,full_time,single_parent,renting
692,27,2020,full_time,single_parent,renting
692,28,2021,full_time,single_parent,renting
692,29,2022,full_time,single_parent,renting
692,30,2023,part_time,single_parent,renting
693,18,2010,education,single_no_child,parental_home
693,19,2011,education,single_no_child,renting
693,20,2012,education,partnered_no_child,renting
693,21,2013,education,partnered_no_child,renting
693,22,2014,education,partnered_no_child,renting
693,23,2015,full_time,partnered_no_child,renting
693,24,2016,full_time,partnered_no_child,renting
693,25,2017,full_time,partnered_no_child,renting
693,26,2018,full_time,partnered_no_child,renting
693,27,2019,full_time,partnered_no_child,renting
693,28,2020,full_time,partnered_no_child,renting
693,29,2021,full_time,partnered_no_child,renting
693,30,2022,full_time,partnered_no_child,renting
694,18,2011,education,single_no_child,parental_home
694,19,2012,education,single_no_child,parental_home
694,20,2013,education,single_no_child,renting
694,21,2014,education,single_no_child,renting
694,22,2015,education,single_no_child,renting
694,23,2016,full_time,single_no_child,renting
694,24,2017,full_time,single_no_child,renting
694,25,2018,full_time,single_no_child,renting
694,26,2019,full_time,partnered_no_child,renting
694,27,2020,full_time,partnered_no_child,renting
694,28,2021,full_time,partnered_no_child,renting
694,29,2022,full_time,partnered_no_child,owner_occupied
694,30,2023,full_time,partnered_no_child,owner_occupied
695,18,2010,education,single_no_child,parental_home
695,19,2011,education,single_no_child,parental_home
695,20,2012,unemployed,single_no_child,parental_home
695,21,2013,education,single_no_child,parental_home
695,22,2014,education,single_no_child,parental_home
695,23,2015,full_time,single_no_child,parental_home
695,24,2016,full_time,single_no_child,parental_home
695,25,2017,full_time,single_no_child,parental_home
695,26,2018,full_time,single_no_child,parental_home
695,27,2019,full_time,single_no_child,parental_home
695,28,2020,full_time,single_parent,parental_home
695,29,2021,full_time,single_parent,parental_home
695,30,2022,full_time,single_parent,parental_home
696,18,2008,education,single_no_child,renting
696,19,2009,education,single_no_child,renting
696,20,2010,unemployed,single_no_child,renting
696,21,2011,part_time,single_no_child,renting
696,22,2012,inactive_care,single_no_child,renting
696,23,2013,unemployed,single_no_child,renting
696,24,2014,full_time,partnered_no_child,renting
696,25,2015,part_time,partnered_no_child,renting
696,26,2016,unemployed,partnered_no_child,renting
696,27,2017,part_time,partnered_no_child,renting
696,28,2018,full_time,partnered_no_child,renting
696,29,2019,full_time,partnered_no_child,renting
696,30,2020,full_time,partnered_with_child,renting
697,18,2009,education,single_no_child,other_temporary
697,19,2010,unemployed,single_no_child,other_temporary
697,20,2011,education,single_no_child,other_temporary
697,21,2012,full_time,single_no_child,renting
697,22,2013,full_time,single_no_child,renting
697,23,2014,full_time,single_no_child,renting
697,24,2015,full_time,single_no_child,renting
697,25,2016,inactive_care,single_no_child,renting
697,26,2017,inactive_care,partnered_no_child,renting
697,27,2018,part_time,partnered_no_child,renting
697,28,2019,part_time,partnered_no_child,renting
697,29,2020,full_time,partnered_with_child,renting
697,30,2021,full_time,partnered_with_child,renting
698,18,2009,education,single_no_child,parental_home
698,19,2010,education,single_no_child,parental_home
698,20,2011,education,single_no_child,parental_home
698,21,2012,education,single_no_child,parental_home
698,22,2013,education,single_no_child,parental_home
698,23,2014,full_time,single_no_child,parental_home
698,24,2015,full_time,single_parent,parental_home
698,25,2016,full_time,single_parent,parental_home
698,26,2017,full_time,single_parent,parental_home
698,27,2018,full_time,single_parent,parental_home
698,28,2019,full_time,partnered_with_child,other_temporary
698,29,2020,full_time,partnered_with_child,other_temporary
698,30,2021,full_time,partnered_with_child,other_temporary
699,18,2012,education,single_no_child,renting
699,19,2013,education,single_no_child,renting
699,20,2014,education,single_no_child,renting
699,21,2015,full_time,single_no_child,renting
699,22,2016,unemployed,single_no_child,renting
699,23,2017,part_time,single_no_child,renting
699,24,2018,part_time,single_parent,renting
699,25,2019,full_time,single_parent,renting
699,26,2020,full_time,single_parent,renting
699,27,2021,part_time,single_parent,renting
699,28,2022,full_time,partnered_with_child,renting
699,29,2023,part_time,partnered_with_child,renting
699,30,2024,full_time,partnered_with_child,renting
700,18,2010,education,single_no_child,parental_home
700,19,2011,education,single_no_child,parental_home
700,20,2012,education,single_no_child,parental_home
700,21,2013,education,single_no_child,parental_home
700,22,2014,education,single_no_child,parental_home
700,23,2015,full_time,partnered_no_child,parental_home
700,24,2016,full_time,partnered_no_child,renting
700,25,2017,full_time,partnered_no_child,renting
700,26,2018,full_time,partnered_with_child,renting
700,27,2019,full_time,partnered_with_child,renting
700,28,2020,full_time,partnered_with_child,renting
700,29,2021,full_time,partnered_with_child,renting
700,30,2022,full_time,partnered_with_child,renting
701,18,2012,education,single_no_child,parental_home
701,19,2013,unemployed,single_no_child,parental_home
701,20,2014,unemployed,partnered_no_child,parental_home
701,21,2015,unemployed,partnered_no_child,parental_home
701,22,2016,part_time,partnered_no_child,parental_home
701,23,2017,unemployed,single_no_child,parental_home
701,24,2018,unemployed,single_no_child,parental_home
701,25,2019,inactive_care,single_no_child,parental_home
701,26,2020,unemployed,single_no_child,parental_home
701,27,2021,part_time,single_no_child,parental_home
701,28,2022,unemployed,single_no_child,renting
701,29,2023,full_time,single_no_child,renting
701,30,2024,part_time,single_parent,renting
702,18,2011,education,single_no_child,renting
702,19,2012,full_time,single_no_child,renting
702,20,2013,education,single_no_child,renting
702,21,2014,unemployed,single_no_child,renting
702,22,2015,unemployed,single_parent,renting
702,23,2016,part_time,single_parent,renting
702,24,2017,part_time,single_parent,renting
702,25,2018,full_time,single_parent,renting
702,26,2019,full_time,single_parent,renting
702,27,2020,full_time,single_parent,renting
702,28,2021,full_time,single_parent,renting
702,29,2022,full_time,single_parent,renting
702,30,2023,full_time,single_parent,renting
703,18,2012,education,single_no_child,parental_home
703,19,2013,education,single_no_child,parental_home
703,20,2014,full_time,single_no_child,parental_home
703,21,2015,full_time,single_no_child,parental_home
703,22,2016,full_time,single_no_child,parental_home
703,23,2017,full_time,single_no_child,renting
703,24,2018,full_time,single_no_child,renting
703,25,2019,full_time,single_no_child,renting
703,26,2020,part_time,single_no_child,renting
703,27,2021,full_time,single_no_child,renting
703,28,2022,full_time,partnered_no_child,renting
703,29,2023,inactive_care,partnered_no_child,renting
703,30,2024,full_time,partnered_no_child,renting
704,18,2009,education,single_no_child,renting
704,19,2010,education,single_no_child,renting
704,20,2011,education,single_no_child,renting
704,21,2012,education,single_no_child,renting
704,22,2013,education,single_no_child,renting
704,23,2014,full_time,single_no_child,renting
704,24,2015,full_time,single_no_child,renting
704,25,2016,full_time,single_no_child,renting
704,26,2017,full_time,single_no_child,renting
704,27,2018,full_time,single_no_child,renting
704,28,2019,inactive_care,single_no_child,renting
704,29,2020,full_time,single_no_child,renting
704,30,2021,part_time,single_parent,renting
705,18,2012,full_time,single_no_child,renting
705,19,2013,education,single_no_child,renting
705,20,2014,unemployed,single_no_child,renting
705,21,2015,part_time,single_no_child,renting
705,22,2016,full_time,partnered_no_child,renting
705,23,2017,unemployed,partnered_with_child,renting
705,24,2018,full_time,partnered_with_child,renting
705,25,2019,part_time,partnered_with_child,renting
705,26,2020,unemployed,partnered_with_child,renting
705,27,2021,full_time,partnered_with_child,renting
705,28,2022,part_time,partnered_with_child,renting
705,29,2023,full_time,partnered_with_child,renting
705,30,2024,full_time,partnered_with_child,renting
706,18,2009,education,single_no_child,renting
706,19,2010,education,single_no_child,renting
706,20,2011,part_time,single_no_child,renting
706,21,2012,part_time,partnered_no_child,renting
706,22,2013,full_time,partnered_no_child,renting
706,23,2014,inactive_care,partnered_no_child,renting
706,24,2015,full_time,partnered_no_child,renting
706,25,2016,part_time,partnered_no_child,renting
706,26,2017,unemployed,partnered_with_child,renting
706,27,2018,full_time,partnered_with_child,renting
706,28,2019,part_time,partnered_with_child,renting
706,29,2020,full_time,partnered_with_child,owner_occupied
706,30,2021,full_time,partnered_with_child,owner_occupied
707,18,2010,education,single_no_child,parental_home
707,19,2011,education,single_no_child,parental_home
707,20,2012,education,single_no_child,parental_home
707,21,2013,unemployed,single_no_child,parental_home
707,22,2014,full_time,single_no_child,parental_home
707,23,2015,part_time,single_no_child,renting
707,24,2016,part_time,single_no_child,renting
707,25,2017,full_time,single_no_child,renting
707,26,2018,full_time,partnered_no_child,renting
707,27,2019,full_time,partnered_no_child,renting
707,28,2020,full_time,partnered_no_child,renting
707,29,2021,full_time,partnered_with_child,renting
707,30,2022,full_time,partnered_with_child,renting
708,18,2008,education,single_no_child,parental_home
708,19,2009,education,single_no_child,parental_home
708,20,2010,education,single_no_child,parental_home
708,21,2011,part_time,single_parent,parental_home
708,22,2012,education,partnered_with_child,parental_home
708,23,2013,full_time,partnered_with_child,parental_home
708,24,2014,full_time,partnered_with_child,parental_home
708,25,2015,full_time,partnered_with_child,other_temporary
708,26,2016,full_time,partnered_with_child,other_temporary
708,27,2017,full_time,partnered_with_child,owner_occupied
708,28,2018,full_time,partnered_with_child,owner_occupied
708,29,2019,full_time,partnered_with_child,owner_occupied
708,30,2020,unemployed,partnered_with_child,owner_occupied
709,18,2009,education,single_no_child,parental_home
709,19,2010,education,single_no_child,parental_home
709,20,2011,full_time,single_no_child,parental_home
709,21,2012,full_time,single_no_child,parental_home
709,22,2013,full_time,single_no_child,parental_home
709,23,2014,full_time,single_no_child,renting
709,24,2015,full_time,single_no_child,renting
709,25,2016,full_time,partnered_with_child,renting
709,26,2017,full_time,single_parent,renting
709,27,2018,full_time,single_parent,renting
709,28,2019,full_time,single_parent,renting
709,29,2020,full_time,single_parent,renting
709,30,2021,full_time,single_parent,renting
710,18,2010,education,single_no_child,parental_home
710,19,2011,unemployed,single_no_child,parental_home
710,20,2012,education,single_no_child,parental_home
710,21,2013,full_time,single_no_child,parental_home
710,22,2014,full_time,single_no_child,parental_home
710,23,2015,full_time,partnered_no_child,parental_home
710,24,2016,full_time,partnered_no_child,parental_home
710,25,2017,inactive_care,partnered_no_child,parental_home
710,26,2018,inactive_care,partnered_no_child,parental_home
710,27,2019,part_time,partnered_no_child,renting
710,28,2020,part_time,partnered_no_child,renting
710,29,2021,full_time,partnered_no_child,renting
710,30,2022,full_time,partnered_with_child,renting
711,18,2009,education,single_no_child,parental_home
711,19,2010,education,single_no_child,parental_home
711,20,2011,education,single_no_child,parental_home
711,21,2012,education,single_no_child,parental_home
711,22,2013,education,single_no_child,parental_home
711,23,2014,full_time,single_no_child,parental_home
711,24,2015,full_time,single_no_child,other_temporary
711,25,2016,full_time,single_no_child,other_temporary
711,26,2017,full_time,single_no_child,renting
711,27,2018,full_time,single_no_child,renting
711,28,2019,full_time,single_no_child,renting
711,29,2020,full_time,single_no_child,renting
711,30,2021,full_time,single_no_child,renting
712,18,2009,education,single_no_child,parental_home
712,19,2010,education,single_no_child,parental_home
712,20,2011,education,single_no_child,parental_home
712,21,2012,education,single_no_child,parental_home
712,22,2013,part_time,single_no_child,parental_home
712,23,2014,full_time,single_no_child,parental_home
712,24,2015,full_time,partnered_no_child,parental_home
712,25,2016,part_time,partnered_no_child,parental_home
712,26,2017,full_time,partnered_no_child,renting
712,27,2018,full_time,partnered_no_child,renting
712,28,2019,full_time,partnered_no_child,owner_occupied
712,29,2020,full_time,partnered_no_child,owner_occupied
712,30,2021,full_time,single_no_child,owner_occupied
713,18,2012,education,single_no_child,renting
713,19,2013,education,single_no_child,renting
713,20,2014,unemployed,single_no_child,renting
713,21,2015,part_time,single_no_child,renting
713,22,2016,full_time,partnered_no_child,renting
713,23,2017,unemployed,partnered_no_child,renting
713,24,2018,full_time,partnered_no_child,renting
713,25,2019,part_time,partnered_no_child,renting
713,26,2020,unemployed,partnered_no_child,renting
713,27,2021,full_time,partnered_with_child,renting
713,28,2022,part_time,single_parent,renting
713,29,2023,full_time,single_parent,renting
713,30,2024,full_time,single_parent,renting
714,18,2008,education,single_no_child,renting
714,19,2009,education,single_no_child,renting
714,20,2010,full_time,single_no_child,renting
714,21,2011,full_time,partnered_with_child,renting
714,22,2012,full_time,partnered_with_child,renting
714,23,2013,full_time,partnered_with_child,renting
714,24,2014,full_time,partnered_with_child,renting
714,25,2015,full_time,partnered_with_child,renting
714,26,2016,full_time,partnered_with_child,renting
714,27,2017,full_time,partnered_with_child,renting
714,28,2018,full_time,partnered_with_child,renting
714,29,2019,full_time,partnered_with_child,renting
714,30,2020,unemployed,partnered_with_child,renting
715,18,2008,education,single_no_child,parental_home
715,19,2009,education,single_no_child,parental_home
715,20,2010,full_time,single_no_child,parental_home
715,21,2011,full_time,single_no_child,parental_home
715,22,2012,full_time,single_no_child,parental_home
715,23,2013,full_time,single_no_child,parental_home
715,24,2014,full_time,single_no_child,parental_home
715,25,2015,full_time,single_no_child,parental_home
715,26,2016,full_time,single_parent,other_temporary
715,27,2017,full_time,single_parent,other_temporary
715,28,2018,full_time,single_parent,other_temporary
715,29,2019,full_time,single_parent,other_temporary
715,30,2020,full_time,single_parent,renting
716,18,2009,education,single_no_child,other_temporary
716,19,2010,education,single_no_child,renting
716,20,2011,full_time,single_no_child,renting
716,21,2012,full_time,single_no_child,renting
716,22,2013,full_time,single_no_child,renting
716,23,2014,full_time,single_no_child,renting
716,24,2015,full_time,single_no_child,renting
716,25,2016,part_time,single_no_child,renting
716,26,2017,full_time,partnered_no_child,owner_occupied
716,27,2018,full_time,partnered_no_child,owner_occupied
716,28,2019,full_time,partnered_no_child,owner_occupied
716,29,2020,full_time,partnered_no_child,owner_occupied
716,30,2021,full_time,partnered_no_child,owner_occupied
717,18,2012,education,single_no_child,parental_home
717,19,2013,education,single_no_child,parental_home
717,20,2014,education,single_no_child,renting
717,21,2015,unemployed,single_no_child,renting
717,22,2016,education,single_no_child,renting
717,23,2017,full_time,single_no_child,renting
717,24,2018,full_time,single_no_child,renting
717,25,2019,full_time,single_no_child,renting
717,26,2020,full_time,single_no_child,renting
717,27,2021,full_time,single_no_child,renting
717,28,2022,full_time,single_no_child,renting
717,29,2023,full_time,single_no_child,renting
717,30,2024,full_time,single_no_child,renting
718,18,2008,education,single_no_child,renting
718,19,2009,education,single_no_child,renting
718,20,2010,unemployed,single_no_child,renting
718,21,2011,part_time,single_no_child,renting
718,22,2012,full_time,single_no_child,renting
718,23,2013,unemployed,single_no_child,renting
718,24,2014,full_time,single_no_child,renting
718,25,2015,part_time,single_no_child,renting
718,26,2016,unemployed,single_no_child,renting
718,27,2017,full_time,partnered_no_child,renting
718,28,2018,part_time,partnered_no_child,renting
718,29,2019,full_time,partnered_no_child,renting
718,30,2020,full_time,partnered_no_child,renting
719,18,2010,full_time,single_no_child,parental_home
719,19,2011,education,single_no_child,parental_home
719,20,2012,full_time,single_no_child,renting
719,21,2013,full_time,single_no_child,renting
719,22,2014,full_time,single_no_child,renting
719,23,2015,full_time,single_no_child,renting
719,24,2016,part_time,single_no_child,renting
719,25,2017,full_time,partnered_no_child,renting
719,26,2018,full_time,partnered_no_child,renting
719,27,2019,full_time,partnered_no_child,renting
719,28,2020,full_time,partnered_no_child,renting
719,29,2021,full_time,partnered_no_child,renting
719,30,2022,full_time,partnered_no_child,owner_occupied
720,18,2011,education,single_no_child,parental_home
720,19,2012,education,single_no_child,parental_home
720,20,2013,education,single_no_child,parental_home
720,21,2014,unemployed,single_no_child,parental_home
720,22,2015,unemployed,single_no_child,parental_home
720,23,2016,part_time,single_no_child,parental_home
720,24,2017,part_time,single_no_child,other_temporary
720,25,2018,full_time,single_no_child,other_temporary
720,26,2019,full_time,single_no_child,renting
720,27,2020,full_time,single_no_child,renting
720,28,2021,full_time,single_no_child,renting
720,29,2022,full_time,single_parent,renting
720,30,2023,full_time,single_parent,renting
721,18,2012,education,single_no_child,renting
721,19,2013,education,single_no_child,renting
721,20,2014,unemployed,single_no_child,renting
721,21,2015,part_time,single_no_child,renting
721,22,2016,full_time,partnered_no_child,renting
721,23,2017,unemployed,partnered_no_child,renting
721,24,2018,full_time,partnered_no_child,renting
721,25,2019,part_time,partnered_no_child,renting
721,26,2020,unemployed,partnered_no_child,renting
721,27,2021,full_time,partnered_no_child,renting
721,28,2022,part_time,partnered_no_child,renting
721,29,2023,part_time,partnered_no_child,renting
721,30,2024,full_time,partnered_no_child,renting
722,18,2010,unemployed,single_no_child,parental_home
722,19,2011,education,single_no_child,parental_home
722,20,2012,unemployed,single_no_child,parental_home
722,21,2013,full_time,single_no_child,parental_home
722,22,2014,full_time,single_no_child,renting
722,23,2015,part_time,single_no_child,renting
722,24,2016,full_time,single_no_child,renting
722,25,2017,inactive_care,single_no_child,renting
722,26,2018,inactive_care,single_no_child,renting
722,27,2019,part_time,single_no_child,renting
722,28,2020,part_time,single_no_child,renting
722,29,2021,full_time,single_no_child,renting
722,30,2022,full_time,single_no_child,renting
723,18,2012,education,single_no_child,parental_home
723,19,2013,education,single_no_child,parental_home
723,20,2014,education,single_no_child,parental_home
723,21,2015,education,single_no_child,parental_home
723,22,2016,education,single_no_child,parental_home
723,23,2017,full_time,single_no_child,parental_home
723,24,2018,full_time,single_parent,parental_home
723,25,2019,full_time,single_parent,parental_home
723,26,2020,full_time,single_parent,renting
723,27,2021,full_time,single_parent,owner_occupied
723,28,2022,full_time,single_parent,owner_occupied
723,29,2023,full_time,single_parent,owner_occupied
723,30,2024,full_time,single_parent,owner_occupied
724,18,2009,education,single_no_child,parental_home
724,19,2010,education,single_no_child,parental_home
724,20,2011,education,single_no_child,parental_home
724,21,2012,full_time,single_no_child,renting
724,22,2013,full_time,partnered_with_child,renting
724,23,2014,full_time,partnered_with_child,renting
724,24,2015,full_time,partnered_with_child,renting
724,25,2016,inactive_care,partnered_with_child,renting
724,26,2017,inactive_care,partnered_with_child,renting
724,27,2018,full_time,partnered_with_child,renting
724,28,2019,part_time,partnered_with_child,renting
724,29,2020,full_time,partnered_with_child,renting
724,30,2021,full_time,single_parent,renting
725,18,2012,education,single_no_child,parental_home
725,19,2013,education,single_no_child,parental_home
725,20,2014,full_time,single_no_child,parental_home
725,21,2015,full_time,single_no_child,renting
725,22,2016,full_time,single_no_child,renting
725,23,2017,full_time,partnered_no_child,renting
725,24,2018,full_time,partnered_no_child,renting
725,25,2019,full_time,partnered_no_child,renting
725,26,2020,full_time,partnered_with_child,renting
725,27,2021,full_time,partnered_with_child,renting
725,28,2022,full_time,partnered_with_child,renting
725,29,2023,full_time,partnered_with_child,renting
725,30,2024,full_time,partnered_with_child,renting
726,18,2012,education,single_no_child,parental_home
726,19,2013,education,single_no_child,parental_home
726,20,2014,education,single_no_child,parental_home
726,21,2015,part_time,single_no_child,parental_home
726,22,2016,education,single_no_child,parental_home
726,23,2017,full_time,single_no_child,parental_home
726,24,2018,full_time,single_parent,parental_home
726,25,2019,full_time,single_parent,renting
726,26,2020,full_time,single_parent,renting
726,27,2021,full_time,single_parent,renting
726,28,2022,full_time,single_parent,renting
726,29,2023,full_time,single_parent,renting
726,30,2024,part_time,single_parent,renting
727,18,2010,education,single_no_child,renting
727,19,2011,education,single_no_child,renting
727,20,2012,education,single_no_child,renting
727,21,2013,unemployed,single_no_child,renting
727,22,2014,unemployed,single_no_child,renting
727,23,2015,part_time,single_no_child,renting
727,24,2016,part_time,single_no_child,renting
727,25,2017,full_time,single_no_child,renting
727,26,2018,full_time,single_no_child,renting
727,27,2019,full_time,single_no_child,renting
727,28,2020,part_time,single_parent,renting
727,29,2021,full_time,single_parent,renting
727,30,2022,full_time,single_parent,renting
728,18,2008,education,single_no_child,parental_home
728,19,2009,education,single_no_child,renting
728,20,2010,education,single_no_child,renting
728,21,2011,education,single_no_child,renting
728,22,2012,education,single_no_child,renting
728,23,2013,full_time,single_no_child,renting
728,24,2014,full_time,partnered_no_child,renting
728,25,2015,unemployed,partnered_with_child,renting
728,26,2016,full_time,partnered_with_child,renting
728,27,2017,full_time,partnered_with_child,renting
728,28,2018,full_time,partnered_with_child,renting
728,29,2019,full_time,partnered_with_child,renting
728,30,2020,full_time,partnered_with_child,renting
729,18,2010,education,single_no_child,parental_home
729,19,2011,education,single_no_child,parental_home
729,20,2012,unemployed,single_no_child,parental_home
729,21,2013,part_time,single_no_child,parental_home
729,22,2014,full_time,single_no_child,parental_home
729,23,2015,unemployed,single_no_child,parental_home
729,24,2016,full_time,single_no_child,parental_home
729,25,2017,part_time,single_no_child,parental_home
729,26,2018,unemployed,single_no_child,renting
729,27,2019,full_time,single_no_child,renting
729,28,2020,part_time,partnered_with_child,renting
729,29,2021,inactive_care,partnered_with_child,renting
729,30,2022,full_time,single_parent,renting
730,18,2009,education,single_no_child,parental_home
730,19,2010,inactive_care,single_no_child,renting
730,20,2011,education,single_no_child,renting
730,21,2012,full_time,single_no_child,renting
730,22,2013,full_time,single_no_child,renting
730,23,2014,full_time,single_no_child,renting
730,24,2015,full_time,single_no_child,renting
730,25,2016,inactive_care,single_no_child,renting
730,26,2017,inactive_care,single_no_child,renting
730,27,2018,part_time,single_no_child,renting
730,28,2019,part_time,single_no_child,renting
730,29,2020,full_time,single_no_child,renting
730,30,2021,full_time,single_no_child,renting
731,18,2011,education,single_no_child,renting
731,19,2012,education,single_no_child,renting
731,20,2013,education,single_no_child,renting
731,21,2014,part_time,single_no_child,renting
731,22,2015,part_time,single_no_child,renting
731,23,2016,full_time,single_no_child,renting
731,24,2017,full_time,single_no_child,renting
731,25,2018,full_time,single_no_child,renting
731,26,2019,full_time,single_no_child,renting
731,27,2020,full_time,single_no_child,renting
731,28,2021,full_time,single_parent,renting
731,29,2022,full_time,single_parent,renting
731,30,2023,full_time,single_parent,renting
732,18,2011,education,single_no_child,parental_home
732,19,2012,inactive_care,single_no_child,parental_home
732,20,2013,full_time,single_no_child,parental_home
732,21,2014,unemployed,single_no_child,parental_home
732,22,2015,part_time,single_parent,parental_home
732,23,2016,unemployed,single_parent,renting
732,24,2017,unemployed,single_parent,renting
732,25,2018,inactive_care,single_parent,renting
732,26,2019,part_time,single_parent,renting
732,27,2020,unemployed,single_parent,renting
732,28,2021,unemployed,partnered_with_child,renting
732,29,2022,unemployed,partnered_with_child,renting
732,30,2023,part_time,single_parent,renting
733,18,2009,education,single_no_child,parental_home
733,19,2010,education,single_no_child,parental_home
733,20,2011,education,single_no_child,parental_home
733,21,2012,unemployed,single_no_child,renting
733,22,2013,education,single_no_child,renting
733,23,2014,full_time,single_no_child,renting
733,24,2015,full_time,single_no_child,renting
733,25,2016,part_time,single_no_child,renting
733,26,2017,full_time,partnered_no_child,renting
733,27,2018,full_time,partnered_no_child,renting
733,28,2019,full_time,partnered_no_child,renting
733,29,2020,full_time,partnered_with_child,owner_occupied
733,30,2021,full_time,partnered_with_child,owner_occupied
734,18,2011,education,single_no_child,parental_home
734,19,2012,education,single_no_child,parental_home
734,20,2013,education,single_no_child,parental_home
734,21,2014,education,single_no_child,parental_home
734,22,2015,education,single_no_child,parental_home
734,23,2016,full_time,single_no_child,renting
734,24,2017,full_time,single_no_child,renting
734,25,2018,full_time,single_no_child,renting
734,26,2019,full_time,single_no_child,renting
734,27,2020,full_time,single_no_child,renting
734,28,2021,full_time,single_no_child,renting
734,29,2022,part_time,single_no_child,renting
734,30,2023,full_time,single_no_child,renting
735,18,2010,education,single_no_child,parental_home
735,19,2011,education,single_no_child,parental_home
735,20,2012,education,single_no_child,other_temporary
735,21,2013,full_time,single_no_child,other_temporary
735,22,2014,full_time,single_no_child,renting
735,23,2015,full_time,partnered_no_child,renting
735,24,2016,full_time,partnered_no_child,renting
735,25,2017,inactive_care,partnered_no_child,renting
735,26,2018,inactive_care,partnered_no_child,renting
735,27,2019,part_time,partnered_no_child,renting
735,28,2020,part_time,partnered_no_child,renting
735,29,2021,full_time,partnered_no_child,renting
735,30,2022,full_time,partnered_with_child,renting
736,18,2009,education,single_no_child,parental_home
736,19,2010,education,single_no_child,parental_home
736,20,2011,full_time,single_no_child,parental_home
736,21,2012,full_time,single_no_child,parental_home
736,22,2013,unemployed,single_no_child,parental_home
736,23,2014,full_time,single_no_child,parental_home
736,24,2015,full_time,single_no_child,parental_home
736,25,2016,full_time,single_parent,parental_home
736,26,2017,full_time,single_parent,parental_home
736,27,2018,full_time,single_parent,parental_home
736,28,2019,full_time,single_parent,renting
736,29,2020,full_time,single_parent,renting
736,30,2021,full_time,single_parent,renting
737,18,2011,education,single_no_child,parental_home
737,19,2012,education,single_no_child,renting
737,20,2013,education,single_no_child,renting
737,21,2014,unemployed,single_no_child,renting
737,22,2015,part_time,partnered_no_child,renting
737,23,2016,part_time,partnered_no_child,renting
737,24,2017,part_time,partnered_no_child,renting
737,25,2018,full_time,partnered_no_child,renting
737,26,2019,full_time,partnered_no_child,renting
737,27,2020,full_time,partnered_no_child,owner_occupied
737,28,2021,full_time,partnered_no_child,owner_occupied
737,29,2022,full_time,partnered_no_child,owner_occupied
737,30,2023,full_time,partnered_no_child,owner_occupied
738,18,2010,education,single_no_child,renting
738,19,2011,education,single_no_child,renting
738,20,2012,unemployed,single_no_child,renting
738,21,2013,full_time,single_no_child,renting
738,22,2014,full_time,single_no_child,renting
738,23,2015,unemployed,single_no_child,renting
738,24,2016,full_time,single_no_child,owner_occupied
738,25,2017,part_time,single_no_child,owner_occupied
738,26,2018,unemployed,single_no_child,owner_occupied
738,27,2019,full_time,single_no_child,owner_occupied
738,28,2020,part_time,single_no_child,owner_occupied
738,29,2021,full_time,single_no_child,owner_occupied
738,30,2022,full_time,partnered_no_child,owner_occupied
739,18,2012,education,single_no_child,parental_home
739,19,2013,education,single_no_child,parental_home
739,20,2014,full_time,single_no_child,renting
739,21,2015,full_time,single_no_child,renting
739,22,2016,full_time,partnered_no_child,renting
739,23,2017,unemployed,partnered_no_child,renting
739,24,2018,full_time,partnered_no_child,renting
739,25,2019,full_time,partnered_no_child,renting
739,26,2020,full_time,partnered_no_child,renting
739,27,2021,full_time,single_parent,renting
739,28,2022,full_time,partnered_with_child,renting
739,29,2023,full_time,partnered_with_child,renting
739,30,2024,full_time,partnered_with_child,renting
740,18,2010,education,single_no_child,parental_home
740,19,2011,education,single_no_child,parental_home
740,20,2012,full_time,single_no_child,parental_home
740,21,2013,full_time,partnered_no_child,parental_home
740,22,2014,full_time,partnered_no_child,renting
740,23,2015,full_time,partnered_no_child,renting
740,24,2016,full_time,partnered_no_child,renting
740,25,2017,full_time,partnered_with_child,renting
740,26,2018,full_time,partnered_with_child,renting
740,27,2019,full_time,partnered_with_child,renting
740,28,2020,full_time,partnered_with_child,renting
740,29,2021,full_time,partnered_with_child,renting
740,30,2022,full_time,partnered_with_child,renting
741,18,2008,education,single_no_child,parental_home
741,19,2009,unemployed,single_no_child,parental_home
741,20,2010,unemployed,single_no_child,renting
741,21,2011,unemployed,single_no_child,renting
741,22,2012,part_time,single_no_child,renting
741,23,2013,unemployed,single_no_child,other_temporary
741,24,2014,unemployed,single_no_child,other_temporary
741,25,2015,inactive_care,single_no_child,renting
741,26,2016,unemployed,single_no_child,renting
741,27,2017,part_time,single_no_child,renting
741,28,2018,unemployed,single_no_child,renting
741,29,2019,full_time,single_no_child,renting
741,30,2020,full_time,single_parent,renting
742,18,2012,education,single_no_child,parental_home
742,19,2013,unemployed,single_no_child,parental_home
742,20,2014,part_time,single_no_child,parental_home
742,21,2015,full_time,single_no_child,parental_home
742,22,2016,part_time,single_no_child,parental_home
742,23,2017,unemployed,single_no_child,other_temporary
742,24,2018,unemployed,single_no_child,other_temporary
742,25,2019,inactive_care,single_parent,renting
742,26,2020,unemployed,single_parent,renting
742,27,2021,part_time,single_parent,renting
742,28,2022,unemployed,single_parent,renting
742,29,2023,full_time,partnered_with_child,renting
742,30,2024,part_time,partnered_with_child,renting
743,18,2011,education,single_no_child,parental_home
743,19,2012,education,single_no_child,parental_home
743,20,2013,education,single_no_child,parental_home
743,21,2014,full_time,single_no_child,parental_home
743,22,2015,full_time,single_no_child,parental_home
743,23,2016,full_time,single_no_child,parental_home
743,24,2017,full_time,single_no_child,parental_home
743,25,2018,inactive_care,single_no_child,renting
743,26,2019,inactive_care,single_no_child,renting
743,27,2020,part_time,single_no_child,renting
743,28,2021,unemployed,single_no_child,renting
743,29,2022,full_time,single_no_child,renting
743,30,2023,part_time,single_no_child,renting
744,18,2008,education,single_no_child,parental_home
744,19,2009,education,single_no_child,parental_home
744,20,2010,education,single_no_child,parental_home
744,21,2011,education,single_no_child,parental_home
744,22,2012,education,single_no_child,parental_home
744,23,2013,full_time,single_no_child,parental_home
744,24,2014,full_time,single_no_child,parental_home
744,25,2015,full_time,single_no_child,parental_home
744,26,2016,full_time,single_no_child,parental_home
744,27,2017,full_time,single_no_child,parental_home
744,28,2018,part_time,single_no_child,parental_home
744,29,2019,full_time,single_no_child,parental_home
744,30,2020,full_time,partnered_with_child,other_temporary
745,18,2009,education,single_no_child,parental_home
745,19,2010,full_time,single_no_child,parental_home
745,20,2011,education,single_no_child,renting
745,21,2012,unemployed,single_no_child,renting
745,22,2013,unemployed,single_no_child,renting
745,23,2014,part_time,single_no_child,renting
745,24,2015,part_time,single_no_child,renting
745,25,2016,full_time,partnered_no_child,renting
745,26,2017,full_time,partnered_no_child,renting
745,27,2018,part_time,partnered_no_child,renting
745,28,2019,full_time,partnered_no_child,renting
745,29,2020,full_time,partnered_with_child,owner_occupied
745,30,2021,full_time,partnered_with_child,owner_occupied
746,18,2009,unemployed,single_no_child,parental_home
746,19,2010,education,single_no_child,parental_home
746,20,2011,part_time,single_no_child,parental_home
746,21,2012,education,single_no_child,parental_home
746,22,2013,education,partnered_no_child,parental_home
746,23,2014,full_time,partnered_no_child,parental_home
746,24,2015,full_time,partnered_no_child,parental_home
746,25,2016,full_time,partnered_no_child,other_temporary
746,26,2017,full_time,partnered_with_child,other_temporary
746,27,2018,full_time,partnered_with_child,other_temporary
746,28,2019,full_time,partnered_with_child,other_temporary
746,29,2020,full_time,partnered_with_child,other_temporary
746,30,2021,full_time,partnered_with_child,other_temporary
747,18,2008,education,single_no_child,parental_home
747,19,2009,education,single_no_child,parental_home
747,20,2010,education,single_no_child,parental_home
747,21,2011,education,single_no_child,parental_home
747,22,2012,education,single_no_child,parental_home
747,23,2013,full_time,single_no_child,renting
747,24,2014,full_time,partnered_no_child,renting
747,25,2015,full_time,partnered_no_child,owner_occupied
747,26,2016,full_time,partnered_no_child,owner_occupied
747,27,2017,full_time,partnered_no_child,owner_occupied
747,28,2018,full_time,partnered_no_child,owner_occupied
747,29,2019,full_time,partnered_no_child,owner_occupied
747,30,2020,full_time,partnered_no_child,owner_occupied
748,18,2010,education,single_no_child,parental_home
748,19,2011,education,single_no_child,parental_home
748,20,2012,unemployed,single_no_child,parental_home
748,21,2013,part_time,single_no_child,parental_home
748,22,2014,full_time,single_no_child,parental_home
748,23,2015,part_time,single_no_child,parental_home
748,24,2016,full_time,single_no_child,other_temporary
748,25,2017,inactive_care,partnered_no_child,renting
748,26,2018,unemployed,partnered_no_child,renting
748,27,2019,full_time,partnered_no_child,renting
748,28,2020,part_time,partnered_no_child,renting
748,29,2021,full_time,partnered_no_child,renting
748,30,2022,full_time,partnered_no_child,renting
749,18,2009,education,single_no_child,parental_home
749,19,2010,education,single_no_child,parental_home
749,20,2011,education,single_no_child,parental_home
749,21,2012,unemployed,single_no_child,parental_home
749,22,2013,unemployed,single_no_child,parental_home
749,23,2014,part_time,single_no_child,parental_home
749,24,2015,part_time,single_no_child,parental_home
749,25,2016,full_time,single_no_child,parental_home
749,26,2017,full_time,single_no_child,parental_home
749,27,2018,full_time,partnered_no_child,parental_home
749,28,2019,full_time,partnered_no_child,renting
749,29,2020,full_time,partnered_no_child,renting
749,30,2021,full_time,partnered_no_child,renting
750,18,2012,education,single_no_child,parental_home
750,19,2013,full_time,single_no_child,parental_home
750,20,2014,unemployed,single_no_child,parental_home
750,21,2015,unemployed,single_no_child,parental_home
750,22,2016,part_time,single_no_child,parental_home
750,23,2017,part_time,single_no_child,parental_home
750,24,2018,unemployed,single_no_child,parental_home
750,25,2019,inactive_care,single_no_child,parental_home
750,26,2020,unemployed,partnered_no_child,parental_home
750,27,2021,part_time,single_no_child,parental_home
750,28,2022,unemployed,partnered_no_child,parental_home
750,29,2023,full_time,partnered_with_child,other_temporary
750,30,2024,part_time,partnered_with_child,other_temporary
751,18,2010,education,single_no_child,parental_home
751,19,2011,education,single_no_child,parental_home
751,20,2012,unemployed,single_no_child,parental_home
751,21,2013,unemployed,single_no_child,parental_home
751,22,2014,part_time,single_no_child,parental_home
751,23,2015,part_time,partnered_no_child,parental_home
751,24,2016,full_time,partnered_with_child,renting
751,25,2017,full_time,partnered_with_child,renting
751,26,2018,full_time,partnered_with_child,renting
751,27,2019,full_time,partnered_with_child,renting
751,28,2020,full_time,partnered_with_child,renting
751,29,2021,full_time,partnered_with_child,owner_occupied
751,30,2022,full_time,partnered_with_child,owner_occupied
752,18,2008,education,single_no_child,parental_home
752,19,2009,education,single_no_child,parental_home
752,20,2010,education,single_no_child,parental_home
752,21,2011,education,single_no_child,parental_home
752,22,2012,education,single_no_child,parental_home
752,23,2013,full_time,single_no_child,parental_home
752,24,2014,full_time,single_no_child,parental_home
752,25,2015,full_time,single_no_child,renting
752,26,2016,full_time,single_parent,renting
752,27,2017,full_time,single_parent,renting
752,28,2018,full_time,single_parent,renting
752,29,2019,full_time,single_parent,renting
752,30,2020,full_time,single_parent,renting
753,18,2008,education,single_no_child,parental_home
753,19,2009,education,single_no_child,parental_home
753,20,2010,full_time,single_no_child,parental_home
753,21,2011,full_time,single_no_child,parental_home
753,22,2012,full_time,partnered_no_child,parental_home
753,23,2013,full_time,partnered_no_child,renting
753,24,2014,full_time,partnered_no_child,renting
753,25,2015,part_time,partnered_no_child,renting
753,26,2016,full_time,partnered_no_child,renting
753,27,2017,full_time,partnered_no_child,renting
753,28,2018,full_time,single_no_child,renting
753,29,2019,full_time,single_no_child,renting
753,30,2020,full_time,single_no_child,renting
754,18,2012,education,single_no_child,parental_home
754,19,2013,education,single_no_child,parental_home
754,20,2014,unemployed,single_no_child,parental_home
754,21,2015,full_time,single_no_child,parental_home
754,22,2016,full_time,partnered_no_child,parental_home
754,23,2017,full_time,partnered_no_child,parental_home
754,24,2018,full_time,partnered_no_child,parental_home
754,25,2019,inactive_care,partnered_no_child,renting
754,26,2020,inactive_care,partnered_no_child,renting
754,27,2021,part_time,partnered_no_child,renting
754,28,2022,part_time,partnered_with_child,renting
754,29,2023,inactive_care,partnered_with_child,renting
754,30,2024,full_time,partnered_with_child,renting
755,18,2010,education,single_no_child,parental_home
755,19,2011,education,single_no_child,parental_home
755,20,2012,unemployed,single_no_child,parental_home
755,21,2013,part_time,single_no_child,parental_home
755,22,2014,full_time,single_no_child,parental_home
755,23,2015,part_time,single_no_child,parental_home
755,24,2016,unemployed,single_no_child,parental_home
755,25,2017,part_time,single_no_child,parental_home
755,26,2018,unemployed,single_no_child,parental_home
755,27,2019,full_time,single_no_child,renting
755,28,2020,part_time,single_no_child,renting
755,29,2021,unemployed,partnered_no_child,renting
755,30,2022,full_time,partnered_no_child,renting
756,18,2010,education,single_no_child,parental_home
756,19,2011,education,single_no_child,parental_home
756,20,2012,education,single_no_child,parental_home
756,21,2013,part_time,single_no_child,parental_home
756,22,2014,education,single_no_child,parental_home
756,23,2015,full_time,single_no_child,parental_home
756,24,2016,full_time,single_no_child,parental_home
756,25,2017,full_time,single_no_child,parental_home
756,26,2018,full_time,partnered_no_child,other_temporary
756,27,2019,full_time,partnered_no_child,other_temporary
756,28,2020,full_time,partnered_no_child,renting
756,29,2021,full_time,partnered_no_child,renting
756,30,2022,full_time,partnered_no_child,renting
757,18,2011,education,single_no_child,parental_home
757,19,2012,education,single_no_child,parental_home
757,20,2013,education,single_no_child,parental_home
757,21,2014,full_time,single_no_child,parental_home
757,22,2015,full_time,single_no_child,parental_home
757,23,2016,full_time,single_no_child,renting
757,24,2017,full_time,partnered_no_child,renting
757,25,2018,inactive_care,partnered_no_child,renting
757,26,2019,inactive_care,partnered_no_child,renting
757,27,2020,part_time,partnered_no_child,renting
757,28,2021,part_time,partnered_no_child,renting
757,29,2022,unemployed,partnered_no_child,renting
757,30,2023,full_time,partnered_no_child,renting
758,18,2010,education,single_no_child,other_temporary
758,19,2011,education,single_no_child,other_temporary
758,20,2012,education,single_no_child,renting
758,21,2013,education,single_no_child,renting
758,22,2014,education,single_no_child,renting
758,23,2015,full_time,single_no_child,renting
758,24,2016,part_time,single_no_child,renting
758,25,2017,full_time,partnered_no_child,renting
758,26,2018,full_time,partnered_no_child,renting
758,27,2019,full_time,partnered_no_child,renting
758,28,2020,full_time,partnered_no_child,renting
758,29,2021,full_time,partnered_with_child,owner_occupied
758,30,2022,full_time,partnered_with_child,owner_occupied
759,18,2012,unemployed,single_no_child,renting
759,19,2013,unemployed,single_no_child,renting
759,20,2014,full_time,single_no_child,renting
759,21,2015,unemployed,single_no_child,renting
759,22,2016,part_time,single_no_child,renting
759,23,2017,unemployed,single_no_child,renting
759,24,2018,full_time,single_no_child,renting
759,25,2019,part_time,single_parent,renting
759,26,2020,unemployed,single_parent,owner_occupied
759,27,2021,full_time,single_parent,owner_occupied
759,28,2022,part_time,single_parent,owner_occupied
759,29,2023,full_time,single_parent,owner_occupied
759,30,2024,full_time,single_parent,owner_occupied
760,18,2008,education,single_no_child,parental_home
760,19,2009,unemployed,single_no_child,parental_home
760,20,2010,full_time,single_no_child,parental_home
760,21,2011,unemployed,single_no_child,renting
760,22,2012,part_time,partnered_no_child,renting
760,23,2013,unemployed,partnered_no_child,renting
760,24,2014,unemployed,partnered_no_child,renting
760,25,2015,inactive_care,partnered_with_child,renting
760,26,2016,unemployed,partnered_with_child,renting
760,27,2017,part_time,partnered_with_child,renting
760,28,2018,unemployed,partnered_with_child,renting
760,29,2019,full_time,partnered_with_child,owner_occupied
760,30,2020,inactive_care,partnered_with_child,owner_occupied
761,18,2010,education,single_no_child,parental_home
761,19,2011,education,single_no_child,parental_home
761,20,2012,education,single_no_child,parental_home
761,21,2013,education,single_no_child,parental_home
761,22,2014,education,single_no_child,parental_home
761,23,2015,full_time,single_no_child,parental_home
761,24,2016,full_time,partnered_no_child,renting
761,25,2017,full_time,partnered_no_child,renting
761,26,2018,full_time,partnered_no_child,renting
761,27,2019,full_time,partnered_no_child,renting
761,28,2020,inactive_care,partnered_no_child,renting
761,29,2021,full_time,single_no_child,renting
761,30,2022,full_time,partnered_no_child,renting
762,18,2011,full_time,single_no_child,parental_home
762,19,2012,education,single_no_child,parental_home
762,20,2013,education,single_no_child,parental_home
762,21,2014,unemployed,single_no_child,parental_home
762,22,2015,unemployed,single_no_child,parental_home
762,23,2016,part_time,single_no_child,parental_home
762,24,2017,full_time,single_no_child,parental_home
762,25,2018,full_time,single_no_child,renting
762,26,2019,full_time,single_no_child,renting
762,27,2020,full_time,single_no_child,renting
762,28,2021,full_time,single_no_child,renting
762,29,2022,full_time,partnered_no_child,renting
762,30,2023,full_time,partnered_no_child,renting
763,18,2008,full_time,single_no_child,renting
763,19,2009,education,partnered_no_child,renting
763,20,2010,full_time,partnered_no_child,renting
763,21,2011,full_time,partnered_no_child,renting
763,22,2012,full_time,partnered_no_child,renting
763,23,2013,full_time,partnered_no_child,renting
763,24,2014,full_time,partnered_with_child,renting
763,25,2015,full_time,partnered_with_child,renting
763,26,2016,full_time,partnered_with_child,renting
763,27,2017,full_time,partnered_with_child,renting
763,28,2018,full_time,partnered_with_child,renting
763,29,2019,full_time,partnered_with_child,owner_occupied
763,30,2020,full_time,partnered_with_child,owner_occupied
764,18,2011,education,single_no_child,renting
764,19,2012,education,partnered_no_child,renting
764,20,2013,education,partnered_no_child,renting
764,21,2014,education,partnered_no_child,renting
764,22,2015,part_time,partnered_no_child,renting
764,23,2016,full_time,partnered_no_child,renting
764,24,2017,full_time,partnered_no_child,renting
764,25,2018,full_time,partnered_with_child,renting
764,26,2019,full_time,single_parent,renting
764,27,2020,full_time,single_parent,renting
764,28,2021,full_time,single_parent,renting
764,29,2022,full_time,partnered_with_child,renting
764,30,2023,full_time,partnered_with_child,renting
765,18,2009,education,single_no_child,parental_home
765,19,2010,education,single_no_child,parental_home
765,20,2011,education,single_no_child,parental_home
765,21,2012,education,single_no_child,parental_home
765,22,2013,part_time,single_no_child,parental_home
765,23,2014,full_time,single_parent,parental_home
765,24,2015,part_time,single_parent,parental_home
765,25,2016,full_time,single_parent,parental_home
765,26,2017,part_time,single_parent,parental_home
765,27,2018,full_time,single_parent,parental_home
765,28,2019,full_time,single_parent,parental_home
765,29,2020,full_time,single_parent,parental_home
765,30,2021,full_time,single_parent,parental_home
766,18,2008,unemployed,single_no_child,parental_home
766,19,2009,education,single_no_child,parental_home
766,20,2010,education,single_no_child,parental_home
766,21,2011,full_time,single_no_child,parental_home
766,22,2012,full_time,single_no_child,parental_home
766,23,2013,full_time,partnered_no_child,parental_home
766,24,2014,full_time,partnered_no_child,parental_home
766,25,2015,inactive_care,partnered_with_child,parental_home
766,26,2016,inactive_care,partnered_with_child,parental_home
766,27,2017,part_time,partnered_with_child,parental_home
766,28,2018,unemployed,partnered_with_child,parental_home
766,29,2019,inactive_care,partnered_with_child,parental_home
766,30,2020,part_time,partnered_with_child,parental_home
767,18,2008,full_time,single_no_child,parental_home
767,19,2009,education,single_no_child,parental_home
767,20,2010,education,single_no_child,parental_home
767,21,2011,education,single_no_child,parental_home
767,22,2012,education,single_no_child,parental_home
767,23,2013,full_time,single_no_child,parental_home
767,24,2014,full_time,single_no_child,parental_home
767,25,2015,full_time,single_no_child,renting
767,26,2016,full_time,single_no_child,renting
767,27,2017,full_time,single_no_child,renting
767,28,2018,full_time,single_no_child,renting
767,29,2019,full_time,partnered_with_child,renting
767,30,2020,full_time,partnered_with_child,renting
768,18,2012,education,single_no_child,parental_home
768,19,2013,education,single_no_child,parental_home
768,20,2014,education,single_no_child,parental_home
768,21,2015,education,single_no_child,parental_home
768,22,2016,education,single_no_child,parental_home
768,23,2017,full_time,single_no_child,parental_home
768,24,2018,full_time,single_no_child,parental_home
768,25,2019,full_time,single_no_child,renting
768,26,2020,full_time,single_no_child,renting
768,27,2021,full_time,single_no_child,renting
768,28,2022,full_time,single_no_child,renting
768,29,2023,full_time,partnered_no_child,renting
768,30,2024,full_time,partnered_no_child,renting
769,18,2012,education,single_no_child,parental_home
769,19,2013,education,single_no_child,parental_home
769,20,2014,education,single_no_child,parental_home
769,21,2015,education,partnered_no_child,parental_home
769,22,2016,education,partnered_no_child,parental_home
769,23,2017,full_time,partnered_no_child,parental_home
769,24,2018,full_time,partnered_no_child,renting
769,25,2019,full_time,partnered_no_child,renting
769,26,2020,full_time,partnered_no_child,renting
769,27,2021,full_time,partnered_with_child,renting
769,28,2022,full_time,partnered_with_child,renting
769,29,2023,full_time,partnered_with_child,renting
769,30,2024,full_time,partnered_with_child,renting
770,18,2011,education,single_no_child,renting
770,19,2012,education,single_no_child,renting
770,20,2013,education,single_no_child,renting
770,21,2014,education,single_no_child,renting
770,22,2015,education,single_no_child,renting
770,23,2016,part_time,single_no_child,renting
770,24,2017,full_time,single_no_child,renting
770,25,2018,full_time,partnered_no_child,renting
770,26,2019,full_time,partnered_no_child,renting
770,27,2020,full_time,partnered_no_child,renting
770,28,2021,full_time,partnered_with_child,renting
770,29,2022,full_time,partnered_with_child,renting
770,30,2023,full_time,partnered_with_child,renting
771,18,2012,education,single_no_child,parental_home
771,19,2013,education,single_no_child,parental_home
771,20,2014,education,single_no_child,parental_home
771,21,2015,full_time,single_no_child,parental_home
771,22,2016,full_time,single_no_child,parental_home
771,23,2017,full_time,single_no_child,renting
771,24,2018,full_time,partnered_no_child,renting
771,25,2019,inactive_care,partnered_no_child,renting
771,26,2020,unemployed,partnered_no_child,renting
771,27,2021,part_time,partnered_no_child,renting
771,28,2022,part_time,partnered_no_child,renting
771,29,2023,full_time,partnered_no_child,renting
771,30,2024,full_time,partnered_no_child,owner_occupied
772,18,2010,education,single_no_child,parental_home
772,19,2011,education,single_no_child,parental_home
772,20,2012,full_time,single_no_child,parental_home
772,21,2013,full_time,single_no_child,parental_home
772,22,2014,full_time,single_no_child,parental_home
772,23,2015,full_time,single_no_child,renting
772,24,2016,full_time,single_no_child,renting
772,25,2017,full_time,partnered_no_child,renting
772,26,2018,full_time,partnered_no_child,renting
772,27,2019,part_time,partnered_no_child,renting
772,28,2020,full_time,partnered_no_child,renting
772,29,2021,full_time,partnered_no_child,renting
772,30,2022,full_time,partnered_no_child,renting
773,18,2008,education,single_no_child,other_temporary
773,19,2009,education,single_no_child,other_temporary
773,20,2010,education,single_no_child,renting
773,21,2011,full_time,single_no_child,renting
773,22,2012,unemployed,single_no_child,renting
773,23,2013,unemployed,single_no_child,renting
773,24,2014,full_time,single_no_child,renting
773,25,2015,inactive_care,single_no_child,renting
773,26,2016,inactive_care,single_no_child,renting
773,27,2017,part_time,single_no_child,renting
773,28,2018,part_time,single_no_child,renting
773,29,2019,full_time,partnered_with_child,renting
773,30,2020,full_time,partnered_with_child,renting
774,18,2011,education,single_no_child,parental_home
774,19,2012,education,single_no_child,parental_home
774,20,2013,education,single_no_child,parental_home
774,21,2014,education,single_no_child,parental_home
774,22,2015,education,single_no_child,parental_home
774,23,2016,full_time,single_no_child,renting
774,24,2017,part_time,single_no_child,renting
774,25,2018,full_time,single_no_child,renting
774,26,2019,full_time,single_no_child,owner_occupied
774,27,2020,full_time,single_parent,owner_occupied
774,28,2021,full_time,single_parent,owner_occupied
774,29,2022,full_time,partnered_with_child,owner_occupied
774,30,2023,full_time,partnered_with_child,owner_occupied
775,18,2012,part_time,single_no_child,renting
775,19,2013,education,single_no_child,renting
775,20,2014,education,single_no_child,renting
775,21,2015,unemployed,single_no_child,renting
775,22,2016,unemployed,single_no_child,renting
775,23,2017,part_time,single_no_child,renting
775,24,2018,part_time,single_no_child,renting
775,25,2019,full_time,single_parent,renting
775,26,2020,full_time,single_parent,owner_occupied
775,27,2021,full_time,single_parent,owner_occupied
775,28,2022,full_time,single_parent,owner_occupied
775,29,2023,full_time,single_parent,owner_occupied
775,30,2024,full_time,single_parent,owner_occupied
776,18,2010,education,single_no_child,parental_home
776,19,2011,education,single_no_child,parental_home
776,20,2012,education,single_no_child,parental_home
776,21,2013,education,single_no_child,parental_home
776,22,2014,full_time,single_no_child,parental_home
776,23,2015,full_time,single_no_child,parental_home
776,24,2016,full_time,partnered_no_child,other_temporary
776,25,2017,full_time,partnered_no_child,other_temporary
776,26,2018,full_time,partnered_with_child,other_temporary
776,27,2019,full_time,partnered_with_child,other_temporary
776,28,2020,full_time,partnered_with_child,renting
776,29,2021,part_time,partnered_with_child,renting
776,30,2022,part_time,partnered_with_child,renting
777,18,2010,education,single_no_child,parental_home
777,19,2011,education,single_no_child,parental_home
777,20,2012,education,single_no_child,parental_home
777,21,2013,unemployed,single_no_child,parental_home
777,22,2014,unemployed,single_no_child,parental_home
777,23,2015,part_time,single_no_child,parental_home
777,24,2016,full_time,single_no_child,parental_home
777,25,2017,full_time,single_no_child,renting
777,26,2018,full_time,single_no_child,renting
777,27,2019,full_time,partnered_no_child,owner_occupied
777,28,2020,full_time,partnered_no_child,owner_occupied
777,29,2021,full_time,partnered_no_child,owner_occupied
777,30,2022,full_time,partnered_with_child,owner_occupied
778,18,2010,unemployed,partnered_no_child,renting
778,19,2011,education,partnered_no_child,renting
778,20,2012,education,partnered_no_child,renting
778,21,2013,education,partnered_no_child,renting
778,22,2014,education,partnered_no_child,renting
778,23,2015,unemployed,partnered_no_child,renting
778,24,2016,full_time,partnered_no_child,renting
778,25,2017,full_time,partnered_no_child,renting
778,26,2018,full_time,partnered_no_child,renting
778,27,2019,full_time,partnered_with_child,renting
778,28,2020,full_time,partnered_with_child,renting
778,29,2021,part_time,partnered_with_child,owner_occupied
778,30,2022,full_time,partnered_with_child,owner_occupied
779,18,2009,education,single_no_child,parental_home
779,19,2010,education,single_no_child,parental_home
779,20,2011,education,single_no_child,renting
779,21,2012,full_time,single_no_child,renting
779,22,2013,part_time,single_parent,renting
779,23,2014,full_time,single_parent,renting
779,24,2015,full_time,partnered_with_child,renting
779,25,2016,inactive_care,partnered_with_child,renting
779,26,2017,inactive_care,partnered_with_child,renting
779,27,2018,unemployed,partnered_with_child,renting
779,28,2019,part_time,partnered_with_child,renting
779,29,2020,full_time,partnered_with_child,renting
779,30,2021,full_time,partnered_with_child,renting
780,18,2009,education,single_no_child,parental_home
780,19,2010,unemployed,single_no_child,parental_home
780,20,2011,unemployed,single_no_child,parental_home
780,21,2012,part_time,single_no_child,parental_home
780,22,2013,part_time,single_no_child,renting
780,23,2014,unemployed,single_no_child,renting
780,24,2015,unemployed,single_no_child,renting
780,25,2016,inactive_care,single_no_child,renting
780,26,2017,unemployed,single_no_child,renting
780,27,2018,part_time,single_no_child,renting
780,28,2019,unemployed,single_no_child,renting
780,29,2020,full_time,single_no_child,renting
780,30,2021,part_time,partnered_no_child,renting
781,18,2009,education,single_no_child,renting
781,19,2010,education,single_no_child,renting
781,20,2011,education,single_no_child,renting
781,21,2012,education,single_no_child,renting
781,22,2013,part_time,single_no_child,renting
781,23,2014,full_time,single_no_child,renting
781,24,2015,full_time,single_no_child,renting
781,25,2016,full_time,single_no_child,renting
781,26,2017,part_time,single_no_child,renting
781,27,2018,full_time,single_no_child,renting
781,28,2019,part_time,single_parent,renting
781,29,2020,full_time,single_parent,owner_occupied
781,30,2021,full_time,partnered_with_child,owner_occupied
782,18,2009,education,single_no_child,parental_home
782,19,2010,education,single_no_child,parental_home
782,20,2011,education,single_no_child,parental_home
782,21,2012,unemployed,single_no_child,parental_home
782,22,2013,unemployed,single_no_child,parental_home
782,23,2014,part_time,single_no_child,parental_home
782,24,2015,part_time,single_no_child,parental_home
782,25,2016,full_time,single_parent,parental_home
782,26,2017,full_time,single_parent,parental_home
782,27,2018,full_time,single_parent,renting
782,28,2019,full_time,partnered_with_child,renting
782,29,2020,full_time,partnered_with_child,renting
782,30,2021,unemployed,partnered_with_child,renting
783,18,2010,education,single_no_child,parental_home
783,19,2011,education,single_no_child,parental_home
783,20,2012,education,single_no_child,parental_home
783,21,2013,unemployed,single_no_child,parental_home
783,22,2014,unemployed,single_no_child,parental_home
783,23,2015,inactive_care,single_no_child,parental_home
783,24,2016,part_time,partnered_no_child,parental_home
783,25,2017,full_time,partnered_no_child,parental_home
783,26,2018,full_time,partnered_no_child,renting
783,27,2019,full_time,partnered_no_child,renting
783,28,2020,full_time,partnered_no_child,renting
783,29,2021,full_time,partnered_no_child,renting
783,30,2022,full_time,partnered_no_child,renting
784,18,2011,education,single_no_child,parental_home
784,19,2012,education,single_no_child,parental_home
784,20,2013,unemployed,single_no_child,parental_home
784,21,2014,unemployed,single_no_child,parental_home
784,22,2015,full_time,single_no_child,renting
784,23,2016,unemployed,single_no_child,renting
784,24,2017,full_time,single_no_child,renting
784,25,2018,part_time,single_no_child,renting
784,26,2019,inactive_care,single_no_child,renting
784,27,2020,full_time,single_parent,renting
784,28,2021,part_time,single_parent,renting
784,29,2022,full_time,single_parent,renting
784,30,2023,full_time,single_parent,renting
785,18,2011,education,single_no_child,renting
785,19,2012,education,single_no_child,renting
785,20,2013,education,single_no_child,renting
785,21,2014,full_time,single_no_child,renting
785,22,2015,full_time,partnered_no_child,renting
785,23,2016,full_time,partnered_no_child,renting
785,24,2017,full_time,partnered_no_child,renting
785,25,2018,inactive_care,partnered_no_child,renting
785,26,2019,inactive_care,partnered_no_child,renting
785,27,2020,part_time,partnered_no_child,renting
785,28,2021,part_time,partnered_no_child,renting
785,29,2022,full_time,single_no_child,renting
785,30,2023,part_time,single_no_child,renting
786,18,2009,unemployed,single_no_child,parental_home
786,19,2010,education,single_no_child,parental_home
786,20,2011,unemployed,single_no_child,renting
786,21,2012,part_time,single_no_child,renting
786,22,2013,full_time,single_no_child,renting
786,23,2014,unemployed,single_no_child,other_temporary
786,24,2015,full_time,single_no_child,renting
786,25,2016,part_time,single_parent,renting
786,26,2017,unemployed,single_parent,renting
786,27,2018,full_time,single_parent,renting
786,28,2019,part_time,single_parent,renting
786,29,2020,full_time,single_parent,renting
786,30,2021,full_time,single_parent,renting
787,18,2011,education,single_no_child,renting
787,19,2012,education,single_no_child,renting
787,20,2013,education,single_no_child,renting
787,21,2014,education,single_no_child,renting
787,22,2015,unemployed,single_no_child,renting
787,23,2016,full_time,single_no_child,renting
787,24,2017,full_time,single_no_child,renting
787,25,2018,full_time,single_no_child,renting
787,26,2019,full_time,single_no_child,renting
787,27,2020,full_time,single_no_child,renting
787,28,2021,full_time,single_no_child,renting
787,29,2022,full_time,single_no_child,renting
787,30,2023,full_time,single_no_child,renting
788,18,2008,education,single_no_child,parental_home
788,19,2009,education,single_no_child,parental_home
788,20,2010,unemployed,single_no_child,parental_home
788,21,2011,part_time,single_no_child,parental_home
788,22,2012,full_time,single_no_child,parental_home
788,23,2013,unemployed,single_no_child,parental_home
788,24,2014,full_time,partnered_no_child,renting
788,25,2015,part_time,partnered_no_child,renting
788,26,2016,full_time,partnered_no_child,renting
788,27,2017,full_time,partnered_no_child,renting
788,28,2018,part_time,partnered_no_child,renting
788,29,2019,full_time,partnered_no_child,owner_occupied
788,30,2020,full_time,partnered_no_child,owner_occupied
789,18,2008,education,single_no_child,parental_home
789,19,2009,education,single_no_child,parental_home
789,20,2010,unemployed,single_no_child,parental_home
789,21,2011,part_time,single_no_child,parental_home
789,22,2012,full_time,single_no_child,parental_home
789,23,2013,unemployed,single_no_child,parental_home
789,24,2014,full_time,single_no_child,parental_home
789,25,2015,part_time,partnered_no_child,parental_home
789,26,2016,unemployed,partnered_with_child,parental_home
789,27,2017,full_time,partnered_with_child,renting
789,28,2018,part_time,partnered_with_child,renting
789,29,2019,full_time,partnered_with_child,renting
789,30,2020,part_time,partnered_with_child,renting
790,18,2011,education,single_no_child,parental_home
790,19,2012,unemployed,single_no_child,parental_home
790,20,2013,education,partnered_no_child,parental_home
790,21,2014,education,partnered_no_child,parental_home
790,22,2015,part_time,partnered_no_child,parental_home
790,23,2016,full_time,partnered_no_child,parental_home
790,24,2017,full_time,partnered_no_child,parental_home
790,25,2018,full_time,partnered_with_child,parental_home
790,26,2019,full_time,partnered_with_child,renting
790,27,2020,full_time,partnered_with_child,renting
790,28,2021,full_time,partnered_with_child,renting
790,29,2022,full_time,partnered_with_child,renting
790,30,2023,full_time,partnered_with_child,renting
791,18,2008,education,single_no_child,renting
791,19,2009,education,single_no_child,renting
791,20,2010,education,single_no_child,renting
791,21,2011,education,single_no_child,renting
791,22,2012,education,single_no_child,renting
791,23,2013,full_time,single_parent,renting
791,24,2014,full_time,single_parent,renting
791,25,2015,full_time,single_parent,renting
791,26,2016,full_time,single_parent,renting
791,27,2017,full_time,single_parent,renting
791,28,2018,full_time,single_parent,renting
791,29,2019,full_time,single_parent,renting
791,30,2020,full_time,single_parent,renting
792,18,2011,full_time,single_no_child,renting
792,19,2012,unemployed,single_no_child,renting
792,20,2013,unemployed,single_no_child,renting
792,21,2014,unemployed,single_no_child,renting
792,22,2015,part_time,single_no_child,renting
792,23,2016,part_time,single_no_child,renting
792,24,2017,unemployed,single_no_child,renting
792,25,2018,inactive_care,single_no_child,renting
792,26,2019,unemployed,single_no_child,renting
792,27,2020,full_time,single_no_child,renting
792,28,2021,unemployed,single_no_child,renting
792,29,2022,full_time,single_parent,renting
792,30,2023,part_time,single_parent,renting
793,18,2008,education,single_no_child,parental_home
793,19,2009,education,single_no_child,parental_home
793,20,2010,unemployed,single_no_child,parental_home
793,21,2011,part_time,single_no_child,parental_home
793,22,2012,full_time,single_no_child,parental_home
793,23,2013,unemployed,single_no_child,parental_home
793,24,2014,full_time,single_no_child,other_temporary
793,25,2015,part_time,single_no_child,other_temporary
793,26,2016,unemployed,single_no_child,other_temporary
793,27,2017,full_time,single_no_child,other_temporary
793,28,2018,part_time,partnered_no_child,renting
793,29,2019,full_time,partnered_no_child,renting
793,30,2020,full_time,partnered_no_child,renting
794,18,2012,full_time,single_no_child,parental_home
794,19,2013,education,single_no_child,parental_home
794,20,2014,education,single_no_child,parental_home
794,21,2015,education,partnered_no_child,renting
794,22,2016,education,partnered_no_child,renting
794,23,2017,full_time,partnered_no_child,renting
794,24,2018,full_time,partnered_no_child,renting
794,25,2019,full_time,partnered_no_child,renting
794,26,2020,full_time,partnered_no_child,renting
794,27,2021,full_time,partnered_no_child,renting
794,28,2022,full_time,partnered_no_child,renting
794,29,2023,full_time,partnered_no_child,renting
794,30,2024,full_time,partnered_no_child,renting
795,18,2011,education,single_no_child,parental_home
795,19,2012,education,single_no_child,parental_home
795,20,2013,full_time,single_no_child,parental_home
795,21,2014,education,single_no_child,parental_home
795,22,2015,full_time,single_no_child,parental_home
795,23,2016,full_time,single_no_child,parental_home
795,24,2017,full_time,single_no_child,parental_home
795,25,2018,full_time,single_no_child,parental_home
795,26,2019,full_time,single_parent,renting
795,27,2020,full_time,single_parent,renting
795,28,2021,part_time,single_parent,renting
795,29,2022,full_time,single_parent,renting
795,30,2023,full_time,single_parent,renting
796,18,2008,education,single_no_child,renting
796,19,2009,education,single_no_child,renting
796,20,2010,education,single_no_child,renting
796,21,2011,full_time,single_no_child,renting
796,22,2012,education,single_no_child,renting
796,23,2013,full_time,single_no_child,renting
796,24,2014,full_time,single_no_child,renting
796,25,2015,full_time,single_no_child,renting
796,26,2016,full_time,single_no_child,renting
796,27,2017,full_time,single_no_child,renting
796,28,2018,full_time,single_no_child,renting
796,29,2019,full_time,single_no_child,renting
796,30,2020,full_time,single_parent,renting
797,18,2011,education,single_no_child,parental_home
797,19,2012,part_time,single_no_child,parental_home
797,20,2013,education,partnered_no_child,renting
797,21,2014,education,partnered_no_child,renting
797,22,2015,education,partnered_no_child,renting
797,23,2016,full_time,partnered_no_child,renting
797,24,2017,full_time,partnered_no_child,renting
797,25,2018,full_time,partnered_no_child,renting
797,26,2019,full_time,partnered_no_child,renting
797,27,2020,full_time,partnered_no_child,renting
797,28,2021,full_time,partnered_no_child,renting
797,29,2022,full_time,partnered_no_child,renting
797,30,2023,full_time,partnered_no_child,renting
798,18,2009,education,single_no_child,parental_home
798,19,2010,education,single_no_child,parental_home
798,20,2011,education,single_no_child,other_temporary
798,21,2012,full_time,single_no_child,other_temporary
798,22,2013,full_time,single_no_child,other_temporary
798,23,2014,full_time,single_no_child,renting
798,24,2015,full_time,single_no_child,renting
798,25,2016,part_time,single_no_child,renting
798,26,2017,inactive_care,single_no_child,renting
798,27,2018,part_time,single_no_child,renting
798,28,2019,part_time,partnered_no_child,owner_occupied
798,29,2020,full_time,partnered_no_child,owner_occupied
798,30,2021,full_time,partnered_no_child,owner_occupied
799,18,2012,education,single_no_child,parental_home
799,19,2013,education,single_no_child,parental_home
799,20,2014,education,single_no_child,parental_home
799,21,2015,education,single_no_child,parental_home
799,22,2016,education,single_no_child,parental_home
799,23,2017,full_time,single_no_child,renting
799,24,2018,full_time,single_parent,renting
799,25,2019,full_time,single_parent,renting
799,26,2020,full_time,single_parent,renting
799,27,2021,full_time,single_parent,renting
799,28,2022,full_time,single_parent,renting
799,29,2023,full_time,single_parent,renting
799,30,2024,full_time,single_parent,renting
800,18,2009,education,single_no_child,parental_home
800,19,2010,education,single_no_child,parental_home
800,20,2011,education,single_no_child,renting
800,21,2012,unemployed,partnered_no_child,other_temporary
800,22,2013,unemployed,partnered_no_child,other_temporary
800,23,2014,unemployed,partnered_no_child,other_temporary
800,24,2015,part_time,partnered_no_child,other_temporary
800,25,2016,full_time,partnered_no_child,other_temporary
800,26,2017,full_time,partnered_no_child,renting
800,27,2018,part_time,partnered_no_child,renting
800,28,2019,full_time,partnered_no_child,renting
800,29,2020,full_time,partnered_no_child,renting
800,30,2021,full_time,partnered_no_child,renting
801,18,2011,education,single_no_child,other_temporary
801,19,2012,education,single_no_child,other_temporary
801,20,2013,education,single_no_child,renting
801,21,2014,unemployed,single_no_child,renting
801,22,2015,unemployed,single_no_child,renting
801,23,2016,part_time,single_no_child,renting
801,24,2017,part_time,single_no_child,renting
801,25,2018,full_time,single_no_child,renting
801,26,2019,full_time,single_no_child,renting
801,27,2020,unemployed,single_parent,renting
801,28,2021,part_time,single_parent,renting
801,29,2022,full_time,single_parent,renting
801,30,2023,full_time,single_parent,renting
802,18,2011,education,single_no_child,parental_home
802,19,2012,unemployed,single_no_child,parental_home
802,20,2013,unemployed,single_no_child,parental_home
802,21,2014,part_time,single_no_child,parental_home
802,22,2015,part_time,single_no_child,parental_home
802,23,2016,unemployed,single_no_child,parental_home
802,24,2017,part_time,single_no_child,renting
802,25,2018,inactive_care,single_no_child,renting
802,26,2019,unemployed,single_no_child,renting
802,27,2020,part_time,single_no_child,renting
802,28,2021,unemployed,single_no_child,renting
802,29,2022,full_time,single_no_child,renting
802,30,2023,part_time,single_no_child,renting
803,18,2009,education,single_no_child,parental_home
803,19,2010,education,single_no_child,parental_home
803,20,2011,education,single_no_child,parental_home
803,21,2012,full_time,single_no_child,renting
803,22,2013,full_time,single_no_child,renting
803,23,2014,full_time,single_no_child,renting
803,24,2015,full_time,single_no_child,renting
803,25,2016,inactive_care,single_no_child,renting
803,26,2017,inactive_care,partnered_no_child,renting
803,27,2018,part_time,partnered_no_child,renting
803,28,2019,part_time,partnered_no_child,renting
803,29,2020,full_time,partnered_no_child,renting
803,30,2021,full_time,partnered_no_child,renting
804,18,2012,education,single_no_child,renting
804,19,2013,education,single_no_child,renting
804,20,2014,education,single_no_child,renting
804,21,2015,education,single_no_child,renting
804,22,2016,education,single_no_child,renting
804,23,2017,full_time,single_no_child,renting
804,24,2018,full_time,single_no_child,renting
804,25,2019,full_time,single_no_child,renting
804,26,2020,part_time,single_no_child,renting
804,27,2021,full_time,single_no_child,renting
804,28,2022,full_time,single_no_child,renting
804,29,2023,full_time,single_no_child,renting
804,30,2024,full_time,single_no_child,renting
805,18,2012,education,single_no_child,renting
805,19,2013,unemployed,single_no_child,renting
805,20,2014,unemployed,single_no_child,renting
805,21,2015,unemployed,single_no_child,renting
805,22,2016,part_time,single_parent,renting
805,23,2017,unemployed,single_parent,renting
805,24,2018,unemployed,single_parent,renting
805,25,2019,inactive_care,single_parent,renting
805,26,2020,unemployed,single_parent,renting
805,27,2021,part_time,single_parent,renting
805,28,2022,unemployed,single_parent,renting
805,29,2023,part_time,single_parent,renting
805,30,2024,part_time,single_parent,renting
806,18,2012,education,single_no_child,parental_home
806,19,2013,unemployed,single_no_child,parental_home
806,20,2014,unemployed,single_no_child,parental_home
806,21,2015,unemployed,partnered_no_child,parental_home
806,22,2016,part_time,partnered_no_child,parental_home
806,23,2017,inactive_care,partnered_no_child,parental_home
806,24,2018,unemployed,partnered_with_child,parental_home
806,25,2019,inactive_care,partnered_with_child,parental_home
806,26,2020,part_time,partnered_with_child,parental_home
806,27,2021,part_time,partnered_with_child,parental_home
806,28,2022,unemployed,partnered_with_child,parental_home
806,29,2023,full_time,partnered_with_child,parental_home
806,30,2024,part_time,partnered_with_child,parental_home
807,18,2010,education,single_no_child,parental_home
807,19,2011,education,single_no_child,parental_home
807,20,2012,unemployed,single_no_child,parental_home
807,21,2013,part_time,single_no_child,parental_home
807,22,2014,full_time,single_no_child,renting
807,23,2015,unemployed,single_parent,renting
807,24,2016,full_time,single_parent,renting
807,25,2017,part_time,single_parent,renting
807,26,2018,unemployed,partnered_with_child,renting
807,27,2019,full_time,partnered_with_child,renting
807,28,2020,part_time,partnered_with_child,renting
807,29,2021,full_time,partnered_with_child,renting
807,30,2022,full_time,partnered_with_child,renting
808,18,2008,education,single_no_child,parental_home
808,19,2009,education,single_no_child,parental_home
808,20,2010,inactive_care,single_no_child,parental_home
808,21,2011,part_time,single_no_child,parental_home
808,22,2012,full_time,single_no_child,parental_home
808,23,2013,full_time,single_no_child,renting
808,24,2014,full_time,single_no_child,renting
808,25,2015,part_time,single_no_child,renting
808,26,2016,unemployed,single_no_child,renting
808,27,2017,full_time,partnered_with_child,renting
808,28,2018,part_time,partnered_with_child,renting
808,29,2019,full_time,partnered_with_child,renting
808,30,2020,full_time,partnered_with_child,renting
809,18,2009,education,single_no_child,parental_home
809,19,2010,education,single_no_child,renting
809,20,2011,education,single_no_child,renting
809,21,2012,inactive_care,single_no_child,renting
809,22,2013,education,single_no_child,renting
809,23,2014,inactive_care,single_no_child,renting
809,24,2015,full_time,single_no_child,renting
809,25,2016,unemployed,single_no_child,renting
809,26,2017,full_time,single_no_child,renting
809,27,2018,full_time,single_no_child,renting
809,28,2019,full_time,single_parent,renting
809,29,2020,full_time,single_parent,renting
809,30,2021,part_time,single_parent,renting
810,18,2008,education,single_no_child,parental_home
810,19,2009,education,single_no_child,parental_home
810,20,2010,education,single_no_child,parental_home
810,21,2011,education,single_no_child,parental_home
810,22,2012,education,single_no_child,renting
810,23,2013,full_time,partnered_no_child,renting
810,24,2014,full_time,partnered_no_child,renting
810,25,2015,full_time,partnered_no_child,renting
810,26,2016,full_time,partnered_no_child,renting
810,27,2017,full_time,partnered_no_child,owner_occupied
810,28,2018,full_time,partnered_no_child,owner_occupied
810,29,2019,full_time,partnered_with_child,owner_occupied
810,30,2020,full_time,partnered_with_child,owner_occupied
811,18,2009,education,single_no_child,renting
811,19,2010,unemployed,single_no_child,renting
811,20,2011,education,single_no_child,renting
811,21,2012,full_time,single_no_child,renting
811,22,2013,full_time,single_no_child,renting
811,23,2014,full_time,single_no_child,renting
811,24,2015,part_time,single_no_child,renting
811,25,2016,inactive_care,single_no_child,renting
811,26,2017,inactive_care,single_no_child,renting
811,27,2018,part_time,single_parent,renting
811,28,2019,part_time,partnered_with_child,renting
811,29,2020,full_time,partnered_with_child,renting
811,30,2021,education,partnered_with_child,renting
812,18,2009,education,single_no_child,parental_home
812,19,2010,education,single_no_child,parental_home
812,20,2011,education,single_no_child,parental_home
812,21,2012,education,single_no_child,parental_home
812,22,2013,education,single_no_child,parental_home
812,23,2014,full_time,single_no_child,parental_home
812,24,2015,full_time,single_no_child,parental_home
812,25,2016,part_time,single_no_child,renting
812,26,2017,full_time,partnered_no_child,renting
812,27,2018,full_time,partnered_no_child,renting
812,28,2019,full_time,partnered_no_child,renting
812,29,2020,full_time,partnered_no_child,renting
812,30,2021,full_time,partnered_with_child,owner_occupied
813,18,2010,unemployed,single_no_child,parental_home
813,19,2011,education,single_no_child,parental_home
813,20,2012,education,single_no_child,other_temporary
813,21,2013,full_time,single_no_child,renting
813,22,2014,full_time,single_no_child,renting
813,23,2015,full_time,single_no_child,renting
813,24,2016,full_time,single_no_child,renting
813,25,2017,inactive_care,single_no_child,renting
813,26,2018,inactive_care,single_no_child,renting
813,27,2019,part_time,single_no_child,renting
813,28,2020,part_time,single_no_child,renting
813,29,2021,full_time,partnered_with_child,renting
813,30,2022,full_time,partnered_with_child,renting
814,18,2011,education,single_no_child,parental_home
814,19,2012,education,single_no_child,parental_home
814,20,2013,education,single_no_child,parental_home
814,21,2014,education,single_no_child,parental_home
814,22,2015,education,single_no_child,parental_home
814,23,2016,inactive_care,single_no_child,parental_home
814,24,2017,full_time,single_no_child,renting
814,25,2018,full_time,single_no_child,renting
814,26,2019,full_time,single_no_child,renting
814,27,2020,full_time,single_no_child,renting
814,28,2021,full_time,single_no_child,renting
814,29,2022,full_time,single_no_child,renting
814,30,2023,full_time,single_no_child,renting
815,18,2011,education,single_no_child,renting
815,19,2012,education,single_no_child,renting
815,20,2013,education,single_no_child,renting
815,21,2014,unemployed,single_no_child,renting
815,22,2015,full_time,single_no_child,renting
815,23,2016,full_time,single_no_child,renting
815,24,2017,full_time,single_no_child,renting
815,25,2018,inactive_care,single_no_child,renting
815,26,2019,inactive_care,single_no_child,renting
815,27,2020,part_time,single_no_child,owner_occupied
815,28,2021,part_time,single_no_child,owner_occupied
815,29,2022,full_time,partnered_no_child,owner_occupied
815,30,2023,full_time,partnered_with_child,owner_occupied
816,18,2011,education,single_no_child,renting
816,19,2012,education,single_no_child,renting
816,20,2013,full_time,single_no_child,renting
816,21,2014,full_time,single_no_child,renting
816,22,2015,full_time,partnered_no_child,renting
816,23,2016,full_time,partnered_no_child,renting
816,24,2017,full_time,partnered_no_child,renting
816,25,2018,full_time,partnered_no_child,renting
816,26,2019,education,partnered_no_child,renting
816,27,2020,full_time,partnered_no_child,renting
816,28,2021,full_time,partnered_no_child,renting
816,29,2022,full_time,partnered_with_child,renting
816,30,2023,full_time,partnered_with_child,renting
817,18,2010,education,single_no_child,parental_home
817,19,2011,education,single_no_child,renting
817,20,2012,education,single_no_child,renting
817,21,2013,unemployed,single_no_child,renting
817,22,2014,unemployed,single_no_child,other_temporary
817,23,2015,part_time,single_no_child,renting
817,24,2016,part_time,partnered_no_child,renting
817,25,2017,full_time,partnered_no_child,renting
817,26,2018,full_time,partnered_no_child,renting
817,27,2019,full_time,partnered_no_child,renting
817,28,2020,full_time,partnered_no_child,renting
817,29,2021,full_time,partnered_no_child,renting
817,30,2022,full_time,partnered_no_child,renting
818,18,2009,education,single_no_child,parental_home
818,19,2010,education,single_no_child,parental_home
818,20,2011,full_time,single_no_child,renting
818,21,2012,full_time,partnered_no_child,renting
818,22,2013,full_time,partnered_no_child,renting
818,23,2014,full_time,partnered_no_child,renting
818,24,2015,full_time,partnered_no_child,renting
818,25,2016,full_time,partnered_no_child,renting
818,26,2017,full_time,partnered_no_child,renting
818,27,2018,full_time,partnered_no_child,renting
818,28,2019,full_time,partnered_no_child,renting
818,29,2020,full_time,partnered_no_child,renting
818,30,2021,unemployed,partnered_no_child,renting
819,18,2008,education,single_no_child,renting
819,19,2009,unemployed,single_no_child,renting
819,20,2010,full_time,single_no_child,renting
819,21,2011,unemployed,single_no_child,renting
819,22,2012,part_time,partnered_no_child,renting
819,23,2013,unemployed,partnered_no_child,renting
819,24,2014,unemployed,partnered_no_child,renting
819,25,2015,inactive_care,partnered_no_child,renting
819,26,2016,unemployed,partnered_no_child,renting
819,27,2017,unemployed,partnered_no_child,renting
819,28,2018,unemployed,partnered_no_child,renting
819,29,2019,full_time,partnered_no_child,renting
819,30,2020,part_time,partnered_no_child,renting
820,18,2011,unemployed,single_no_child,parental_home
820,19,2012,unemployed,single_no_child,parental_home
820,20,2013,unemployed,single_no_child,parental_home
820,21,2014,unemployed,single_no_child,parental_home
820,22,2015,part_time,single_no_child,parental_home
820,23,2016,unemployed,single_no_child,parental_home
820,24,2017,unemployed,single_no_child,parental_home
820,25,2018,inactive_care,single_no_child,parental_home
820,26,2019,unemployed,single_no_child,parental_home
820,27,2020,part_time,single_no_child,parental_home
820,28,2021,unemployed,single_no_child,parental_home
820,29,2022,full_time,single_no_child,renting
820,30,2023,part_time,single_no_child,renting
821,18,2012,education,single_no_child,parental_home
821,19,2013,education,single_no_child,parental_home
821,20,2014,education,single_no_child,parental_home
821,21,2015,education,single_no_child,renting
821,22,2016,full_time,single_no_child,renting
821,23,2017,part_time,partnered_no_child,renting
821,24,2018,full_time,partnered_no_child,renting
821,25,2019,full_time,partnered_no_child,renting
821,26,2020,full_time,partnered_no_child,owner_occupied
821,27,2021,full_time,partnered_no_child,owner_occupied
821,28,2022,full_time,partnered_with_child,owner_occupied
821,29,2023,full_time,partnered_with_child,owner_occupied
821,30,2024,full_time,partnered_with_child,owner_occupied
822,18,2010,education,single_no_child,parental_home
822,19,2011,education,single_no_child,parental_home
822,20,2012,education,single_no_child,parental_home
822,21,2013,education,single_no_child,parental_home
822,22,2014,education,single_no_child,parental_home
822,23,2015,full_time,single_no_child,renting
822,24,2016,full_time,single_no_child,renting
822,25,2017,full_time,single_no_child,renting
822,26,2018,full_time,single_no_child,renting
822,27,2019,full_time,single_no_child,renting
822,28,2020,full_time,single_no_child,renting
822,29,2021,full_time,partnered_no_child,renting
822,30,2022,full_time,partnered_no_child,renting
823,18,2011,education,single_no_child,parental_home
823,19,2012,education,single_no_child,parental_home
823,20,2013,education,single_no_child,parental_home
823,21,2014,unemployed,single_no_child,parental_home
823,22,2015,full_time,partnered_no_child,parental_home
823,23,2016,full_time,partnered_no_child,parental_home
823,24,2017,full_time,partnered_no_child,parental_home
823,25,2018,inactive_care,partnered_no_child,parental_home
823,26,2019,inactive_care,single_no_child,parental_home
823,27,2020,part_time,single_no_child,renting
823,28,2021,part_time,single_no_child,renting
823,29,2022,full_time,single_no_child,renting
823,30,2023,part_time,single_no_child,renting
824,18,2010,education,single_no_child,parental_home
824,19,2011,unemployed,single_no_child,parental_home
824,20,2012,education,single_no_child,parental_home
824,21,2013,unemployed,single_no_child,parental_home
824,22,2014,unemployed,single_no_child,parental_home
824,23,2015,part_time,partnered_no_child,renting
824,24,2016,part_time,partnered_no_child,renting
824,25,2017,part_time,partnered_no_child,renting
824,26,2018,unemployed,partnered_no_child,renting
824,27,2019,full_time,single_no_child,owner_occupied
824,28,2020,full_time,single_no_child,owner_occupied
824,29,2021,full_time,partnered_no_child,owner_occupied
824,30,2022,full_time,partnered_no_child,owner_occupied
825,18,2008,education,single_no_child,parental_home
825,19,2009,education,single_no_child,parental_home
825,20,2010,unemployed,single_no_child,parental_home
825,21,2011,unemployed,single_parent,renting
825,22,2012,full_time,single_parent,renting
825,23,2013,unemployed,single_parent,renting
825,24,2014,full_time,single_parent,renting
825,25,2015,part_time,single_parent,renting
825,26,2016,unemployed,single_parent,renting
825,27,2017,full_time,single_parent,renting
825,28,2018,part_time,single_parent,renting
825,29,2019,full_time,single_parent,renting
825,30,2020,part_time,single_parent,owner_occupied
826,18,2010,education,single_no_child,other_temporary
826,19,2011,unemployed,single_no_child,renting
826,20,2012,unemployed,single_no_child,other_temporary
826,21,2013,unemployed,single_no_child,renting
826,22,2014,part_time,single_no_child,renting
826,23,2015,inactive_care,partnered_no_child,renting
826,24,2016,part_time,partnered_no_child,renting
826,25,2017,inactive_care,partnered_no_child,renting
826,26,2018,part_time,partnered_no_child,renting
826,27,2019,part_time,partnered_no_child,owner_occupied
826,28,2020,unemployed,partnered_no_child,owner_occupied
826,29,2021,full_time,partnered_no_child,owner_occupied
826,30,2022,part_time,partnered_no_child,owner_occupied
827,18,2009,education,single_no_child,parental_home
827,19,2010,education,single_no_child,renting
827,20,2011,education,single_no_child,renting
827,21,2012,education,single_no_child,renting
827,22,2013,education,single_no_child,renting
827,23,2014,full_time,single_no_child,renting
827,24,2015,unemployed,single_no_child,renting
827,25,2016,full_time,single_no_child,renting
827,26,2017,full_time,single_no_child,renting
827,27,2018,full_time,single_no_child,renting
827,28,2019,part_time,single_no_child,renting
827,29,2020,full_time,partnered_no_child,renting
827,30,2021,full_time,partnered_no_child,renting
828,18,2011,education,single_no_child,other_temporary
828,19,2012,education,single_no_child,renting
828,20,2013,education,single_no_child,renting
828,21,2014,unemployed,single_no_child,renting
828,22,2015,unemployed,partnered_no_child,renting
828,23,2016,part_time,partnered_no_child,renting
828,24,2017,part_time,partnered_no_child,renting
828,25,2018,full_time,partnered_no_child,renting
828,26,2019,full_time,partnered_no_child,renting
828,27,2020,full_time,partnered_no_child,renting
828,28,2021,full_time,partnered_no_child,renting
828,29,2022,full_time,single_no_child,renting
828,30,2023,full_time,single_no_child,renting
829,18,2012,education,single_no_child,parental_home
829,19,2013,education,single_no_child,parental_home
829,20,2014,education,single_no_child,parental_home
829,21,2015,education,single_no_child,parental_home
829,22,2016,education,single_no_child,parental_home
829,23,2017,full_time,single_no_child,parental_home
829,24,2018,full_time,single_no_child,renting
829,25,2019,full_time,single_no_child,renting
829,26,2020,full_time,single_no_child,renting
829,27,2021,unemployed,partnered_with_child,renting
829,28,2022,full_time,partnered_with_child,renting
829,29,2023,full_time,partnered_with_child,owner_occupied
829,30,2024,full_time,partnered_with_child,owner_occupied
830,18,2012,education,single_no_child,renting
830,19,2013,education,single_no_child,renting
830,20,2014,unemployed,single_no_child,renting
830,21,2015,part_time,single_no_child,renting
830,22,2016,full_time,single_no_child,renting
830,23,2017,unemployed,single_no_child,renting
830,24,2018,full_time,single_no_child,renting
830,25,2019,part_time,partnered_no_child,renting
830,26,2020,unemployed,partnered_no_child,renting
830,27,2021,full_time,partnered_no_child,renting
830,28,2022,part_time,partnered_no_child,renting
830,29,2023,full_time,partnered_no_child,renting
830,30,2024,full_time,partnered_no_child,renting
831,18,2008,education,single_no_child,parental_home
831,19,2009,education,single_no_child,renting
831,20,2010,unemployed,single_no_child,renting
831,21,2011,full_time,single_no_child,renting
831,22,2012,inactive_care,single_no_child,renting
831,23,2013,full_time,partnered_with_child,renting
831,24,2014,full_time,partnered_with_child,renting
831,25,2015,full_time,partnered_with_child,renting
831,26,2016,unemployed,partnered_with_child,renting
831,27,2017,full_time,partnered_with_child,renting
831,28,2018,full_time,partnered_with_child,renting
831,29,2019,full_time,partnered_with_child,renting
831,30,2020,full_time,partnered_with_child,renting
832,18,2008,education,single_no_child,parental_home
832,19,2009,education,single_no_child,parental_home
832,20,2010,unemployed,single_no_child,parental_home
832,21,2011,part_time,single_no_child,renting
832,22,2012,full_time,single_no_child,renting
832,23,2013,unemployed,partnered_with_child,renting
832,24,2014,full_time,partnered_with_child,renting
832,25,2015,part_time,partnered_with_child,renting
832,26,2016,unemployed,partnered_with_child,renting
832,27,2017,full_time,partnered_with_child,renting
832,28,2018,part_time,partnered_with_child,renting
832,29,2019,full_time,partnered_with_child,renting
832,30,2020,full_time,partnered_with_child,renting
833,18,2008,education,single_no_child,parental_home
833,19,2009,education,single_no_child,parental_home
833,20,2010,education,partnered_no_child,parental_home
833,21,2011,education,partnered_no_child,parental_home
833,22,2012,education,partnered_no_child,parental_home
833,23,2013,full_time,partnered_no_child,renting
833,24,2014,full_time,partnered_no_child,renting
833,25,2015,full_time,partnered_with_child,renting
833,26,2016,full_time,partnered_with_child,renting
833,27,2017,full_time,partnered_with_child,renting
833,28,2018,full_time,partnered_with_child,renting
833,29,2019,full_time,partnered_with_child,renting
833,30,2020,full_time,partnered_with_child,renting
834,18,2010,education,single_no_child,parental_home
834,19,2011,unemployed,single_no_child,parental_home
834,20,2012,unemployed,single_no_child,parental_home
834,21,2013,unemployed,single_no_child,parental_home
834,22,2014,part_time,single_no_child,renting
834,23,2015,unemployed,single_no_child,renting
834,24,2016,unemployed,partnered_no_child,renting
834,25,2017,unemployed,partnered_no_child,renting
834,26,2018,unemployed,partnered_no_child,renting
834,27,2019,part_time,partnered_no_child,renting
834,28,2020,education,partnered_no_child,renting
834,29,2021,full_time,partnered_no_child,renting
834,30,2022,part_time,partnered_with_child,renting
835,18,2010,education,single_no_child,renting
835,19,2011,education,single_no_child,renting
835,20,2012,education,single_no_child,renting
835,21,2013,full_time,single_no_child,renting
835,22,2014,full_time,single_no_child,renting
835,23,2015,full_time,single_no_child,renting
835,24,2016,full_time,partnered_no_child,renting
835,25,2017,inactive_care,partnered_no_child,renting
835,26,2018,inactive_care,partnered_no_child,renting
835,27,2019,part_time,partnered_no_child,renting
835,28,2020,part_time,partnered_no_child,renting
835,29,2021,full_time,partnered_no_child,renting
835,30,2022,full_time,partnered_with_child,owner_occupied
836,18,2011,education,single_no_child,parental_home
836,19,2012,education,single_no_child,parental_home
836,20,2013,education,single_no_child,parental_home
836,21,2014,full_time,single_no_child,parental_home
836,22,2015,full_time,partnered_no_child,parental_home
836,23,2016,full_time,partnered_no_child,parental_home
836,24,2017,full_time,partnered_no_child,parental_home
836,25,2018,inactive_care,partnered_no_child,parental_home
836,26,2019,inactive_care,partnered_no_child,parental_home
836,27,2020,part_time,partnered_no_child,parental_home
836,28,2021,unemployed,partnered_no_child,parental_home
836,29,2022,full_time,partnered_no_child,renting
836,30,2023,full_time,partnered_no_child,renting
837,18,2012,education,single_no_child,parental_home
837,19,2013,education,single_no_child,parental_home
837,20,2014,full_time,single_no_child,parental_home
837,21,2015,full_time,single_no_child,parental_home
837,22,2016,full_time,single_no_child,renting
837,23,2017,full_time,single_no_child,renting
837,24,2018,full_time,single_no_child,renting
837,25,2019,full_time,single_no_child,renting
837,26,2020,full_time,single_no_child,renting
837,27,2021,full_time,single_no_child,renting
837,28,2022,part_time,partnered_with_child,renting
837,29,2023,full_time,partnered_with_child,renting
837,30,2024,full_time,partnered_with_child,renting
838,18,2010,education,single_no_child,other_temporary
838,19,2011,education,single_no_child,other_temporary
838,20,2012,education,single_no_child,renting
838,21,2013,full_time,single_no_child,renting
838,22,2014,full_time,single_no_child,renting
838,23,2015,full_time,single_no_child,renting
838,24,2016,full_time,single_no_child,renting
838,25,2017,inactive_care,single_no_child,renting
838,26,2018,inactive_care,partnered_no_child,renting
838,27,2019,part_time,partnered_no_child,renting
838,28,2020,part_time,partnered_no_child,renting
838,29,2021,full_time,partnered_no_child,renting
838,30,2022,education,partnered_no_child,renting
839,18,2009,unemployed,single_no_child,parental_home
839,19,2010,education,single_no_child,renting
839,20,2011,part_time,single_no_child,renting
839,21,2012,education,single_no_child,renting
839,22,2013,education,single_no_child,renting
839,23,2014,full_time,single_no_child,renting
839,24,2015,full_time,single_no_child,renting
839,25,2016,full_time,single_no_child,renting
839,26,2017,full_time,single_no_child,renting
839,27,2018,full_time,partnered_with_child,renting
839,28,2019,full_time,partnered_with_child,owner_occupied
839,29,2020,full_time,partnered_with_child,owner_occupied
839,30,2021,full_time,partnered_with_child,owner_occupied
840,18,2008,education,single_no_child,parental_home
840,19,2009,part_time,single_no_child,parental_home
840,20,2010,unemployed,single_no_child,parental_home
840,21,2011,part_time,single_no_child,parental_home
840,22,2012,full_time,single_no_child,renting
840,23,2013,unemployed,single_no_child,renting
840,24,2014,full_time,partnered_no_child,renting
840,25,2015,part_time,partnered_with_child,renting
840,26,2016,unemployed,partnered_with_child,renting
840,27,2017,full_time,partnered_with_child,renting
840,28,2018,part_time,partnered_with_child,renting
840,29,2019,full_time,partnered_with_child,renting
840,30,2020,full_time,partnered_with_child,renting
841,18,2008,education,single_no_child,parental_home
841,19,2009,education,single_no_child,parental_home
841,20,2010,unemployed,single_no_child,parental_home
841,21,2011,part_time,single_no_child,parental_home
841,22,2012,full_time,single_no_child,parental_home
841,23,2013,unemployed,single_no_child,parental_home
841,24,2014,full_time,single_no_child,renting
841,25,2015,part_time,single_no_child,renting
841,26,2016,unemployed,single_no_child,renting
841,27,2017,full_time,partnered_no_child,renting
841,28,2018,part_time,partnered_no_child,renting
841,29,2019,full_time,partnered_no_child,renting
841,30,2020,inactive_care,partnered_no_child,renting
842,18,2011,education,single_no_child,parental_home
842,19,2012,education,single_no_child,parental_home
842,20,2013,education,single_no_child,parental_home
842,21,2014,full_time,single_no_child,parental_home
842,22,2015,full_time,single_no_child,parental_home
842,23,2016,full_time,single_no_child,parental_home
842,24,2017,full_time,single_no_child,parental_home
842,25,2018,inactive_care,single_no_child,parental_home
842,26,2019,inactive_care,single_parent,renting
842,27,2020,part_time,single_parent,renting
842,28,2021,part_time,single_parent,renting
842,29,2022,full_time,partnered_with_child,renting
842,30,2023,full_time,partnered_with_child,owner_occupied
843,18,2008,education,single_no_child,parental_home
843,19,2009,education,single_no_child,parental_home
843,20,2010,part_time,partnered_no_child,parental_home
843,21,2011,education,partnered_no_child,renting
843,22,2012,education,partnered_no_child,renting
843,23,2013,full_time,partnered_with_child,renting
843,24,2014,full_time,partnered_with_child,renting
843,25,2015,part_time,partnered_with_child,renting
843,26,2016,full_time,partnered_with_child,renting
843,27,2017,full_time,partnered_with_child,renting
843,28,2018,full_time,partnered_with_child,owner_occupied
843,29,2019,full_time,partnered_with_child,owner_occupied
843,30,2020,full_time,partnered_with_child,owner_occupied
844,18,2012,education,single_no_child,parental_home
844,19,2013,education,single_no_child,parental_home
844,20,2014,education,single_no_child,renting
844,21,2015,full_time,single_no_child,renting
844,22,2016,full_time,single_no_child,renting
844,23,2017,full_time,single_no_child,renting
844,24,2018,full_time,single_no_child,renting
844,25,2019,inactive_care,single_no_child,renting
844,26,2020,part_time,single_no_child,renting
844,27,2021,part_time,single_no_child,renting
844,28,2022,part_time,partnered_no_child,renting
844,29,2023,full_time,partnered_no_child,renting
844,30,2024,full_time,partnered_no_child,renting
845,18,2010,education,single_no_child,parental_home
845,19,2011,education,single_no_child,parental_home
845,20,2012,unemployed,single_no_child,parental_home
845,21,2013,part_time,single_no_child,parental_home
845,22,2014,full_time,single_no_child,parental_home
845,23,2015,unemployed,partnered_no_child,parental_home
845,24,2016,full_time,partnered_no_child,parental_home
845,25,2017,full_time,partnered_no_child,renting
845,26,2018,unemployed,partnered_no_child,renting
845,27,2019,full_time,partnered_no_child,renting
845,28,2020,part_time,partnered_no_child,renting
845,29,2021,full_time,single_no_child,renting
845,30,2022,full_time,single_no_child,renting
846,18,2009,unemployed,single_no_child,parental_home
846,19,2010,education,single_no_child,parental_home
846,20,2011,education,single_no_child,parental_home
846,21,2012,full_time,single_no_child,parental_home
846,22,2013,full_time,single_no_child,renting
846,23,2014,inactive_care,single_no_child,renting
846,24,2015,full_time,single_no_child,renting
846,25,2016,inactive_care,single_no_child,renting
846,26,2017,inactive_care,single_no_child,renting
846,27,2018,part_time,single_parent,renting
846,28,2019,part_time,partnered_with_child,renting
846,29,2020,full_time,partnered_with_child,owner_occupied
846,30,2021,part_time,partnered_with_child,owner_occupied
847,18,2010,education,single_no_child,renting
847,19,2011,part_time,single_no_child,renting
847,20,2012,inactive_care,single_no_child,renting
847,21,2013,part_time,partnered_no_child,renting
847,22,2014,full_time,partnered_no_child,renting
847,23,2015,unemployed,partnered_no_child,renting
847,24,2016,full_time,partnered_with_child,renting
847,25,2017,part_time,partnered_with_child,renting
847,26,2018,unemployed,partnered_with_child,renting
847,27,2019,full_time,partnered_with_child,owner_occupied
847,28,2020,part_time,partnered_with_child,owner_occupied
847,29,2021,full_time,single_parent,owner_occupied
847,30,2022,full_time,single_parent,owner_occupied
848,18,2009,education,single_no_child,parental_home
848,19,2010,education,single_no_child,parental_home
848,20,2011,education,partnered_no_child,renting
848,21,2012,education,partnered_no_child,renting
848,22,2013,education,partnered_no_child,renting
848,23,2014,unemployed,partnered_no_child,renting
848,24,2015,full_time,partnered_no_child,renting
848,25,2016,full_time,partnered_no_child,renting
848,26,2017,full_time,partnered_no_child,renting
848,27,2018,unemployed,partnered_no_child,renting
848,28,2019,full_time,partnered_no_child,renting
848,29,2020,full_time,partnered_no_child,renting
848,30,2021,unemployed,partnered_no_child,renting
849,18,2012,education,single_no_child,parental_home
849,19,2013,education,single_no_child,renting
849,20,2014,unemployed,single_no_child,renting
849,21,2015,part_time,single_no_child,renting
849,22,2016,education,partnered_no_child,renting
849,23,2017,full_time,partnered_no_child,renting
849,24,2018,full_time,partnered_no_child,renting
849,25,2019,full_time,partnered_no_child,renting
849,26,2020,part_time,partnered_no_child,renting
849,27,2021,full_time,partnered_no_child,renting
849,28,2022,full_time,partnered_no_child,renting
849,29,2023,full_time,partnered_with_child,renting
849,30,2024,full_time,partnered_with_child,renting
850,18,2011,education,single_no_child,parental_home
850,19,2012,unemployed,single_no_child,parental_home
850,20,2013,unemployed,single_no_child,parental_home
850,21,2014,part_time,single_no_child,renting
850,22,2015,full_time,single_no_child,renting
850,23,2016,unemployed,single_no_child,renting
850,24,2017,full_time,partnered_no_child,renting
850,25,2018,part_time,partnered_no_child,renting
850,26,2019,unemployed,partnered_no_child,renting
850,27,2020,full_time,partnered_no_child,renting
850,28,2021,part_time,partnered_no_child,renting
850,29,2022,inactive_care,partnered_no_child,renting
850,30,2023,part_time,partnered_no_child,renting
851,18,2012,education,single_no_child,parental_home
851,19,2013,education,single_no_child,parental_home
851,20,2014,education,single_no_child,parental_home
851,21,2015,education,single_no_child,parental_home
851,22,2016,education,single_no_child,renting
851,23,2017,full_time,single_no_child,renting
851,24,2018,full_time,single_no_child,renting
851,25,2019,full_time,single_no_child,renting
851,26,2020,full_time,single_no_child,renting
851,27,2021,full_time,single_no_child,renting
851,28,2022,full_time,single_no_child,renting
851,29,2023,full_time,single_no_child,renting
851,30,2024,full_time,single_parent,renting
852,18,2009,education,single_no_child,parental_home
852,19,2010,education,single_no_child,parental_home
852,20,2011,unemployed,single_no_child,parental_home
852,21,2012,part_time,single_no_child,parental_home
852,22,2013,education,single_no_child,parental_home
852,23,2014,full_time,single_no_child,parental_home
852,24,2015,full_time,single_no_child,renting
852,25,2016,full_time,single_no_child,renting
852,26,2017,full_time,single_no_child,renting
852,27,2018,full_time,partnered_with_child,owner_occupied
852,28,2019,full_time,partnered_with_child,owner_occupied
852,29,2020,unemployed,partnered_with_child,owner_occupied
852,30,2021,full_time,partnered_with_child,owner_occupied
853,18,2012,education,single_no_child,parental_home
853,19,2013,education,single_no_child,parental_home
853,20,2014,education,single_no_child,parental_home
853,21,2015,education,single_no_child,parental_home
853,22,2016,education,single_parent,parental_home
853,23,2017,part_time,single_parent,renting
853,24,2018,full_time,single_parent,renting
853,25,2019,full_time,single_parent,renting
853,26,2020,full_time,single_parent,renting
853,27,2021,full_time,single_parent,renting
853,28,2022,full_time,single_parent,renting
853,29,2023,full_time,single_parent,renting
853,30,2024,full_time,single_parent,renting
854,18,2008,education,single_no_child,parental_home
854,19,2009,education,single_no_child,parental_home
854,20,2010,education,single_no_child,parental_home
854,21,2011,full_time,single_no_child,parental_home
854,22,2012,full_time,partnered_no_child,parental_home
854,23,2013,full_time,partnered_no_child,parental_home
854,24,2014,full_time,partnered_no_child,parental_home
854,25,2015,inactive_care,partnered_no_child,parental_home
854,26,2016,inactive_care,partnered_no_child,parental_home
854,27,2017,part_time,partnered_no_child,renting
854,28,2018,part_time,partnered_no_child,renting
854,29,2019,unemployed,partnered_no_child,renting
854,30,2020,full_time,partnered_with_child,renting
855,18,2010,education,single_no_child,parental_home
855,19,2011,education,single_no_child,parental_home
855,20,2012,education,single_no_child,parental_home
855,21,2013,education,single_no_child,parental_home
855,22,2014,education,partnered_no_child,parental_home
855,23,2015,full_time,partnered_no_child,renting
855,24,2016,full_time,partnered_no_child,renting
855,25,2017,full_time,partnered_no_child,renting
855,26,2018,full_time,partnered_no_child,renting
855,27,2019,full_time,partnered_no_child,renting
855,28,2020,full_time,partnered_no_child,renting
855,29,2021,full_time,single_no_child,renting
855,30,2022,full_time,single_parent,renting
856,18,2012,education,single_no_child,parental_home
856,19,2013,education,single_no_child,parental_home
856,20,2014,education,partnered_no_child,parental_home
856,21,2015,full_time,partnered_no_child,parental_home
856,22,2016,unemployed,partnered_no_child,parental_home
856,23,2017,part_time,partnered_no_child,parental_home
856,24,2018,part_time,partnered_no_child,parental_home
856,25,2019,full_time,partnered_no_child,parental_home
856,26,2020,full_time,partnered_no_child,parental_home
856,27,2021,unemployed,partnered_no_child,renting
856,28,2022,full_time,partnered_no_child,renting
856,29,2023,part_time,partnered_no_child,renting
856,30,2024,full_time,partnered_no_child,owner_occupied
857,18,2010,education,single_no_child,other_temporary
857,19,2011,education,single_no_child,renting
857,20,2012,unemployed,single_no_child,renting
857,21,2013,part_time,single_no_child,renting
857,22,2014,full_time,single_no_child,renting
857,23,2015,unemployed,single_no_child,renting
857,24,2016,full_time,single_parent,renting
857,25,2017,part_time,single_parent,renting
857,26,2018,unemployed,single_parent,renting
857,27,2019,full_time,single_parent,renting
857,28,2020,part_time,single_parent,renting
857,29,2021,full_time,single_parent,renting
857,30,2022,education,single_parent,renting
858,18,2009,full_time,single_no_child,parental_home
858,19,2010,education,single_no_child,parental_home
858,20,2011,education,single_no_child,parental_home
858,21,2012,education,single_no_child,parental_home
858,22,2013,education,partnered_no_child,renting
858,23,2014,full_time,partnered_no_child,renting
858,24,2015,full_time,partnered_no_child,renting
858,25,2016,full_time,partnered_no_child,renting
858,26,2017,full_time,partnered_no_child,renting
858,27,2018,full_time,partnered_no_child,renting
858,28,2019,full_time,partnered_no_child,renting
858,29,2020,full_time,partnered_no_child,renting
858,30,2021,full_time,partnered_no_child,renting
859,18,2012,education,single_no_child,parental_home
859,19,2013,education,single_no_child,parental_home
859,20,2014,education,single_no_child,parental_home
859,21,2015,education,single_no_child,parental_home
859,22,2016,education,single_no_child,parental_home
859,23,2017,full_time,single_no_child,parental_home
859,24,2018,part_time,partnered_no_child,parental_home
859,25,2019,full_time,partnered_no_child,parental_home
859,26,2020,full_time,partnered_no_child,renting
859,27,2021,full_time,partnered_no_child,renting
859,28,2022,full_time,partnered_no_child,renting
859,29,2023,full_time,partnered_no_child,renting
859,30,2024,full_time,partnered_with_child,renting
860,18,2011,education,single_no_child,parental_home
860,19,2012,education,single_no_child,parental_home
860,20,2013,education,single_no_child,parental_home
860,21,2014,unemployed,single_no_child,parental_home
860,22,2015,full_time,single_parent,parental_home
860,23,2016,full_time,partnered_with_child,parental_home
860,24,2017,full_time,partnered_with_child,parental_home
860,25,2018,inactive_care,partnered_with_child,parental_home
860,26,2019,inactive_care,partnered_with_child,parental_home
860,27,2020,part_time,partnered_with_child,parental_home
860,28,2021,unemployed,partnered_with_child,parental_home
860,29,2022,full_time,partnered_with_child,parental_home
860,30,2023,full_time,partnered_with_child,other_temporary
861,18,2008,education,single_no_child,parental_home
861,19,2009,education,single_no_child,parental_home
861,20,2010,education,single_no_child,parental_home
861,21,2011,education,single_no_child,parental_home
861,22,2012,education,single_no_child,parental_home
861,23,2013,part_time,single_no_child,parental_home
861,24,2014,full_time,single_no_child,parental_home
861,25,2015,full_time,single_no_child,renting
861,26,2016,full_time,single_no_child,renting
861,27,2017,full_time,single_no_child,owner_occupied
861,28,2018,full_time,single_no_child,owner_occupied
861,29,2019,full_time,single_no_child,owner_occupied
861,30,2020,full_time,single_no_child,owner_occupied
862,18,2012,education,single_no_child,parental_home
862,19,2013,education,single_no_child,parental_home
862,20,2014,unemployed,single_no_child,parental_home
862,21,2015,full_time,single_no_child,renting
862,22,2016,unemployed,single_no_child,renting
862,23,2017,full_time,single_no_child,renting
862,24,2018,full_time,partnered_with_child,renting
862,25,2019,full_time,partnered_with_child,renting
862,26,2020,full_time,partnered_with_child,renting
862,27,2021,full_time,partnered_with_child,renting
862,28,2022,full_time,partnered_with_child,renting
862,29,2023,full_time,partnered_with_child,renting
862,30,2024,full_time,partnered_with_child,renting
863,18,2011,education,single_no_child,renting
863,19,2012,education,single_no_child,renting
863,20,2013,full_time,partnered_no_child,renting
863,21,2014,full_time,partnered_no_child,renting
863,22,2015,full_time,partnered_no_child,renting
863,23,2016,full_time,partnered_with_child,renting
863,24,2017,full_time,partnered_with_child,renting
863,25,2018,full_time,partnered_with_child,renting
863,26,2019,full_time,partnered_with_child,renting
863,27,2020,full_time,partnered_with_child,renting
863,28,2021,full_time,partnered_with_child,renting
863,29,2022,full_time,partnered_with_child,renting
863,30,2023,full_time,partnered_with_child,renting
864,18,2012,education,partnered_no_child,parental_home
864,19,2013,education,partnered_no_child,parental_home
864,20,2014,education,single_no_child,other_temporary
864,21,2015,unemployed,single_no_child,other_temporary
864,22,2016,unemployed,partnered_no_child,other_temporary
864,23,2017,part_time,partnered_no_child,other_temporary
864,24,2018,part_time,partnered_no_child,renting
864,25,2019,full_time,partnered_no_child,renting
864,26,2020,full_time,partnered_with_child,renting
864,27,2021,full_time,partnered_with_child,renting
864,28,2022,full_time,partnered_with_child,renting
864,29,2023,full_time,partnered_with_child,renting
864,30,2024,full_time,partnered_with_child,renting
865,18,2012,education,single_no_child,parental_home
865,19,2013,education,single_no_child,parental_home
865,20,2014,education,single_no_child,parental_home
865,21,2015,full_time,single_no_child,parental_home
865,22,2016,full_time,single_no_child,parental_home
865,23,2017,full_time,single_no_child,renting
865,24,2018,unemployed,single_no_child,renting
865,25,2019,inactive_care,partnered_no_child,renting
865,26,2020,inactive_care,partnered_no_child,renting
865,27,2021,part_time,partnered_no_child,renting
865,28,2022,part_time,partnered_no_child,renting
865,29,2023,full_time,partnered_no_child,renting
865,30,2024,full_time,partnered_no_child,renting
866,18,2010,education,single_no_child,parental_home
866,19,2011,education,single_no_child,parental_home
866,20,2012,education,single_no_child,parental_home
866,21,2013,unemployed,single_no_child,parental_home
866,22,2014,inactive_care,single_no_child,parental_home
866,23,2015,part_time,partnered_no_child,renting
866,24,2016,part_time,partnered_no_child,renting
866,25,2017,full_time,partnered_with_child,renting
866,26,2018,full_time,partnered_with_child,renting
866,27,2019,full_time,partnered_with_child,renting
866,28,2020,full_time,partnered_with_child,renting
866,29,2021,full_time,partnered_with_child,renting
866,30,2022,full_time,single_parent,renting
867,18,2009,education,single_no_child,parental_home
867,19,2010,education,partnered_no_child,parental_home
867,20,2011,education,partnered_no_child,renting
867,21,2012,full_time,partnered_no_child,renting
867,22,2013,full_time,partnered_no_child,renting
867,23,2014,full_time,partnered_no_child,renting
867,24,2015,full_time,partnered_no_child,renting
867,25,2016,inactive_care,partnered_with_child,renting
867,26,2017,inactive_care,partnered_with_child,renting
867,27,2018,part_time,partnered_with_child,renting
867,28,2019,part_time,partnered_with_child,renting
867,29,2020,full_time,partnered_with_child,renting
867,30,2021,full_time,partnered_with_child,renting
868,18,2008,education,single_no_child,renting
868,19,2009,education,single_no_child,renting
868,20,2010,unemployed,single_no_child,renting
868,21,2011,part_time,single_no_child,renting
868,22,2012,full_time,single_no_child,renting
868,23,2013,unemployed,partnered_no_child,renting
868,24,2014,full_time,partnered_no_child,renting
868,25,2015,part_time,partnered_no_child,renting
868,26,2016,unemployed,partnered_no_child,renting
868,27,2017,full_time,partnered_no_child,renting
868,28,2018,part_time,partnered_no_child,renting
868,29,2019,full_time,partnered_no_child,renting
868,30,2020,inactive_care,partnered_no_child,renting
869,18,2009,education,single_no_child,parental_home
869,19,2010,education,single_no_child,parental_home
869,20,2011,education,single_no_child,parental_home
869,21,2012,full_time,single_no_child,parental_home
869,22,2013,full_time,single_no_child,parental_home
869,23,2014,full_time,single_no_child,parental_home
869,24,2015,full_time,single_no_child,parental_home
869,25,2016,inactive_care,single_no_child,parental_home
869,26,2017,inactive_care,single_no_child,parental_home
869,27,2018,part_time,single_parent,parental_home
869,28,2019,part_time,single_parent,renting
869,29,2020,full_time,single_parent,renting
869,30,2021,full_time,single_parent,owner_occupied
870,18,2009,education,single_no_child,parental_home
870,19,2010,education,single_no_child,parental_home
870,20,2011,education,single_no_child,parental_home
870,21,2012,part_time,partnered_no_child,parental_home
870,22,2013,full_time,partnered_no_child,parental_home
870,23,2014,full_time,partnered_no_child,parental_home
870,24,2015,full_time,partnered_no_child,parental_home
870,25,2016,inactive_care,partnered_no_child,parental_home
870,26,2017,inactive_care,partnered_no_child,renting
870,27,2018,part_time,partnered_no_child,renting
870,28,2019,part_time,partnered_no_child,renting
870,29,2020,full_time,partnered_no_child,renting
870,30,2021,full_time,partnered_no_child,renting
871,18,2011,education,single_no_child,parental_home
871,19,2012,education,single_no_child,parental_home
871,20,2013,education,single_no_child,parental_home
871,21,2014,education,single_no_child,parental_home
871,22,2015,education,single_no_child,renting
871,23,2016,full_time,single_no_child,renting
871,24,2017,full_time,partnered_no_child,renting
871,25,2018,part_time,single_no_child,renting
871,26,2019,full_time,single_no_child,renting
871,27,2020,full_time,single_no_child,owner_occupied
871,28,2021,full_time,single_parent,owner_occupied
871,29,2022,full_time,single_parent,owner_occupied
871,30,2023,full_time,single_parent,owner_occupied
872,18,2009,education,partnered_no_child,renting
872,19,2010,education,partnered_no_child,renting
872,20,2011,education,partnered_no_child,renting
872,21,2012,full_time,partnered_with_child,renting
872,22,2013,full_time,partnered_with_child,renting
872,23,2014,full_time,partnered_with_child,renting
872,24,2015,full_time,partnered_with_child,owner_occupied
872,25,2016,inactive_care,partnered_with_child,owner_occupied
872,26,2017,inactive_care,partnered_with_child,owner_occupied
872,27,2018,part_time,partnered_with_child,owner_occupied
872,28,2019,part_time,partnered_with_child,owner_occupied
872,29,2020,full_time,partnered_with_child,owner_occupied
872,30,2021,full_time,partnered_with_child,owner_occupied
873,18,2011,education,partnered_no_child,parental_home
873,19,2012,unemployed,partnered_no_child,parental_home
873,20,2013,unemployed,partnered_no_child,parental_home
873,21,2014,unemployed,partnered_no_child,renting
873,22,2015,part_time,partnered_no_child,renting
873,23,2016,unemployed,partnered_no_child,renting
873,24,2017,unemployed,partnered_no_child,renting
873,25,2018,inactive_care,partnered_no_child,renting
873,26,2019,unemployed,partnered_with_child,renting
873,27,2020,part_time,partnered_with_child,renting
873,28,2021,inactive_care,partnered_with_child,renting
873,29,2022,full_time,partnered_with_child,renting
873,30,2023,part_time,partnered_with_child,renting
874,18,2012,education,single_no_child,parental_home
874,19,2013,education,single_no_child,parental_home
874,20,2014,education,partnered_no_child,parental_home
874,21,2015,full_time,partnered_no_child,parental_home
874,22,2016,full_time,partnered_no_child,renting
874,23,2017,full_time,partnered_no_child,renting
874,24,2018,full_time,partnered_no_child,renting
874,25,2019,inactive_care,partnered_no_child,renting
874,26,2020,inactive_care,partnered_no_child,renting
874,27,2021,part_time,partnered_no_child,renting
874,28,2022,part_time,partnered_no_child,renting
874,29,2023,full_time,partnered_with_child,renting
874,30,2024,full_time,partnered_with_child,renting
875,18,2008,education,single_no_child,parental_home
875,19,2009,education,single_no_child,parental_home
875,20,2010,education,single_no_child,parental_home
875,21,2011,unemployed,single_no_child,parental_home
875,22,2012,unemployed,single_no_child,parental_home
875,23,2013,part_time,single_no_child,parental_home
875,24,2014,part_time,single_no_child,parental_home
875,25,2015,inactive_care,single_no_child,parental_home
875,26,2016,full_time,single_no_child,parental_home
875,27,2017,full_time,single_no_child,renting
875,28,2018,full_time,partnered_no_child,renting
875,29,2019,full_time,partnered_no_child,renting
875,30,2020,full_time,partnered_no_child,renting
876,18,2009,education,single_no_child,parental_home
876,19,2010,education,single_no_child,parental_home
876,20,2011,education,single_no_child,parental_home
876,21,2012,education,single_no_child,parental_home
876,22,2013,education,single_no_child,parental_home
876,23,2014,full_time,single_no_child,parental_home
876,24,2015,full_time,single_no_child,parental_home
876,25,2016,full_time,single_no_child,renting
876,26,2017,full_time,single_no_child,renting
876,27,2018,full_time,single_parent,renting
876,28,2019,full_time,single_parent,renting
876,29,2020,full_time,partnered_with_child,renting
876,30,2021,full_time,partnered_with_child,owner_occupied
877,18,2010,education,single_no_child,renting
877,19,2011,education,single_no_child,renting
877,20,2012,full_time,single_no_child,renting
877,21,2013,part_time,single_no_child,renting
877,22,2014,full_time,single_no_child,renting
877,23,2015,full_time,single_no_child,renting
877,24,2016,full_time,single_no_child,renting
877,25,2017,part_time,single_no_child,renting
877,26,2018,full_time,single_no_child,renting
877,27,2019,full_time,single_no_child,renting
877,28,2020,full_time,single_no_child,renting
877,29,2021,full_time,single_no_child,renting
877,30,2022,full_time,single_no_child,owner_occupied
878,18,2009,education,single_no_child,renting
878,19,2010,education,single_no_child,renting
878,20,2011,education,single_no_child,renting
878,21,2012,full_time,single_no_child,renting
878,22,2013,full_time,single_no_child,renting
878,23,2014,unemployed,single_no_child,renting
878,24,2015,full_time,single_no_child,renting
878,25,2016,inactive_care,single_no_child,renting
878,26,2017,inactive_care,single_no_child,renting
878,27,2018,part_time,single_no_child,renting
878,28,2019,part_time,single_no_child,renting
878,29,2020,full_time,single_no_child,renting
878,30,2021,full_time,partnered_no_child,renting
879,18,2012,education,single_no_child,renting
879,19,2013,education,single_no_child,renting
879,20,2014,education,single_no_child,renting
879,21,2015,education,single_no_child,renting
879,22,2016,education,single_no_child,renting
879,23,2017,full_time,single_no_child,renting
879,24,2018,full_time,single_no_child,renting
879,25,2019,full_time,single_no_child,renting
879,26,2020,part_time,partnered_no_child,renting
879,27,2021,full_time,partnered_with_child,renting
879,28,2022,full_time,partnered_with_child,renting
879,29,2023,full_time,partnered_with_child,renting
879,30,2024,full_time,partnered_with_child,renting
880,18,2010,education,single_no_child,renting
880,19,2011,education,single_no_child,renting
880,20,2012,full_time,single_no_child,renting
880,21,2013,full_time,single_no_child,renting
880,22,2014,full_time,single_no_child,renting
880,23,2015,full_time,single_no_child,renting
880,24,2016,full_time,single_parent,renting
880,25,2017,inactive_care,single_parent,renting
880,26,2018,inactive_care,single_parent,renting
880,27,2019,part_time,partnered_with_child,renting
880,28,2020,part_time,partnered_with_child,renting
880,29,2021,full_time,partnered_with_child,renting
880,30,2022,full_time,partnered_with_child,owner_occupied
881,18,2009,education,single_no_child,other_temporary
881,19,2010,unemployed,single_no_child,other_temporary
881,20,2011,unemployed,single_no_child,other_temporary
881,21,2012,unemployed,single_no_child,other_temporary
881,22,2013,part_time,single_no_child,other_temporary
881,23,2014,full_time,single_no_child,other_temporary
881,24,2015,unemployed,single_no_child,renting
881,25,2016,inactive_care,single_no_child,renting
881,26,2017,unemployed,single_no_child,renting
881,27,2018,part_time,single_no_child,renting
881,28,2019,unemployed,single_no_child,renting
881,29,2020,full_time,single_no_child,renting
881,30,2021,full_time,single_no_child,renting
882,18,2008,education,single_no_child,renting
882,19,2009,education,single_no_child,renting
882,20,2010,education,single_no_child,renting
882,21,2011,unemployed,single_no_child,renting
882,22,2012,unemployed,single_no_child,renting
882,23,2013,part_time,partnered_no_child,renting
882,24,2014,part_time,partnered_no_child,renting
882,25,2015,full_time,partnered_no_child,renting
882,26,2016,full_time,partnered_no_child,renting
882,27,2017,full_time,partnered_no_child,renting
882,28,2018,full_time,partnered_no_child,renting
882,29,2019,part_time,partnered_no_child,renting
882,30,2020,full_time,partnered_no_child,renting
883,18,2009,education,single_no_child,renting
883,19,2010,education,single_no_child,renting
883,20,2011,education,single_no_child,renting
883,21,2012,education,single_no_child,renting
883,22,2013,education,single_no_child,renting
883,23,2014,full_time,single_no_child,renting
883,24,2015,full_time,single_no_child,renting
883,25,2016,full_time,single_parent,renting
883,26,2017,full_time,single_parent,renting
883,27,2018,part_time,single_parent,renting
883,28,2019,full_time,single_parent,renting
883,29,2020,full_time,partnered_with_child,renting
883,30,2021,full_time,partnered_with_child,renting
884,18,2012,education,single_no_child,parental_home
884,19,2013,education,single_no_child,parental_home
884,20,2014,education,single_no_child,parental_home
884,21,2015,full_time,partnered_with_child,parental_home
884,22,2016,full_time,partnered_with_child,renting
884,23,2017,full_time,partnered_with_child,renting
884,24,2018,full_time,partnered_with_child,renting
884,25,2019,inactive_care,partnered_with_child,renting
884,26,2020,inactive_care,partnered_with_child,renting
884,27,2021,part_time,partnered_with_child,renting
884,28,2022,part_time,partnered_with_child,renting
884,29,2023,full_time,partnered_with_child,renting
884,30,2024,full_time,partnered_with_child,renting
885,18,2010,education,single_no_child,renting
885,19,2011,education,single_no_child,renting
885,20,2012,education,single_no_child,renting
885,21,2013,unemployed,partnered_no_child,renting
885,22,2014,unemployed,partnered_no_child,renting
885,23,2015,part_time,partnered_with_child,renting
885,24,2016,part_time,partnered_with_child,renting
885,25,2017,full_time,partnered_with_child,renting
885,26,2018,full_time,partnered_with_child,renting
885,27,2019,full_time,partnered_with_child,renting
885,28,2020,full_time,partnered_with_child,renting
885,29,2021,full_time,partnered_with_child,renting
885,30,2022,full_time,single_parent,renting
886,18,2012,education,partnered_no_child,renting
886,19,2013,education,partnered_no_child,renting
886,20,2014,part_time,partnered_no_child,renting
886,21,2015,unemployed,partnered_no_child,renting
886,22,2016,part_time,partnered_no_child,renting
886,23,2017,part_time,partnered_no_child,renting
886,24,2018,part_time,partnered_no_child,renting
886,25,2019,full_time,partnered_with_child,renting
886,26,2020,full_time,partnered_with_child,renting
886,27,2021,unemployed,partnered_with_child,renting
886,28,2022,full_time,partnered_with_child,renting
886,29,2023,full_time,partnered_with_child,renting
886,30,2024,full_time,partnered_with_child,renting
887,18,2010,education,single_no_child,parental_home
887,19,2011,education,single_no_child,parental_home
887,20,2012,education,single_no_child,renting
887,21,2013,full_time,single_no_child,renting
887,22,2014,education,single_no_child,renting
887,23,2015,full_time,single_no_child,renting
887,24,2016,full_time,single_no_child,renting
887,25,2017,full_time,single_parent,renting
887,26,2018,full_time,single_parent,renting
887,27,2019,full_time,single_parent,renting
887,28,2020,unemployed,partnered_with_child,renting
887,29,2021,full_time,partnered_with_child,renting
887,30,2022,full_time,partnered_with_child,renting
888,18,2012,education,single_no_child,other_temporary
888,19,2013,education,single_no_child,other_temporary
888,20,2014,full_time,single_no_child,renting
888,21,2015,full_time,single_no_child,renting
888,22,2016,full_time,single_no_child,renting
888,23,2017,full_time,single_no_child,renting
888,24,2018,full_time,partnered_no_child,renting
888,25,2019,full_time,partnered_no_child,renting
888,26,2020,full_time,partnered_with_child,renting
888,27,2021,full_time,partnered_with_child,renting
888,28,2022,full_time,partnered_with_child,renting
888,29,2023,full_time,partnered_with_child,renting
888,30,2024,full_time,partnered_with_child,renting
889,18,2012,education,single_no_child,parental_home
889,19,2013,education,single_no_child,parental_home
889,20,2014,unemployed,single_no_child,parental_home
889,21,2015,part_time,single_no_child,other_temporary
889,22,2016,full_time,single_no_child,renting
889,23,2017,unemployed,single_no_child,renting
889,24,2018,full_time,single_no_child,renting
889,25,2019,part_time,single_no_child,renting
889,26,2020,part_time,single_no_child,renting
889,27,2021,full_time,single_no_child,renting
889,28,2022,part_time,single_no_child,renting
889,29,2023,full_time,single_no_child,renting
889,30,2024,unemployed,single_no_child,renting
890,18,2011,education,single_no_child,other_temporary
890,19,2012,education,single_no_child,other_temporary
890,20,2013,unemployed,single_no_child,other_temporary
890,21,2014,part_time,single_no_child,other_temporary
890,22,2015,full_time,single_no_child,other_temporary
890,23,2016,part_time,single_no_child,renting
890,24,2017,full_time,single_no_child,renting
890,25,2018,part_time,single_no_child,renting
890,26,2019,full_time,single_no_child,renting
890,27,2020,full_time,single_no_child,renting
890,28,2021,part_time,single_no_child,renting
890,29,2022,full_time,single_no_child,renting
890,30,2023,part_time,single_parent,renting
891,18,2010,education,single_no_child,parental_home
891,19,2011,education,single_no_child,parental_home
891,20,2012,education,single_no_child,parental_home
891,21,2013,education,single_no_child,parental_home
891,22,2014,education,single_no_child,parental_home
891,23,2015,full_time,single_no_child,parental_home
891,24,2016,full_time,single_no_child,parental_home
891,25,2017,full_time,single_no_child,parental_home
891,26,2018,full_time,single_no_child,parental_home
891,27,2019,full_time,single_no_child,renting
891,28,2020,full_time,single_no_child,renting
891,29,2021,full_time,single_no_child,renting
891,30,2022,full_time,single_no_child,renting
892,18,2012,education,single_no_child,renting
892,19,2013,education,single_no_child,renting
892,20,2014,education,single_no_child,renting
892,21,2015,education,single_no_child,renting
892,22,2016,education,single_no_child,renting
892,23,2017,full_time,single_no_child,renting
892,24,2018,full_time,single_no_child,renting
892,25,2019,full_time,single_no_child,renting
892,26,2020,full_time,single_no_child,renting
892,27,2021,full_time,partnered_no_child,renting
892,28,2022,full_time,partnered_no_child,renting
892,29,2023,full_time,partnered_no_child,renting
892,30,2024,full_time,partnered_no_child,renting
893,18,2011,education,single_no_child,parental_home
893,19,2012,unemployed,single_no_child,parental_home
893,20,2013,full_time,single_no_child,parental_home
893,21,2014,unemployed,single_no_child,renting
893,22,2015,full_time,single_no_child,renting
893,23,2016,unemployed,single_no_child,renting
893,24,2017,inactive_care,single_no_child,renting
893,25,2018,inactive_care,single_no_child,renting
893,26,2019,inactive_care,single_no_child,renting
893,27,2020,part_time,partnered_no_child,renting
893,28,2021,unemployed,partnered_no_child,renting
893,29,2022,full_time,partnered_no_child,renting
893,30,2023,part_time,partnered_no_child,renting
894,18,2012,education,single_no_child,renting
894,19,2013,education,single_no_child,renting
894,20,2014,full_time,single_no_child,renting
894,21,2015,full_time,single_no_child,renting
894,22,2016,full_time,single_no_child,renting
894,23,2017,full_time,partnered_with_child,renting
894,24,2018,full_time,partnered_with_child,renting
894,25,2019,full_time,partnered_with_child,owner_occupied
894,26,2020,full_time,partnered_with_child,owner_occupied
894,27,2021,full_time,partnered_with_child,owner_occupied
894,28,2022,full_time,single_parent,owner_occupied
894,29,2023,full_time,single_parent,owner_occupied
894,30,2024,full_time,single_parent,owner_occupied
895,18,2012,education,single_no_child,renting
895,19,2013,unemployed,single_no_child,renting
895,20,2014,unemployed,single_no_child,renting
895,21,2015,education,single_no_child,renting
895,22,2016,part_time,single_no_child,renting
895,23,2017,full_time,single_no_child,renting
895,24,2018,full_time,partnered_no_child,renting
895,25,2019,full_time,partnered_no_child,renting
895,26,2020,full_time,partnered_no_child,renting
895,27,2021,full_time,partnered_no_child,renting
895,28,2022,full_time,partnered_no_child,renting
895,29,2023,full_time,single_no_child,renting
895,30,2024,full_time,partnered_no_child,renting
896,18,2010,education,single_no_child,parental_home
896,19,2011,education,single_no_child,renting
896,20,2012,full_time,single_no_child,renting
896,21,2013,part_time,single_no_child,renting
896,22,2014,full_time,single_no_child,renting
896,23,2015,full_time,single_no_child,renting
896,24,2016,full_time,single_no_child,renting
896,25,2017,full_time,single_no_child,renting
896,26,2018,full_time,partnered_no_child,renting
896,27,2019,full_time,partnered_no_child,renting
896,28,2020,full_time,partnered_no_child,renting
896,29,2021,full_time,partnered_no_child,renting
896,30,2022,full_time,partnered_no_child,renting
897,18,2009,full_time,single_no_child,parental_home
897,19,2010,education,single_no_child,parental_home
897,20,2011,education,single_no_child,parental_home
897,21,2012,full_time,single_no_child,parental_home
897,22,2013,full_time,partnered_no_child,parental_home
897,23,2014,full_time,partnered_with_child,parental_home
897,24,2015,full_time,partnered_with_child,parental_home
897,25,2016,inactive_care,partnered_with_child,renting
897,26,2017,full_time,partnered_with_child,renting
897,27,2018,part_time,partnered_with_child,renting
897,28,2019,part_time,partnered_with_child,renting
897,29,2020,full_time,partnered_with_child,renting
897,30,2021,full_time,partnered_with_child,renting
898,18,2010,education,single_no_child,parental_home
898,19,2011,education,single_no_child,parental_home
898,20,2012,full_time,single_no_child,parental_home
898,21,2013,full_time,single_no_child,parental_home
898,22,2014,full_time,single_no_child,parental_home
898,23,2015,full_time,single_no_child,parental_home
898,24,2016,full_time,single_no_child,parental_home
898,25,2017,full_time,single_no_child,parental_home
898,26,2018,full_time,single_no_child,parental_home
898,27,2019,inactive_care,single_no_child,parental_home
898,28,2020,full_time,single_no_child,parental_home
898,29,2021,full_time,single_no_child,renting
898,30,2022,full_time,partnered_no_child,renting
899,18,2008,education,single_no_child,parental_home
899,19,2009,education,single_no_child,parental_home
899,20,2010,education,single_no_child,parental_home
899,21,2011,unemployed,single_no_child,parental_home
899,22,2012,unemployed,single_no_child,parental_home
899,23,2013,inactive_care,single_no_child,parental_home
899,24,2014,part_time,single_no_child,renting
899,25,2015,full_time,single_no_child,renting
899,26,2016,full_time,partnered_no_child,renting
899,27,2017,full_time,partnered_no_child,renting
899,28,2018,full_time,partnered_no_child,renting
899,29,2019,full_time,partnered_no_child,renting
899,30,2020,full_time,partnered_no_child,renting
900,18,2012,education,single_no_child,renting
900,19,2013,full_time,single_no_child,renting
900,20,2014,unemployed,single_no_child,renting
900,21,2015,inactive_care,partnered_with_child,renting
900,22,2016,part_time,partnered_with_child,renting
900,23,2017,unemployed,partnered_with_child,renting
900,24,2018,inactive_care,partnered_with_child,renting
900,25,2019,inactive_care,partnered_with_child,renting
900,26,2020,unemployed,partnered_with_child,renting
900,27,2021,part_time,partnered_with_child,renting
900,28,2022,unemployed,partnered_with_child,renting
900,29,2023,full_time,partnered_with_child,renting
900,30,2024,part_time,partnered_with_child,renting
901,18,2008,education,single_no_child,parental_home
901,19,2009,education,single_no_child,parental_home
901,20,2010,part_time,single_no_child,parental_home
901,21,2011,full_time,single_no_child,parental_home
901,22,2012,full_time,single_no_child,parental_home
901,23,2013,full_time,single_no_child,renting
901,24,2014,full_time,single_no_child,renting
901,25,2015,full_time,single_no_child,renting
901,26,2016,full_time,single_no_child,owner_occupied
901,27,2017,full_time,single_no_child,owner_occupied
901,28,2018,full_time,single_no_child,owner_occupied
901,29,2019,full_time,single_no_child,owner_occupied
901,30,2020,full_time,single_no_child,owner_occupied
902,18,2009,full_time,single_no_child,parental_home
902,19,2010,education,single_no_child,parental_home
902,20,2011,education,single_no_child,other_temporary
902,21,2012,education,single_no_child,other_temporary
902,22,2013,education,partnered_no_child,renting
902,23,2014,full_time,partnered_no_child,renting
902,24,2015,full_time,single_no_child,renting
902,25,2016,part_time,single_parent,renting
902,26,2017,full_time,single_parent,owner_occupied
902,27,2018,full_time,single_parent,owner_occupied
902,28,2019,full_time,single_parent,owner_occupied
902,29,2020,full_time,single_parent,owner_occupied
902,30,2021,full_time,partnered_with_child,owner_occupied
903,18,2012,education,single_no_child,parental_home
903,19,2013,education,single_no_child,parental_home
903,20,2014,education,single_no_child,parental_home
903,21,2015,education,single_no_child,parental_home
903,22,2016,education,single_no_child,parental_home
903,23,2017,full_time,single_parent,parental_home
903,24,2018,full_time,single_parent,parental_home
903,25,2019,full_time,single_parent,renting
903,26,2020,full_time,single_parent,renting
903,27,2021,full_time,single_parent,renting
903,28,2022,full_time,single_parent,renting
903,29,2023,full_time,single_parent,renting
903,30,2024,full_time,single_parent,renting
904,18,2010,education,single_no_child,parental_home
904,19,2011,education,single_no_child,parental_home
904,20,2012,education,single_no_child,parental_home
904,21,2013,full_time,single_no_child,parental_home
904,22,2014,full_time,single_no_child,renting
904,23,2015,part_time,single_parent,renting
904,24,2016,full_time,single_parent,owner_occupied
904,25,2017,full_time,single_parent,owner_occupied
904,26,2018,inactive_care,single_parent,owner_occupied
904,27,2019,part_time,single_parent,owner_occupied
904,28,2020,part_time,single_parent,owner_occupied
904,29,2021,full_time,single_parent,owner_occupied
904,30,2022,full_time,single_parent,owner_occupied
905,18,2011,education,single_no_child,renting
905,19,2012,education,single_no_child,renting
905,20,2013,full_time,single_no_child,renting
905,21,2014,full_time,single_parent,renting
905,22,2015,full_time,single_parent,renting
905,23,2016,full_time,single_parent,renting
905,24,2017,full_time,single_parent,renting
905,25,2018,full_time,single_parent,renting
905,26,2019,full_time,single_parent,renting
905,27,2020,part_time,partnered_with_child,renting
905,28,2021,full_time,partnered_with_child,renting
905,29,2022,part_time,partnered_with_child,renting
905,30,2023,full_time,partnered_with_child,renting
906,18,2012,unemployed,single_no_child,renting
906,19,2013,unemployed,single_no_child,renting
906,20,2014,full_time,single_no_child,renting
906,21,2015,inactive_care,single_no_child,renting
906,22,2016,full_time,partnered_no_child,renting
906,23,2017,part_time,partnered_no_child,renting
906,24,2018,full_time,partnered_no_child,renting
906,25,2019,full_time,partnered_with_child,renting
906,26,2020,full_time,partnered_with_child,renting
906,27,2021,full_time,partnered_with_child,renting
906,28,2022,full_time,partnered_with_child,renting
906,29,2023,full_time,partnered_with_child,renting
906,30,2024,full_time,partnered_with_child,renting
907,18,2012,education,single_no_child,parental_home
907,19,2013,education,single_no_child,parental_home
907,20,2014,unemployed,single_no_child,parental_home
907,21,2015,part_time,single_no_child,parental_home
907,22,2016,full_time,single_no_child,parental_home
907,23,2017,unemployed,partnered_no_child,parental_home
907,24,2018,full_time,partnered_no_child,parental_home
907,25,2019,part_time,partnered_no_child,renting
907,26,2020,unemployed,partnered_no_child,renting
907,27,2021,full_time,partnered_no_child,renting
907,28,2022,part_time,partnered_no_child,renting
907,29,2023,full_time,partnered_no_child,renting
907,30,2024,full_time,partnered_no_child,renting
908,18,2011,education,single_no_child,parental_home
908,19,2012,education,single_no_child,parental_home
908,20,2013,education,single_no_child,parental_home
908,21,2014,education,single_no_child,parental_home
908,22,2015,education,single_parent,parental_home
908,23,2016,full_time,single_parent,parental_home
908,24,2017,full_time,single_parent,parental_home
908,25,2018,full_time,single_parent,parental_home
908,26,2019,full_time,single_parent,parental_home
908,27,2020,full_time,single_parent,parental_home
908,28,2021,full_time,single_parent,renting
908,29,2022,full_time,single_parent,owner_occupied
908,30,2023,full_time,single_parent,owner_occupied
909,18,2008,education,single_no_child,renting
909,19,2009,education,single_no_child,renting
909,20,2010,unemployed,single_no_child,renting
909,21,2011,part_time,single_no_child,renting
909,22,2012,full_time,single_no_child,renting
909,23,2013,unemployed,single_no_child,renting
909,24,2014,full_time,single_no_child,renting
909,25,2015,part_time,single_no_child,renting
909,26,2016,unemployed,single_no_child,renting
909,27,2017,full_time,single_no_child,renting
909,28,2018,part_time,single_no_child,renting
909,29,2019,full_time,single_no_child,owner_occupied
909,30,2020,full_time,single_parent,owner_occupied
910,18,2012,unemployed,single_no_child,parental_home
910,19,2013,education,single_no_child,parental_home
910,20,2014,education,single_no_child,parental_home
910,21,2015,education,single_no_child,parental_home
910,22,2016,education,single_no_child,parental_home
910,23,2017,full_time,single_no_child,parental_home
910,24,2018,full_time,single_no_child,parental_home
910,25,2019,part_time,single_no_child,parental_home
910,26,2020,full_time,partnered_with_child,parental_home
910,27,2021,full_time,partnered_with_child,parental_home
910,28,2022,full_time,partnered_with_child,renting
910,29,2023,full_time,partnered_with_child,renting
910,30,2024,full_time,partnered_with_child,renting
911,18,2010,education,single_no_child,parental_home
911,19,2011,part_time,partnered_no_child,other_temporary
911,20,2012,education,partnered_no_child,other_temporary
911,21,2013,education,partnered_no_child,other_temporary
911,22,2014,education,partnered_no_child,renting
911,23,2015,full_time,partnered_no_child,renting
911,24,2016,inactive_care,partnered_no_child,renting
911,25,2017,full_time,partnered_no_child,renting
911,26,2018,full_time,partnered_with_child,renting
911,27,2019,full_time,partnered_with_child,renting
911,28,2020,full_time,partnered_with_child,renting
911,29,2021,full_time,partnered_with_child,renting
911,30,2022,full_time,partnered_with_child,renting
912,18,2012,education,single_no_child,parental_home
912,19,2013,education,single_no_child,parental_home
912,20,2014,unemployed,single_no_child,parental_home
912,21,2015,part_time,single_parent,parental_home
912,22,2016,full_time,single_parent,parental_home
912,23,2017,unemployed,single_parent,renting
912,24,2018,full_time,single_parent,renting
912,25,2019,part_time,single_parent,renting
912,26,2020,inactive_care,single_parent,renting
912,27,2021,full_time,single_parent,renting
912,28,2022,part_time,single_parent,renting
912,29,2023,full_time,single_parent,renting
912,30,2024,full_time,single_parent,renting
913,18,2012,education,single_no_child,renting
913,19,2013,full_time,single_no_child,renting
913,20,2014,education,single_no_child,renting
913,21,2015,education,single_no_child,renting
913,22,2016,education,single_parent,renting
913,23,2017,full_time,single_parent,renting
913,24,2018,full_time,single_parent,renting
913,25,2019,full_time,single_parent,renting
913,26,2020,full_time,single_parent,renting
913,27,2021,full_time,single_parent,renting
913,28,2022,full_time,partnered_with_child,renting
913,29,2023,full_time,partnered_with_child,renting
913,30,2024,full_time,partnered_with_child,renting
914,18,2012,education,single_no_child,parental_home
914,19,2013,unemployed,single_no_child,parental_home
914,20,2014,full_time,single_no_child,renting
914,21,2015,full_time,single_no_child,renting
914,22,2016,full_time,single_no_child,renting
914,23,2017,full_time,single_no_child,renting
914,24,2018,full_time,single_no_child,renting
914,25,2019,full_time,single_parent,renting
914,26,2020,full_time,partnered_with_child,renting
914,27,2021,full_time,partnered_with_child,renting
914,28,2022,full_time,partnered_with_child,renting
914,29,2023,full_time,partnered_with_child,renting
914,30,2024,full_time,partnered_with_child,renting
915,18,2009,education,single_no_child,parental_home
915,19,2010,education,single_no_child,parental_home
915,20,2011,education,single_no_child,parental_home
915,21,2012,education,single_no_child,parental_home
915,22,2013,education,single_no_child,parental_home
915,23,2014,full_time,single_no_child,parental_home
915,24,2015,unemployed,single_no_child,parental_home
915,25,2016,full_time,single_no_child,parental_home
915,26,2017,full_time,partnered_no_child,parental_home
915,27,2018,full_time,partnered_with_child,parental_home
915,28,2019,full_time,partnered_with_child,parental_home
915,29,2020,full_time,partnered_with_child,parental_home
915,30,2021,full_time,partnered_with_child,renting
916,18,2009,education,single_no_child,renting
916,19,2010,education,single_no_child,renting
916,20,2011,education,single_no_child,renting
916,21,2012,education,single_no_child,renting
916,22,2013,education,single_no_child,renting
916,23,2014,full_time,single_no_child,renting
916,24,2015,full_time,single_no_child,renting
916,25,2016,full_time,single_no_child,renting
916,26,2017,full_time,single_no_child,renting
916,27,2018,full_time,partnered_no_child,renting
916,28,2019,full_time,partnered_no_child,renting
916,29,2020,full_time,partnered_no_child,renting
916,30,2021,full_time,partnered_no_child,renting
917,18,2011,education,single_no_child,parental_home
917,19,2012,education,single_no_child,parental_home
917,20,2013,education,single_no_child,parental_home
917,21,2014,education,single_no_child,parental_home
917,22,2015,education,single_no_child,renting
917,23,2016,full_time,partnered_no_child,renting
917,24,2017,full_time,partnered_no_child,renting
917,25,2018,full_time,partnered_no_child,renting
917,26,2019,full_time,partnered_no_child,renting
917,27,2020,full_time,partnered_no_child,renting
917,28,2021,full_time,partnered_no_child,renting
917,29,2022,full_time,partnered_no_child,owner_occupied
917,30,2023,full_time,single_no_child,owner_occupied
918,18,2011,education,single_no_child,parental_home
918,19,2012,education,single_no_child,parental_home
918,20,2013,education,single_no_child,parental_home
918,21,2014,full_time,partnered_no_child,renting
918,22,2015,full_time,partnered_no_child,renting
918,23,2016,full_time,partnered_no_child,renting
918,24,2017,unemployed,partnered_no_child,renting
918,25,2018,inactive_care,partnered_no_child,renting
918,26,2019,inactive_care,partnered_with_child,renting
918,27,2020,part_time,partnered_with_child,renting
918,28,2021,part_time,partnered_with_child,renting
918,29,2022,full_time,partnered_with_child,renting
918,30,2023,full_time,partnered_with_child,renting
919,18,2010,unemployed,single_no_child,parental_home
919,19,2011,unemployed,single_no_child,parental_home
919,20,2012,unemployed,single_no_child,parental_home
919,21,2013,unemployed,single_no_child,parental_home
919,22,2014,part_time,single_no_child,parental_home
919,23,2015,unemployed,single_no_child,parental_home
919,24,2016,unemployed,single_no_child,parental_home
919,25,2017,inactive_care,single_no_child,parental_home
919,26,2018,full_time,single_no_child,parental_home
919,27,2019,part_time,single_parent,parental_home
919,28,2020,unemployed,single_parent,parental_home
919,29,2021,full_time,partnered_with_child,renting
919,30,2022,part_time,partnered_with_child,renting
920,18,2010,part_time,partnered_no_child,parental_home
920,19,2011,education,partnered_no_child,parental_home
920,20,2012,full_time,partnered_no_child,parental_home
920,21,2013,full_time,partnered_no_child,parental_home
920,22,2014,full_time,partnered_no_child,parental_home
920,23,2015,full_time,partnered_no_child,parental_home
920,24,2016,full_time,single_no_child,parental_home
920,25,2017,full_time,single_no_child,renting
920,26,2018,full_time,single_no_child,renting
920,27,2019,full_time,single_no_child,renting
920,28,2020,full_time,single_no_child,renting
920,29,2021,full_time,single_no_child,renting
920,30,2022,full_time,single_no_child,renting
921,18,2011,education,single_no_child,parental_home
921,19,2012,education,single_no_child,parental_home
921,20,2013,education,single_no_child,parental_home
921,21,2014,education,single_no_child,parental_home
921,22,2015,unemployed,single_no_child,parental_home
921,23,2016,full_time,single_no_child,parental_home
921,24,2017,full_time,partnered_no_child,parental_home
921,25,2018,full_time,partnered_with_child,parental_home
921,26,2019,full_time,partnered_with_child,parental_home
921,27,2020,full_time,partnered_with_child,renting
921,28,2021,full_time,partnered_with_child,renting
921,29,2022,unemployed,partnered_with_child,renting
921,30,2023,full_time,partnered_with_child,owner_occupied
922,18,2008,education,single_no_child,parental_home
922,19,2009,education,single_no_child,renting
922,20,2010,unemployed,single_no_child,renting
922,21,2011,part_time,single_no_child,renting
922,22,2012,full_time,single_no_child,renting
922,23,2013,unemployed,partnered_no_child,renting
922,24,2014,full_time,partnered_with_child,renting
922,25,2015,part_time,partnered_with_child,renting
922,26,2016,unemployed,partnered_with_child,renting
922,27,2017,full_time,partnered_with_child,owner_occupied
922,28,2018,part_time,partnered_with_child,owner_occupied
922,29,2019,part_time,partnered_with_child,owner_occupied
922,30,2020,full_time,partnered_with_child,owner_occupied
923,18,2009,education,single_no_child,parental_home
923,19,2010,education,single_no_child,parental_home
923,20,2011,education,single_no_child,parental_home
923,21,2012,full_time,single_no_child,renting
923,22,2013,full_time,single_no_child,renting
923,23,2014,full_time,single_no_child,renting
923,24,2015,full_time,single_no_child,renting
923,25,2016,inactive_care,single_no_child,renting
923,26,2017,unemployed,single_parent,renting
923,27,2018,part_time,partnered_with_child,renting
923,28,2019,part_time,single_parent,renting
923,29,2020,part_time,single_parent,renting
923,30,2021,full_time,single_parent,renting
924,18,2008,education,single_no_child,renting
924,19,2009,education,single_no_child,renting
924,20,2010,unemployed,single_no_child,renting
924,21,2011,education,single_no_child,renting
924,22,2012,education,single_no_child,renting
924,23,2013,full_time,partnered_with_child,renting
924,24,2014,full_time,partnered_with_child,renting
924,25,2015,full_time,partnered_with_child,renting
924,26,2016,full_time,partnered_with_child,renting
924,27,2017,full_time,partnered_with_child,renting
924,28,2018,full_time,partnered_with_child,renting
924,29,2019,full_time,partnered_with_child,renting
924,30,2020,full_time,partnered_with_child,renting
925,18,2008,education,single_no_child,parental_home
925,19,2009,education,single_no_child,parental_home
925,20,2010,education,single_no_child,parental_home
925,21,2011,education,single_no_child,parental_home
925,22,2012,education,single_no_child,renting
925,23,2013,part_time,single_no_child,renting
925,24,2014,full_time,single_no_child,renting
925,25,2015,full_time,single_no_child,renting
925,26,2016,full_time,single_no_child,renting
925,27,2017,full_time,single_no_child,renting
925,28,2018,full_time,single_no_child,renting
925,29,2019,full_time,single_no_child,renting
925,30,2020,full_time,single_no_child,renting
926,18,2008,education,single_no_child,parental_home
926,19,2009,education,single_no_child,parental_home
926,20,2010,education,single_no_child,renting
926,21,2011,full_time,single_no_child,renting
926,22,2012,full_time,single_no_child,renting
926,23,2013,full_time,single_no_child,renting
926,24,2014,full_time,partnered_no_child,renting
926,25,2015,inactive_care,partnered_no_child,renting
926,26,2016,inactive_care,partnered_no_child,renting
926,27,2017,part_time,partnered_no_child,renting
926,28,2018,part_time,partnered_no_child,renting
926,29,2019,full_time,partnered_no_child,renting
926,30,2020,full_time,partnered_no_child,renting
927,18,2011,education,single_no_child,parental_home
927,19,2012,education,single_no_child,parental_home
927,20,2013,unemployed,single_no_child,parental_home
927,21,2014,part_time,single_no_child,parental_home
927,22,2015,full_time,single_no_child,renting
927,23,2016,unemployed,single_no_child,renting
927,24,2017,full_time,single_no_child,renting
927,25,2018,part_time,single_no_child,renting
927,26,2019,unemployed,single_no_child,renting
927,27,2020,part_time,single_no_child,renting
927,28,2021,part_time,single_no_child,renting
927,29,2022,full_time,partnered_no_child,renting
927,30,2023,full_time,partnered_with_child,renting
928,18,2010,education,single_no_child,parental_home
928,19,2011,education,single_no_child,parental_home
928,20,2012,education,single_no_child,parental_home
928,21,2013,unemployed,single_no_child,parental_home
928,22,2014,unemployed,single_no_child,parental_home
928,23,2015,part_time,single_no_child,parental_home
928,24,2016,part_time,single_no_child,renting
928,25,2017,full_time,single_no_child,renting
928,26,2018,full_time,single_no_child,renting
928,27,2019,full_time,single_no_child,renting
928,28,2020,full_time,single_no_child,renting
928,29,2021,full_time,single_no_child,renting
928,30,2022,full_time,single_no_child,owner_occupied
929,18,2011,education,single_no_child,parental_home
929,19,2012,education,single_no_child,parental_home
929,20,2013,full_time,single_no_child,parental_home
929,21,2014,full_time,single_no_child,parental_home
929,22,2015,full_time,single_no_child,parental_home
929,23,2016,full_time,single_no_child,parental_home
929,24,2017,full_time,single_no_child,parental_home
929,25,2018,full_time,single_no_child,parental_home
929,26,2019,full_time,partnered_no_child,other_temporary
929,27,2020,full_time,partnered_with_child,other_temporary
929,28,2021,full_time,partnered_with_child,other_temporary
929,29,2022,full_time,partnered_with_child,other_temporary
929,30,2023,full_time,partnered_with_child,renting
930,18,2008,education,single_no_child,parental_home
930,19,2009,full_time,single_no_child,parental_home
930,20,2010,education,single_no_child,parental_home
930,21,2011,education,single_no_child,parental_home
930,22,2012,full_time,single_no_child,parental_home
930,23,2013,full_time,single_no_child,parental_home
930,24,2014,full_time,single_no_child,renting
930,25,2015,part_time,single_no_child,renting
930,26,2016,full_time,single_no_child,renting
930,27,2017,full_time,single_no_child,renting
930,28,2018,full_time,single_no_child,renting
930,29,2019,inactive_care,single_parent,renting
930,30,2020,full_time,single_parent,renting
931,18,2009,unemployed,single_no_child,parental_home
931,19,2010,unemployed,single_no_child,parental_home
931,20,2011,education,partnered_no_child,parental_home
931,21,2012,unemployed,partnered_no_child,other_temporary
931,22,2013,unemployed,partnered_no_child,other_temporary
931,23,2014,part_time,partnered_no_child,other_temporary
931,24,2015,part_time,partnered_no_child,other_temporary
931,25,2016,full_time,partnered_no_child,other_temporary
931,26,2017,full_time,partnered_with_child,renting
931,27,2018,full_time,partnered_with_child,owner_occupied
931,28,2019,full_time,partnered_with_child,owner_occupied
931,29,2020,full_time,partnered_with_child,owner_occupied
931,30,2021,full_time,partnered_with_child,owner_occupied
932,18,2012,education,single_no_child,parental_home
932,19,2013,education,single_no_child,parental_home
932,20,2014,education,single_no_child,parental_home
932,21,2015,education,single_parent,parental_home
932,22,2016,education,single_parent,parental_home
932,23,2017,full_time,single_parent,parental_home
932,24,2018,full_time,single_parent,other_temporary
932,25,2019,full_time,single_parent,renting
932,26,2020,full_time,single_parent,renting
932,27,2021,full_time,single_parent,renting
932,28,2022,full_time,single_parent,renting
932,29,2023,full_time,single_parent,renting
932,30,2024,full_time,partnered_with_child,renting
933,18,2011,education,single_no_child,parental_home
933,19,2012,education,single_no_child,parental_home
933,20,2013,education,single_no_child,parental_home
933,21,2014,education,partnered_no_child,renting
933,22,2015,education,partnered_no_child,renting
933,23,2016,full_time,partnered_no_child,renting
933,24,2017,inactive_care,partnered_no_child,renting
933,25,2018,full_time,partnered_no_child,renting
933,26,2019,full_time,partnered_with_child,renting
933,27,2020,full_time,partnered_with_child,renting
933,28,2021,full_time,partnered_with_child,owner_occupied
933,29,2022,full_time,partnered_with_child,owner_occupied
933,30,2023,unemployed,partnered_with_child,owner_occupied
934,18,2009,education,partnered_no_child,parental_home
934,19,2010,part_time,partnered_no_child,parental_home
934,20,2011,unemployed,partnered_no_child,parental_home
934,21,2012,part_time,partnered_no_child,renting
934,22,2013,full_time,partnered_no_child,renting
934,23,2014,unemployed,partnered_no_child,renting
934,24,2015,full_time,partnered_with_child,renting
934,25,2016,part_time,partnered_with_child,renting
934,26,2017,unemployed,partnered_with_child,renting
934,27,2018,full_time,partnered_with_child,renting
934,28,2019,part_time,partnered_with_child,renting
934,29,2020,full_time,partnered_with_child,renting
934,30,2021,full_time,partnered_with_child,renting
935,18,2011,education,single_no_child,renting
935,19,2012,education,single_no_child,renting
935,20,2013,education,single_no_child,renting
935,21,2014,full_time,single_no_child,renting
935,22,2015,full_time,single_no_child,renting
935,23,2016,full_time,single_no_child,renting
935,24,2017,full_time,single_no_child,renting
935,25,2018,unemployed,single_no_child,renting
935,26,2019,inactive_care,single_no_child,renting
935,27,2020,part_time,partnered_with_child,renting
935,28,2021,part_time,partnered_with_child,renting
935,29,2022,full_time,partnered_with_child,renting
935,30,2023,full_time,partnered_with_child,renting
936,18,2012,education,single_no_child,parental_home
936,19,2013,education,single_no_child,parental_home
936,20,2014,part_time,single_no_child,parental_home
936,21,2015,full_time,single_no_child,parental_home
936,22,2016,full_time,single_no_child,renting
936,23,2017,full_time,single_no_child,renting
936,24,2018,full_time,single_no_child,renting
936,25,2019,inactive_care,single_no_child,renting
936,26,2020,inactive_care,single_no_child,renting
936,27,2021,part_time,single_no_child,renting
936,28,2022,part_time,single_no_child,renting
936,29,2023,full_time,single_no_child,renting
936,30,2024,full_time,single_no_child,renting
937,18,2008,inactive_care,single_no_child,parental_home
937,19,2009,education,single_no_child,parental_home
937,20,2010,education,single_no_child,parental_home
937,21,2011,education,single_no_child,parental_home
937,22,2012,full_time,single_no_child,renting
937,23,2013,full_time,single_no_child,renting
937,24,2014,full_time,single_no_child,renting
937,25,2015,full_time,single_no_child,renting
937,26,2016,full_time,single_no_child,renting
937,27,2017,full_time,single_no_child,renting
937,28,2018,full_time,partnered_no_child,renting
937,29,2019,full_time,partnered_no_child,renting
937,30,2020,full_time,partnered_no_child,renting
938,18,2008,education,single_no_child,parental_home
938,19,2009,part_time,single_no_child,parental_home
938,20,2010,education,single_no_child,parental_home
938,21,2011,full_time,single_no_child,parental_home
938,22,2012,full_time,single_no_child,parental_home
938,23,2013,part_time,single_no_child,parental_home
938,24,2014,full_time,single_no_child,parental_home
938,25,2015,inactive_care,single_no_child,other_temporary
938,26,2016,inactive_care,single_no_child,renting
938,27,2017,part_time,single_no_child,renting
938,28,2018,full_time,single_no_child,owner_occupied
938,29,2019,full_time,single_no_child,owner_occupied
938,30,2020,full_time,single_no_child,owner_occupied
939,18,2008,education,single_no_child,parental_home
939,19,2009,education,single_no_child,parental_home
939,20,2010,education,single_no_child,parental_home
939,21,2011,education,single_no_child,parental_home
939,22,2012,education,single_no_child,parental_home
939,23,2013,full_time,single_no_child,parental_home
939,24,2014,full_time,single_no_child,parental_home
939,25,2015,full_time,single_parent,parental_home
939,26,2016,full_time,single_parent,renting
939,27,2017,inactive_care,single_parent,renting
939,28,2018,full_time,single_parent,renting
939,29,2019,full_time,single_parent,renting
939,30,2020,full_time,single_parent,renting
940,18,2010,education,partnered_no_child,parental_home
940,19,2011,education,partnered_no_child,parental_home
940,20,2012,education,partnered_no_child,renting
940,21,2013,education,partnered_no_child,renting
940,22,2014,education,partnered_no_child,renting
940,23,2015,full_time,partnered_no_child,renting
940,24,2016,full_time,single_no_child,renting
940,25,2017,full_time,single_no_child,renting
940,26,2018,full_time,single_no_child,renting
940,27,2019,full_time,single_no_child,renting
940,28,2020,full_time,partnered_no_child,renting
940,29,2021,full_time,partnered_no_child,owner_occupied
940,30,2022,full_time,partnered_no_child,owner_occupied
941,18,2012,education,single_no_child,parental_home
941,19,2013,education,single_no_child,parental_home
941,20,2014,education,single_no_child,parental_home
941,21,2015,unemployed,single_no_child,parental_home
941,22,2016,unemployed,single_no_child,parental_home
941,23,2017,part_time,single_no_child,parental_home
941,24,2018,part_time,single_no_child,parental_home
941,25,2019,full_time,single_no_child,parental_home
941,26,2020,full_time,partnered_no_child,parental_home
941,27,2021,full_time,partnered_no_child,renting
941,28,2022,full_time,partnered_no_child,renting
941,29,2023,full_time,partnered_no_child,owner_occupied
941,30,2024,full_time,single_parent,owner_occupied
942,18,2010,education,single_no_child,parental_home
942,19,2011,education,single_no_child,parental_home
942,20,2012,full_time,single_no_child,parental_home
942,21,2013,full_time,single_no_child,parental_home
942,22,2014,full_time,single_no_child,parental_home
942,23,2015,full_time,single_no_child,parental_home
942,24,2016,full_time,single_no_child,parental_home
942,25,2017,full_time,single_no_child,parental_home
942,26,2018,full_time,single_no_child,parental_home
942,27,2019,full_time,partnered_no_child,renting
942,28,2020,inactive_care,partnered_no_child,renting
942,29,2021,full_time,partnered_no_child,renting
942,30,2022,full_time,partnered_with_child,renting
943,18,2009,education,single_no_child,parental_home
943,19,2010,education,single_no_child,parental_home
943,20,2011,full_time,partnered_no_child,parental_home
943,21,2012,full_time,partnered_no_child,renting
943,22,2013,full_time,partnered_no_child,renting
943,23,2014,full_time,partnered_no_child,renting
943,24,2015,full_time,partnered_no_child,renting
943,25,2016,full_time,partnered_with_child,renting
943,26,2017,full_time,partnered_with_child,renting
943,27,2018,full_time,partnered_with_child,renting
943,28,2019,full_time,partnered_with_child,renting
943,29,2020,full_time,partnered_with_child,renting
943,30,2021,full_time,partnered_with_child,renting
944,18,2009,education,single_no_child,parental_home
944,19,2010,education,single_no_child,parental_home
944,20,2011,education,single_no_child,parental_home
944,21,2012,part_time,single_no_child,parental_home
944,22,2013,unemployed,single_no_child,renting
944,23,2014,part_time,single_no_child,renting
944,24,2015,part_time,single_no_child,renting
944,25,2016,part_time,single_no_child,renting
944,26,2017,full_time,single_no_child,renting
944,27,2018,full_time,single_no_child,renting
944,28,2019,full_time,partnered_no_child,renting
944,29,2020,full_time,single_no_child,renting
944,30,2021,part_time,single_no_child,renting
945,18,2012,education,single_no_child,parental_home
945,19,2013,education,single_no_child,parental_home
945,20,2014,education,single_no_child,renting
945,21,2015,education,single_no_child,renting
945,22,2016,education,single_no_child,renting
945,23,2017,full_time,single_no_child,renting
945,24,2018,full_time,partnered_no_child,renting
945,25,2019,full_time,partnered_no_child,renting
945,26,2020,full_time,partnered_no_child,owner_occupied
945,27,2021,full_time,partnered_no_child,owner_occupied
945,28,2022,full_time,partnered_no_child,owner_occupied
945,29,2023,full_time,partnered_no_child,owner_occupied
945,30,2024,inactive_care,partnered_no_child,owner_occupied
946,18,2009,education,single_no_child,parental_home
946,19,2010,education,single_no_child,parental_home
946,20,2011,education,single_no_child,parental_home
946,21,2012,education,single_no_child,parental_home
946,22,2013,education,single_no_child,parental_home
946,23,2014,full_time,single_no_child,parental_home
946,24,2015,full_time,single_no_child,parental_home
946,25,2016,full_time,single_no_child,parental_home
946,26,2017,full_time,single_no_child,renting
946,27,2018,full_time,single_no_child,renting
946,28,2019,full_time,single_no_child,owner_occupied
946,29,2020,full_time,partnered_no_child,owner_occupied
946,30,2021,full_time,partnered_no_child,owner_occupied
947,18,2009,education,single_no_child,parental_home
947,19,2010,part_time,single_no_child,parental_home
947,20,2011,full_time,partnered_no_child,parental_home
947,21,2012,full_time,partnered_no_child,parental_home
947,22,2013,full_time,partnered_no_child,parental_home
947,23,2014,full_time,partnered_no_child,other_temporary
947,24,2015,full_time,partnered_no_child,other_temporary
947,25,2016,full_time,partnered_no_child,renting
947,26,2017,full_time,partnered_no_child,renting
947,27,2018,full_time,partnered_no_child,renting
947,28,2019,full_time,partnered_no_child,renting
947,29,2020,part_time,partnered_no_child,renting
947,30,2021,full_time,partnered_no_child,renting
948,18,2008,unemployed,single_no_child,parental_home
948,19,2009,education,single_no_child,renting
948,20,2010,education,single_no_child,renting
948,21,2011,education,single_no_child,renting
948,22,2012,education,single_no_child,renting
948,23,2013,unemployed,single_no_child,renting
948,24,2014,full_time,single_no_child,renting
948,25,2015,full_time,single_no_child,renting
948,26,2016,full_time,single_no_child,renting
948,27,2017,part_time,single_no_child,renting
948,28,2018,part_time,partnered_no_child,renting
948,29,2019,unemployed,partnered_no_child,renting
948,30,2020,full_time,partnered_no_child,renting
949,18,2010,part_time,single_no_child,parental_home
949,19,2011,education,single_no_child,parental_home
949,20,2012,unemployed,single_no_child,parental_home
949,21,2013,education,single_no_child,parental_home
949,22,2014,education,single_no_child,parental_home
949,23,2015,full_time,single_parent,parental_home
949,24,2016,full_time,single_parent,parental_home
949,25,2017,part_time,single_parent,renting
949,26,2018,full_time,single_parent,renting
949,27,2019,full_time,single_parent,renting
949,28,2020,full_time,single_parent,owner_occupied
949,29,2021,full_time,single_parent,owner_occupied
949,30,2022,full_time,single_parent,owner_occupied
950,18,2012,full_time,single_no_child,parental_home
950,19,2013,unemployed,single_no_child,parental_home
950,20,2014,unemployed,single_no_child,parental_home
950,21,2015,unemployed,single_no_child,parental_home
950,22,2016,full_time,single_no_child,renting
950,23,2017,unemployed,single_no_child,renting
950,24,2018,inactive_care,single_no_child,renting
950,25,2019,inactive_care,single_no_child,renting
950,26,2020,unemployed,single_no_child,renting
950,27,2021,unemployed,single_no_child,renting
950,28,2022,unemployed,single_no_child,renting
950,29,2023,full_time,single_no_child,renting
950,30,2024,part_time,single_no_child,renting
951,18,2011,education,single_no_child,renting
951,19,2012,education,single_no_child,renting
951,20,2013,education,single_no_child,renting
951,21,2014,part_time,single_no_child,renting
951,22,2015,education,single_no_child,renting
951,23,2016,full_time,single_no_child,renting
951,24,2017,full_time,partnered_no_child,renting
951,25,2018,full_time,partnered_no_child,renting
951,26,2019,full_time,partnered_no_child,renting
951,27,2020,full_time,partnered_no_child,renting
951,28,2021,full_time,partnered_no_child,renting
951,29,2022,full_time,partnered_no_child,renting
951,30,2023,full_time,partnered_with_child,renting
952,18,2011,education,single_no_child,parental_home
952,19,2012,education,single_no_child,parental_home
952,20,2013,education,single_no_child,parental_home
952,21,2014,education,single_no_child,parental_home
952,22,2015,education,partnered_no_child,parental_home
952,23,2016,unemployed,partnered_no_child,parental_home
952,24,2017,full_time,partnered_no_child,parental_home
952,25,2018,full_time,partnered_no_child,renting
952,26,2019,full_time,partnered_no_child,renting
952,27,2020,full_time,partnered_with_child,renting
952,28,2021,full_time,single_parent,renting
952,29,2022,full_time,single_parent,renting
952,30,2023,full_time,single_parent,renting
953,18,2010,education,single_no_child,parental_home
953,19,2011,education,single_no_child,parental_home
953,20,2012,unemployed,single_no_child,parental_home
953,21,2013,part_time,single_no_child,parental_home
953,22,2014,full_time,partnered_with_child,parental_home
953,23,2015,unemployed,partnered_with_child,parental_home
953,24,2016,full_time,partnered_with_child,parental_home
953,25,2017,part_time,partnered_with_child,renting
953,26,2018,unemployed,partnered_with_child,renting
953,27,2019,full_time,partnered_with_child,renting
953,28,2020,part_time,partnered_with_child,renting
953,29,2021,full_time,partnered_with_child,renting
953,30,2022,full_time,partnered_with_child,renting
954,18,2010,education,single_no_child,parental_home
954,19,2011,education,single_no_child,parental_home
954,20,2012,unemployed,single_no_child,parental_home
954,21,2013,part_time,partnered_no_child,parental_home
954,22,2014,part_time,partnered_no_child,parental_home
954,23,2015,unemployed,partnered_no_child,parental_home
954,24,2016,full_time,partnered_no_child,parental_home
954,25,2017,part_time,single_no_child,parental_home
954,26,2018,unemployed,single_no_child,renting
954,27,2019,full_time,single_no_child,renting
954,28,2020,part_time,partnered_no_child,renting
954,29,2021,full_time,partnered_no_child,owner_occupied
954,30,2022,full_time,partnered_with_child,owner_occupied
955,18,2011,education,single_no_child,renting
955,19,2012,education,single_no_child,renting
955,20,2013,full_time,single_no_child,renting
955,21,2014,full_time,single_no_child,renting
955,22,2015,unemployed,single_no_child,renting
955,23,2016,full_time,partnered_no_child,renting
955,24,2017,full_time,partnered_no_child,renting
955,25,2018,full_time,partnered_no_child,renting
955,26,2019,full_time,partnered_with_child,renting
955,27,2020,full_time,partnered_with_child,renting
955,28,2021,full_time,partnered_with_child,renting
955,29,2022,part_time,partnered_with_child,renting
955,30,2023,full_time,partnered_with_child,renting
956,18,2009,education,single_no_child,parental_home
956,19,2010,education,single_no_child,parental_home
956,20,2011,education,single_no_child,parental_home
956,21,2012,education,single_no_child,parental_home
956,22,2013,education,single_no_child,parental_home
956,23,2014,full_time,partnered_no_child,renting
956,24,2015,full_time,partnered_no_child,renting
956,25,2016,full_time,partnered_no_child,renting
956,26,2017,full_time,partnered_no_child,renting
956,27,2018,full_time,partnered_no_child,renting
956,28,2019,full_time,partnered_no_child,renting
956,29,2020,full_time,partnered_no_child,renting
956,30,2021,full_time,partnered_no_child,renting
957,18,2012,education,single_no_child,parental_home
957,19,2013,education,single_no_child,parental_home
957,20,2014,unemployed,single_no_child,parental_home
957,21,2015,part_time,single_no_child,renting
957,22,2016,full_time,single_parent,renting
957,23,2017,unemployed,single_parent,renting
957,24,2018,full_time,single_parent,renting
957,25,2019,part_time,single_parent,renting
957,26,2020,unemployed,single_parent,renting
957,27,2021,full_time,single_parent,renting
957,28,2022,part_time,single_parent,renting
957,29,2023,full_time,single_parent,renting
957,30,2024,full_time,single_parent,renting
958,18,2011,education,single_no_child,parental_home
958,19,2012,unemployed,single_no_child,renting
958,20,2013,unemployed,single_no_child,renting
958,21,2014,unemployed,single_no_child,renting
958,22,2015,part_time,single_no_child,renting
958,23,2016,part_time,single_no_child,renting
958,24,2017,unemployed,single_no_child,other_temporary
958,25,2018,inactive_care,single_no_child,renting
958,26,2019,unemployed,single_no_child,renting
958,27,2020,part_time,partnered_no_child,renting
958,28,2021,unemployed,partnered_no_child,renting
958,29,2022,full_time,partnered_no_child,renting
958,30,2023,part_time,partnered_no_child,renting
959,18,2011,education,single_no_child,parental_home
959,19,2012,education,single_no_child,parental_home
959,20,2013,education,single_no_child,parental_home
959,21,2014,part_time,single_no_child,parental_home
959,22,2015,education,single_no_child,other_temporary
959,23,2016,full_time,single_parent,renting
959,24,2017,full_time,single_parent,renting
959,25,2018,full_time,single_parent,renting
959,26,2019,full_time,single_parent,renting
959,27,2020,full_time,single_parent,renting
959,28,2021,full_time,single_parent,renting
959,29,2022,full_time,single_parent,renting
959,30,2023,full_time,partnered_with_child,renting
960,18,2010,education,single_no_child,parental_home
960,19,2011,education,single_no_child,parental_home
960,20,2012,education,single_no_child,parental_home
960,21,2013,full_time,single_no_child,parental_home
960,22,2014,full_time,single_no_child,parental_home
960,23,2015,education,single_no_child,parental_home
960,24,2016,full_time,single_no_child,parental_home
960,25,2017,inactive_care,single_no_child,parental_home
960,26,2018,inactive_care,single_no_child,parental_home
960,27,2019,full_time,single_no_child,parental_home
960,28,2020,part_time,single_no_child,parental_home
960,29,2021,full_time,single_no_child,parental_home
960,30,2022,full_time,single_no_child,parental_home
961,18,2012,education,single_no_child,parental_home
961,19,2013,education,single_no_child,parental_home
961,20,2014,education,single_no_child,parental_home
961,21,2015,education,single_no_child,other_temporary
961,22,2016,education,single_no_child,other_temporary
961,23,2017,full_time,single_no_child,renting
961,24,2018,full_time,single_no_child,renting
961,25,2019,full_time,single_no_child,renting
961,26,2020,part_time,single_no_child,renting
961,27,2021,full_time,partnered_no_child,renting
961,28,2022,full_time,partnered_no_child,renting
961,29,2023,full_time,partnered_no_child,renting
961,30,2024,full_time,partnered_no_child,renting
962,18,2009,education,single_no_child,parental_home
962,19,2010,education,single_no_child,parental_home
962,20,2011,education,single_no_child,parental_home
962,21,2012,education,single_no_child,parental_home
962,22,2013,education,single_no_child,parental_home
962,23,2014,full_time,partnered_no_child,other_temporary
962,24,2015,full_time,partnered_no_child,other_temporary
962,25,2016,unemployed,partnered_no_child,renting
962,26,2017,full_time,single_no_child,renting
962,27,2018,full_time,single_no_child,renting
962,28,2019,full_time,partnered_with_child,renting
962,29,2020,full_time,partnered_with_child,renting
962,30,2021,unemployed,partnered_with_child,renting
963,18,2010,part_time,single_no_child,parental_home
963,19,2011,education,single_no_child,renting
963,20,2012,education,single_no_child,renting
963,21,2013,education,single_no_child,renting
963,22,2014,education,single_no_child,renting
963,23,2015,full_time,single_no_child,renting
963,24,2016,full_time,single_parent,renting
963,25,2017,full_time,single_parent,renting
963,26,2018,full_time,single_parent,renting
963,27,2019,unemployed,single_parent,renting
963,28,2020,full_time,single_parent,owner_occupied
963,29,2021,full_time,single_parent,owner_occupied
963,30,2022,full_time,single_parent,owner_occupied
964,18,2008,education,single_no_child,parental_home
964,19,2009,unemployed,single_no_child,parental_home
964,20,2010,unemployed,single_no_child,parental_home
964,21,2011,unemployed,single_no_child,parental_home
964,22,2012,full_time,single_no_child,parental_home
964,23,2013,unemployed,single_no_child,parental_home
964,24,2014,unemployed,single_no_child,parental_home
964,25,2015,inactive_care,single_no_child,parental_home
964,26,2016,unemployed,single_no_child,parental_home
964,27,2017,part_time,single_no_child,parental_home
964,28,2018,unemployed,single_no_child,parental_home
964,29,2019,full_time,single_no_child,parental_home
964,30,2020,full_time,single_no_child,parental_home
965,18,2012,education,single_no_child,parental_home
965,19,2013,education,single_no_child,parental_home
965,20,2014,education,single_no_child,parental_home
965,21,2015,full_time,partnered_no_child,parental_home
965,22,2016,full_time,partnered_no_child,renting
965,23,2017,full_time,partnered_no_child,renting
965,24,2018,full_time,partnered_with_child,renting
965,25,2019,inactive_care,partnered_with_child,renting
965,26,2020,inactive_care,partnered_with_child,renting
965,27,2021,part_time,partnered_with_child,renting
965,28,2022,part_time,partnered_with_child,renting
965,29,2023,full_time,partnered_with_child,renting
965,30,2024,full_time,partnered_with_child,renting
966,18,2011,education,single_no_child,parental_home
966,19,2012,education,single_no_child,parental_home
966,20,2013,education,single_no_child,parental_home
966,21,2014,education,single_no_child,parental_home
966,22,2015,education,single_no_child,parental_home
966,23,2016,full_time,single_no_child,parental_home
966,24,2017,full_time,single_no_child,parental_home
966,25,2018,full_time,single_no_child,parental_home
966,26,2019,unemployed,partnered_no_child,parental_home
966,27,2020,full_time,partnered_no_child,parental_home
966,28,2021,full_time,partnered_no_child,renting
966,29,2022,full_time,partnered_no_child,renting
966,30,2023,full_time,partnered_no_child,renting
967,18,2009,education,single_no_child,parental_home
967,19,2010,education,single_no_child,parental_home
967,20,2011,unemployed,partnered_no_child,parental_home
967,21,2012,part_time,partnered_no_child,parental_home
967,22,2013,full_time,partnered_no_child,parental_home
967,23,2014,unemployed,partnered_no_child,parental_home
967,24,2015,part_time,partnered_no_child,renting
967,25,2016,part_time,partnered_no_child,renting
967,26,2017,unemployed,partnered_no_child,renting
967,27,2018,full_time,partnered_no_child,owner_occupied
967,28,2019,part_time,partnered_no_child,owner_occupied
967,29,2020,full_time,single_no_child,owner_occupied
967,30,2021,full_time,partnered_with_child,owner_occupied
968,18,2008,education,single_no_child,parental_home
968,19,2009,education,single_no_child,other_temporary
968,20,2010,unemployed,single_no_child,other_temporary
968,21,2011,part_time,single_no_child,other_temporary
968,22,2012,full_time,single_no_child,renting
968,23,2013,unemployed,single_no_child,renting
968,24,2014,full_time,single_no_child,renting
968,25,2015,part_time,single_no_child,renting
968,26,2016,unemployed,partnered_no_child,renting
968,27,2017,full_time,partnered_no_child,renting
968,28,2018,part_time,partnered_with_child,renting
968,29,2019,full_time,partnered_with_child,owner_occupied
968,30,2020,full_time,partnered_with_child,owner_occupied
969,18,2009,education,single_no_child,parental_home
969,19,2010,education,single_no_child,parental_home
969,20,2011,education,single_no_child,parental_home
969,21,2012,education,single_no_child,parental_home
969,22,2013,education,single_no_child,parental_home
969,23,2014,full_time,single_no_child,parental_home
969,24,2015,full_time,single_no_child,renting
969,25,2016,full_time,single_no_child,renting
969,26,2017,full_time,single_no_child,renting
969,27,2018,full_time,single_no_child,renting
969,28,2019,full_time,partnered_no_child,renting
969,29,2020,full_time,partnered_no_child,renting
969,30,2021,full_time,partnered_no_child,renting
970,18,2010,education,single_no_child,parental_home
970,19,2011,education,single_no_child,parental_home
970,20,2012,education,single_no_child,parental_home
970,21,2013,education,single_no_child,parental_home
970,22,2014,education,single_no_child,parental_home
970,23,2015,full_time,single_no_child,renting
970,24,2016,full_time,single_no_child,renting
970,25,2017,full_time,single_no_child,renting
970,26,2018,part_time,single_no_child,renting
970,27,2019,full_time,single_parent,renting
970,28,2020,full_time,single_parent,renting
970,29,2021,full_time,single_parent,owner_occupied
970,30,2022,full_time,single_parent,owner_occupied
971,18,2010,education,single_no_child,renting
971,19,2011,education,single_no_child,renting
971,20,2012,full_time,single_no_child,renting
971,21,2013,part_time,single_no_child,renting
971,22,2014,full_time,single_parent,renting
971,23,2015,part_time,single_parent,renting
971,24,2016,unemployed,single_parent,renting
971,25,2017,full_time,single_parent,renting
971,26,2018,full_time,single_parent,renting
971,27,2019,part_time,single_parent,renting
971,28,2020,full_time,single_parent,renting
971,29,2021,part_time,single_parent,renting
971,30,2022,full_time,single_parent,renting
972,18,2009,education,single_no_child,parental_home
972,19,2010,education,single_no_child,parental_home
972,20,2011,education,single_no_child,parental_home
972,21,2012,education,single_no_child,parental_home
972,22,2013,education,single_no_child,parental_home
972,23,2014,full_time,single_no_child,parental_home
972,24,2015,part_time,single_no_child,renting
972,25,2016,full_time,single_no_child,renting
972,26,2017,full_time,single_no_child,renting
972,27,2018,full_time,single_no_child,renting
972,28,2019,full_time,single_no_child,renting
972,29,2020,full_time,single_parent,renting
972,30,2021,part_time,single_parent,renting
973,18,2010,education,single_no_child,parental_home
973,19,2011,education,single_no_child,parental_home
973,20,2012,education,single_no_child,parental_home
973,21,2013,unemployed,single_no_child,renting
973,22,2014,unemployed,single_no_child,other_temporary
973,23,2015,part_time,single_no_child,other_temporary
973,24,2016,part_time,partnered_no_child,other_temporary
973,25,2017,full_time,partnered_no_child,other_temporary
973,26,2018,full_time,partnered_no_child,other_temporary
973,27,2019,full_time,partnered_no_child,renting
973,28,2020,full_time,partnered_no_child,renting
973,29,2021,full_time,partnered_no_child,renting
973,30,2022,full_time,partnered_no_child,owner_occupied
974,18,2011,education,single_no_child,parental_home
974,19,2012,education,single_no_child,parental_home
974,20,2013,education,single_no_child,parental_home
974,21,2014,full_time,single_no_child,parental_home
974,22,2015,full_time,single_no_child,parental_home
974,23,2016,full_time,single_no_child,parental_home
974,24,2017,full_time,single_no_child,parental_home
974,25,2018,inactive_care,single_no_child,parental_home
974,26,2019,inactive_care,single_no_child,parental_home
974,27,2020,part_time,single_no_child,parental_home
974,28,2021,part_time,single_no_child,renting
974,29,2022,full_time,single_no_child,renting
974,30,2023,full_time,single_no_child,renting
975,18,2009,education,single_no_child,renting
975,19,2010,education,single_no_child,renting
975,20,2011,full_time,partnered_no_child,renting
975,21,2012,education,partnered_no_child,renting
975,22,2013,education,partnered_no_child,renting
975,23,2014,full_time,partnered_no_child,renting
975,24,2015,full_time,partnered_no_child,renting
975,25,2016,full_time,partnered_no_child,renting
975,26,2017,full_time,partnered_no_child,renting
975,27,2018,full_time,partnered_no_child,renting
975,28,2019,full_time,partnered_no_child,renting
975,29,2020,full_time,partnered_no_child,renting
975,30,2021,full_time,partnered_no_child,renting
976,18,2008,education,single_no_child,parental_home
976,19,2009,education,single_no_child,parental_home
976,20,2010,education,single_no_child,parental_home
976,21,2011,full_time,single_no_child,parental_home
976,22,2012,education,single_no_child,parental_home
976,23,2013,full_time,partnered_no_child,parental_home
976,24,2014,full_time,single_no_child,parental_home
976,25,2015,inactive_care,single_no_child,parental_home
976,26,2016,inactive_care,single_no_child,parental_home
976,27,2017,part_time,single_no_child,renting
976,28,2018,part_time,partnered_with_child,renting
976,29,2019,full_time,partnered_with_child,renting
976,30,2020,full_time,partnered_with_child,renting
977,18,2010,part_time,single_no_child,parental_home
977,19,2011,education,single_no_child,parental_home
977,20,2012,education,single_no_child,renting
977,21,2013,education,single_no_child,renting
977,22,2014,education,single_no_child,renting
977,23,2015,full_time,single_no_child,renting
977,24,2016,full_time,single_no_child,renting
977,25,2017,full_time,single_no_child,renting
977,26,2018,full_time,partnered_no_child,renting
977,27,2019,full_time,partnered_no_child,renting
977,28,2020,full_time,partnered_no_child,renting
977,29,2021,full_time,partnered_no_child,renting
977,30,2022,full_time,partnered_with_child,renting
978,18,2010,education,single_no_child,parental_home
978,19,2011,education,single_no_child,parental_home
978,20,2012,education,single_no_child,renting
978,21,2013,education,single_no_child,renting
978,22,2014,education,single_no_child,renting
978,23,2015,full_time,partnered_no_child,renting
978,24,2016,full_time,partnered_with_child,renting
978,25,2017,full_time,partnered_with_child,renting
978,26,2018,full_time,partnered_with_child,renting
978,27,2019,full_time,partnered_with_child,renting
978,28,2020,full_time,partnered_with_child,renting
978,29,2021,full_time,partnered_with_child,renting
978,30,2022,full_time,partnered_with_child,renting
979,18,2009,education,single_no_child,renting
979,19,2010,education,single_no_child,renting
979,20,2011,education,single_no_child,renting
979,21,2012,education,single_no_child,renting
979,22,2013,part_time,single_no_child,renting
979,23,2014,full_time,single_no_child,renting
979,24,2015,full_time,single_no_child,renting
979,25,2016,full_time,single_no_child,renting
979,26,2017,full_time,single_no_child,renting
979,27,2018,full_time,single_no_child,renting
979,28,2019,full_time,single_parent,renting
979,29,2020,full_time,single_parent,renting
979,30,2021,full_time,single_parent,owner_occupied
980,18,2010,education,single_no_child,parental_home
980,19,2011,education,single_no_child,parental_home
980,20,2012,education,single_no_child,parental_home
980,21,2013,full_time,partnered_no_child,parental_home
980,22,2014,full_time,partnered_no_child,parental_home
980,23,2015,full_time,partnered_no_child,parental_home
980,24,2016,full_time,partnered_no_child,parental_home
980,25,2017,inactive_care,partnered_no_child,renting
980,26,2018,inactive_care,single_no_child,renting
980,27,2019,inactive_care,single_no_child,renting
980,28,2020,part_time,single_no_child,renting
980,29,2021,full_time,single_no_child,renting
980,30,2022,full_time,single_parent,renting
981,18,2011,education,single_no_child,parental_home
981,19,2012,education,single_no_child,parental_home
981,20,2013,education,single_no_child,parental_home
981,21,2014,unemployed,single_no_child,parental_home
981,22,2015,education,single_no_child,parental_home
981,23,2016,full_time,partnered_no_child,parental_home
981,24,2017,full_time,partnered_no_child,parental_home
981,25,2018,full_time,partnered_no_child,parental_home
981,26,2019,full_time,partnered_no_child,renting
981,27,2020,inactive_care,partnered_no_child,renting
981,28,2021,full_time,partnered_no_child,renting
981,29,2022,full_time,partnered_no_child,renting
981,30,2023,full_time,partnered_with_child,renting
982,18,2011,education,single_no_child,renting
982,19,2012,education,single_no_child,renting
982,20,2013,education,single_no_child,renting
982,21,2014,unemployed,single_no_child,renting
982,22,2015,unemployed,single_no_child,other_temporary
982,23,2016,part_time,single_no_child,other_temporary
982,24,2017,part_time,single_no_child,renting
982,25,2018,full_time,single_no_child,renting
982,26,2019,part_time,single_no_child,renting
982,27,2020,full_time,single_no_child,renting
982,28,2021,full_time,single_no_child,renting
982,29,2022,unemployed,single_no_child,renting
982,30,2023,full_time,single_no_child,owner_occupied
983,18,2009,education,single_no_child,renting
983,19,2010,education,single_no_child,renting
983,20,2011,full_time,single_no_child,renting
983,21,2012,full_time,single_no_child,renting
983,22,2013,full_time,single_no_child,renting
983,23,2014,full_time,single_no_child,renting
983,24,2015,full_time,single_no_child,renting
983,25,2016,full_time,single_no_child,renting
983,26,2017,full_time,single_no_child,renting
983,27,2018,full_time,single_parent,renting
983,28,2019,full_time,single_parent,renting
983,29,2020,full_time,single_parent,renting
983,30,2021,full_time,single_parent,renting
984,18,2012,education,single_no_child,parental_home
984,19,2013,education,single_no_child,parental_home
984,20,2014,part_time,single_no_child,renting
984,21,2015,part_time,single_no_child,renting
984,22,2016,full_time,single_no_child,renting
984,23,2017,unemployed,single_no_child,renting
984,24,2018,full_time,single_no_child,renting
984,25,2019,part_time,single_no_child,renting
984,26,2020,full_time,single_no_child,renting
984,27,2021,full_time,single_no_child,renting
984,28,2022,part_time,partnered_no_child,renting
984,29,2023,full_time,partnered_no_child,renting
984,30,2024,full_time,partnered_no_child,renting
985,18,2012,part_time,single_no_child,renting
985,19,2013,education,single_no_child,renting
985,20,2014,education,single_no_child,renting
985,21,2015,education,single_no_child,renting
985,22,2016,education,single_no_child,renting
985,23,2017,full_time,single_no_child,renting
985,24,2018,full_time,single_parent,renting
985,25,2019,full_time,partnered_with_child,renting
985,26,2020,full_time,partnered_with_child,renting
985,27,2021,full_time,partnered_with_child,owner_occupied
985,28,2022,full_time,partnered_with_child,owner_occupied
985,29,2023,education,partnered_with_child,owner_occupied
985,30,2024,full_time,partnered_with_child,owner_occupied
986,18,2012,unemployed,single_no_child,parental_home
986,19,2013,unemployed,single_no_child,parental_home
986,20,2014,unemployed,partnered_no_child,parental_home
986,21,2015,part_time,partnered_with_child,renting
986,22,2016,full_time,partnered_with_child,renting
986,23,2017,unemployed,partnered_with_child,renting
986,24,2018,full_time,partnered_with_child,renting
986,25,2019,part_time,partnered_with_child,renting
986,26,2020,unemployed,partnered_with_child,renting
986,27,2021,full_time,partnered_with_child,renting
986,28,2022,part_time,partnered_with_child,renting
986,29,2023,full_time,partnered_with_child,renting
986,30,2024,full_time,partnered_with_child,renting
987,18,2012,education,single_no_child,parental_home
987,19,2013,education,single_no_child,parental_home
987,20,2014,education,single_no_child,parental_home
987,21,2015,education,single_no_child,parental_home
987,22,2016,education,single_no_child,parental_home
987,23,2017,full_time,single_no_child,parental_home
987,24,2018,full_time,single_no_child,parental_home
987,25,2019,full_time,single_no_child,parental_home
987,26,2020,full_time,single_no_child,parental_home
987,27,2021,full_time,single_no_child,renting
987,28,2022,full_time,partnered_no_child,renting
987,29,2023,full_time,partnered_no_child,renting
987,30,2024,full_time,partnered_no_child,renting
988,18,2011,education,single_no_child,parental_home
988,19,2012,unemployed,single_no_child,parental_home
988,20,2013,education,single_no_child,parental_home
988,21,2014,education,single_no_child,parental_home
988,22,2015,education,single_no_child,renting
988,23,2016,full_time,single_no_child,renting
988,24,2017,full_time,single_no_child,renting
988,25,2018,full_time,single_no_child,renting
988,26,2019,part_time,single_no_child,renting
988,27,2020,full_time,single_no_child,renting
988,28,2021,full_time,single_no_child,renting
988,29,2022,part_time,partnered_no_child,renting
988,30,2023,full_time,partnered_no_child,renting
989,18,2012,part_time,single_no_child,parental_home
989,19,2013,education,single_no_child,parental_home
989,20,2014,education,single_no_child,parental_home
989,21,2015,education,single_no_child,parental_home
989,22,2016,education,single_no_child,parental_home
989,23,2017,full_time,partnered_no_child,parental_home
989,24,2018,part_time,partnered_no_child,parental_home
989,25,2019,part_time,partnered_no_child,parental_home
989,26,2020,full_time,partnered_no_child,parental_home
989,27,2021,full_time,partnered_with_child,parental_home
989,28,2022,inactive_care,partnered_with_child,parental_home
989,29,2023,unemployed,partnered_with_child,parental_home
989,30,2024,full_time,partnered_with_child,renting
990,18,2008,education,single_no_child,parental_home
990,19,2009,education,single_no_child,parental_home
990,20,2010,education,single_no_child,parental_home
990,21,2011,education,single_no_child,parental_home
990,22,2012,inactive_care,single_no_child,other_temporary
990,23,2013,full_time,partnered_with_child,other_temporary
990,24,2014,full_time,partnered_with_child,other_temporary
990,25,2015,full_time,partnered_with_child,renting
990,26,2016,full_time,partnered_with_child,owner_occupied
990,27,2017,full_time,partnered_with_child,owner_occupied
990,28,2018,full_time,partnered_with_child,owner_occupied
990,29,2019,full_time,partnered_with_child,owner_occupied
990,30,2020,part_time,partnered_with_child,owner_occupied
991,18,2012,education,single_no_child,parental_home
991,19,2013,education,single_no_child,parental_home
991,20,2014,education,single_no_child,parental_home
991,21,2015,education,single_no_child,parental_home
991,22,2016,education,single_no_child,parental_home
991,23,2017,full_time,single_no_child,parental_home
991,24,2018,full_time,single_no_child,parental_home
991,25,2019,full_time,single_no_child,renting
991,26,2020,full_time,single_no_child,owner_occupied
991,27,2021,full_time,single_parent,owner_occupied
991,28,2022,full_time,single_parent,owner_occupied
991,29,2023,part_time,single_parent,owner_occupied
991,30,2024,full_time,single_parent,owner_occupied
992,18,2009,education,single_no_child,parental_home
992,19,2010,education,single_no_child,parental_home
992,20,2011,education,partnered_no_child,parental_home
992,21,2012,education,partnered_no_child,renting
992,22,2013,education,partnered_no_child,renting
992,23,2014,full_time,partnered_no_child,renting
992,24,2015,full_time,partnered_with_child,renting
992,25,2016,full_time,partnered_with_child,renting
992,26,2017,full_time,partnered_with_child,renting
992,27,2018,full_time,partnered_with_child,owner_occupied
992,28,2019,full_time,partnered_with_child,owner_occupied
992,29,2020,full_time,partnered_with_child,owner_occupied
992,30,2021,full_time,partnered_with_child,owner_occupied
993,18,2012,education,single_no_child,parental_home
993,19,2013,education,single_no_child,parental_home
993,20,2014,education,single_no_child,parental_home
993,21,2015,full_time,single_no_child,parental_home
993,22,2016,full_time,single_no_child,parental_home
993,23,2017,full_time,partnered_no_child,parental_home
993,24,2018,full_time,partnered_no_child,renting
993,25,2019,inactive_care,partnered_with_child,renting
993,26,2020,unemployed,partnered_with_child,renting
993,27,2021,part_time,partnered_with_child,renting
993,28,2022,part_time,partnered_with_child,renting
993,29,2023,unemployed,partnered_with_child,renting
993,30,2024,inactive_care,partnered_with_child,renting
994,18,2009,education,single_no_child,parental_home
994,19,2010,education,single_no_child,parental_home
994,20,2011,education,single_no_child,parental_home
994,21,2012,full_time,single_no_child,renting
994,22,2013,unemployed,single_no_child,renting
994,23,2014,full_time,single_no_child,renting
994,24,2015,full_time,single_no_child,renting
994,25,2016,inactive_care,partnered_no_child,renting
994,26,2017,inactive_care,partnered_no_child,renting
994,27,2018,part_time,partnered_no_child,renting
994,28,2019,part_time,partnered_no_child,renting
994,29,2020,full_time,partnered_no_child,renting
994,30,2021,full_time,partnered_no_child,renting
995,18,2010,education,single_no_child,parental_home
995,19,2011,education,single_no_child,parental_home
995,20,2012,education,single_no_child,parental_home
995,21,2013,unemployed,single_no_child,parental_home
995,22,2014,unemployed,single_no_child,parental_home
995,23,2015,part_time,single_parent,parental_home
995,24,2016,part_time,single_parent,parental_home
995,25,2017,full_time,single_parent,parental_home
995,26,2018,full_time,partnered_with_child,parental_home
995,27,2019,full_time,partnered_with_child,parental_home
995,28,2020,full_time,partnered_with_child,renting
995,29,2021,full_time,partnered_with_child,renting
995,30,2022,full_time,partnered_with_child,renting
996,18,2012,education,single_no_child,parental_home
996,19,2013,education,single_no_child,parental_home
996,20,2014,education,single_no_child,parental_home
996,21,2015,education,single_no_child,renting
996,22,2016,education,single_no_child,renting
996,23,2017,full_time,partnered_no_child,renting
996,24,2018,full_time,partnered_no_child,renting
996,25,2019,full_time,partnered_no_child,renting
996,26,2020,full_time,partnered_with_child,renting
996,27,2021,full_time,partnered_with_child,renting
996,28,2022,full_time,partnered_with_child,renting
996,29,2023,full_time,partnered_with_child,renting
996,30,2024,full_time,partnered_with_child,renting
997,18,2010,education,single_no_child,renting
997,19,2011,education,single_no_child,renting
997,20,2012,unemployed,single_no_child,renting
997,21,2013,part_time,partnered_no_child,renting
997,22,2014,full_time,partnered_no_child,renting
997,23,2015,unemployed,partnered_no_child,renting
997,24,2016,full_time,partnered_no_child,renting
997,25,2017,part_time,partnered_with_child,renting
997,26,2018,unemployed,partnered_with_child,renting
997,27,2019,full_time,partnered_with_child,renting
997,28,2020,part_time,partnered_with_child,renting
997,29,2021,full_time,partnered_with_child,renting
997,30,2022,full_time,partnered_with_child,renting
998,18,2010,education,single_no_child,parental_home
998,19,2011,education,single_no_child,parental_home
998,20,2012,education,single_no_child,parental_home
998,21,2013,education,single_no_child,parental_home
998,22,2014,unemployed,single_no_child,parental_home
998,23,2015,full_time,single_no_child,parental_home
998,24,2016,full_time,partnered_with_child,parental_home
998,25,2017,full_time,partnered_with_child,parental_home
998,26,2018,full_time,partnered_with_child,parental_home
998,27,2019,full_time,partnered_with_child,parental_home
998,28,2020,full_time,partnered_with_child,parental_home
998,29,2021,full_time,partnered_with_child,parental_home
998,30,2022,full_time,partnered_with_child,other_temporary
999,18,2009,education,single_no_child,parental_home
999,19,2010,unemployed,single_no_child,parental_home
999,20,2011,unemployed,single_no_child,parental_home
999,21,2012,part_time,single_no_child,parental_home
999,22,2013,part_time,single_parent,parental_home
999,23,2014,unemployed,single_parent,renting
999,24,2015,unemployed,single_parent,renting
999,25,2016,inactive_care,partnered_with_child,renting
999,26,2017,unemployed,partnered_with_child,renting
999,27,2018,part_time,partnered_with_child,renting
999,28,2019,unemployed,partnered_with_child,renting
999,29,2020,part_time,partnered_with_child,renting
999,30,2021,part_time,partnered_with_child,renting
1000,18,2009,education,single_no_child,parental_home
1000,19,2010,full_time,single_no_child,parental_home
1000,20,2011,education,single_no_child,parental_home
1000,21,2012,full_time,single_no_child,parental_home
1000,22,2013,full_time,single_no_child,parental_home
1000,23,2014,full_time,single_no_child,parental_home
1000,24,2015,full_time,single_no_child,renting
1000,25,2016,inactive_care,single_no_child,renting
1000,26,2017,inactive_care,single_no_child,renting
1000,27,2018,part_time,single_no_child,owner_occupied
1000,28,2019,part_time,partnered_no_child,owner_occupied
1000,29,2020,full_time,partnered_no_child,owner_occupied
1000,30,2021,full_time,partnered_no_child,owner_occupied
