id,birth_year,sex,parental_education,childhood_sep,region,migration_background,baseline_health_18,income_32_eur,self_rated_health_32,mental_health_score_32,employment_status_32,emp_18,emp_19,emp_20,emp_21,emp_22,emp_23,emp_24,emp_25,emp_26,emp_27,emp_28,emp_29,emp_30,fam_18,fam_19,fam_20,fam_21,fam_22,fam_23,fam_24,fam_25,fam_26,fam_27,fam_28,fam_29,fam_30,house_18,house_19,house_20,house_21,house_22,house_23,house_24,house_25,house_26,house_27,house_28,house_29,house_30
1,1990,male,medium,3,southern_finland,0,4,50100,4,10.4,full_time,education,education,full_time,full_time,full_time,full_time,full_time,full_time,full_time,full_time,part_time,full_time,full_time,single_no_child,single_no_child,partnered_no_child,partnered_no_child,partnered_no_child,partnered_no_child,partnered_no_child,partnered_no_child,partnered_no_child,partnered_no_child,partnered_no_child,partnered_no_child,partnered_no_child,renting,renting,renting,renting,renting,renting,renting,renting,renting,renting,renting,renting,owner_occupied
2,1991,male,medium,2,western_finland,0,3,42500,1,7.2,full_time,education,education,part_time,full_time,full_time,full_time,full_time,unemployed,inactive_care,part_time,part_time,full_time,full_time,single_no_child,partnered_no_child,partnered_no_child,partnered_no_child,partnered_no_child,partnered_no_child,partnered_no_child,partnered_no_child,partnered_no_child,partnered_no_child,partnered_no_child,partnered_no_child,partnered_no_child,parental_home,parental_home,parental_home,parental_home,other_temporary,other_temporary,other_temporary,renting,renting,renting,renting,renting,renting
3,1991,male,high,4,eastern_northern_finland,0,5,39000,4,6.8,full_time,education,education,unemployed,part_time,full_time,unemployed,part_time,part_time,unemployed,full_time,part_time,full_time,full_time,single_no_child,single_no_child,single_no_child,single_no_child,single_no_child,single_no_child,partnered_no_child,partnered_no_child,partnered_no_child,partnered_with_child,partnered_with_child,partnered_with_child,partnered_with_child,parental_home,parental_home,renting,renting,renting,renting,owner_occupied,owner_occupied,owner_occupied,owner_occupied,owner_occupied,owner_occupied,owner_occupied
4,1993,female,low,2,capital_region,0,4,39400,3,4.1,full_time,education,education,education,full_time,full_time,full_time,full_time,inactive_care,inactive_care,part_time,part_time,full_time,full_time,single_no_child,single_no_child,single_no_child,partnered_no_child,partnered_no_child,partnered_no_child,partnered_no_child,partnered_no_child,partnered_no_child,partnered_with_child,partnered_with_child,partnered_with_child,partnered_with_child,parental_home,parental_home,parental_home,parental_home,parental_home,parental_home,renting,renting,renting,renting,renting,renting,renting
5,1992,female,medium,2,capital_region,0,3,24700,2,9.1,unemployed,education,unemployed,full_time,unemployed,part_time,unemployed,unemployed,inactive_care,part_time,full_time,unemployed,full_time,unemployed,single_no_child,single_no_child,single_no_child,single_no_child,partnered_no_child,partnered_no_child,partnered_no_child,partnered_no_child,partnered_with_child,partnered_with_child,partnered_with_child,partnered_with_child,partnered_with_child,parental_home,parental_home,parental_home,parental_home,parental_home,renting,renting,renting,renting,renting,renting,renting,renting
6,1992,female,low,4,southern_finland,0,4,32400,4,11.4,full_time,education,unemployed,education,unemployed,unemployed,part_time,part_time,full_time,full_time,full_time,full_time,full_time,full_time,single_no_child,single_no_child,single_no_child,single_no_child,single_no_child,single_no_child,single_no_child,single_no_child,single_no_child,partnered_no_child,partnered_no_child,partnered_no_child,partnered_no_child,parental_home,parental_home,parental_home,parental_home,parental_home,parental_home,other_temporary,other_temporary,other_temporary,other_temporary,other_temporary,renting,renting
7,1991,male,medium,2,southern_finland,0,3,43600,4,4.9,full_time,education,education,education,education,education,full_time,full_time,full_time,unemployed,full_time,full_time,full_time,full_time,single_no_child,single_no_child,single_no_child,single_no_child,single_no_child,partnered_no_child,partnered_no_child,partnered_no_child,partnered_no_child,single_no_child,single_no_child,single_no_child,single_no_child,parental_home,parental_home,parental_home,parental_home,renting,renting,renting,renting,renting,renting,renting,renting,renting
8,1994,female,low,1,capital_region,1,3,33800,2,9.9,full_time,education,education,unemployed,part_time,full_time,unemployed,full_time,part_time,unemployed,full_time,part_time,full_time,full_time,single_no_child,single_no_child,single_no_child,partnered_no_child,partnered_no_child,partnered_no_child,partnered_no_child,partnered_no_child,partnered_no_child,partnered_no_child,partnered_no_child,partnered_no_child,partnered_with_child,other_temporary,other_temporary,renting,renting,renting,renting,renting,renting,owner_occupied,owner_occupied,owner_occupied,owner_occupied,owner_occupied
9,1993,male,low,3,capital_region,0,4,54500,3,8.0,full_time,education,education,education,full_time,full_time,full_time,full_time,inactive_care,inactive_care,part_time,part_time,part_time,full_time,single_no_child,single_no_child,single_no_child,single_no_child,single_no_child,single_no_child,single_no_child,single_no_child,single_no_child,single_no_child,single_parent,single_parent,single_parent,parental_home,parental_home,parental_home,parental_home,renting,renting,renting,renting,renting,renting,renting,renting,renting
10,1990,female,low,2,eastern_northern_finland,0,3,26500,4,12.3,full_time,education,education,unemployed,inactive_care,unemployed,part_time,part_time,full_time,full_time,full_time,full_time,part_time,full_time,single_no_child,single_no_child,single_no_child,single_no_child,single_no_child,single_no_child,single_no_child,single_no_child,single_no_child,single_no_child,single_no_child,single_no_child,single_no_child,parental_home,parental_home,parental_home,renting,other_temporary,other_temporary,renting,renting,renting,renting,renting,renting,renting
11,1992,male,low,3,western_finland,0,3,12100,2,13.4,full_time,education,unemployed,unemployed,unemployed,part_time,unemployed,inactive_care,inactive_care,unemployed,part_time,unemployed,full_time,full_time,single_no_child,single_no_child,single_no_child,single_no_child,single_no_child,single_no_child,single_no_child,single_no_child,single_parent,partnered_with_child,partnered_with_child,partnered_with_child,partnered_with_child,parental_home,parental_home,parental_home,parental_home,parental_home,parental_home,renting,renting,renting,renting,renting,renting,renting
12,1990,female,medium,3,capital_region,0,3,34700,3,8.1,full_time,education,unemployed,education,full_time,full_time,full_time,full_time,inactive_care,inactive_care,part_time,part_time,full_time,full_time,single_no_child,single_no_child,single_no_child,single_no_child,single_no_child,single_no_child,single_no_child,single_no_child,single_no_child,single_no_child,single_no_child,partnered_no_child,partnered_no_child,parental_home,parental_home,parental_home,parental_home,renting,renting,renting,renting,renting,renting,renting,renting,renting
13,1993,male,medium,3,southern_finland,0,3,42400,3,7.9,full_time,education,inactive_care,full_time,full_time,full_time,full_time,full_time,full_time,full_time,full_time,unemployed,full_time,full_time,single_no_child,single_no_child,single_no_child,single_no_child,single_no_child,single_parent,single_parent,single_parent,single_parent,single_parent,single_parent,partnered_with_child,partnered_with_child,parental_home,parental_home,parental_home,parental_home,parental_home,parental_home,parental_home,renting,owner_occupied,owner_occupied,owner_occupied,owner_occupied,owner_occupied
14,1992,male,high,5,western_finland,0,5,60900,5,9.8,full_time,education,education,education,education,education,full_time,full_time,full_time,full_time,full_time,full_time,full_time,full_time,single_no_child,single_no_child,single_no_child,partnered_no_child,partnered_no_child,partnered_with_child,partnered_with_child,partnered_with_child,partnered_with_child,partnered_with_child,single_parent,partnered_with_child,partnered_with_child,parental_home,parental_home,parental_home,other_temporary,renting,renting,renting,owner_occupied,owner_occupied,owner_occupied,owner_occupied,owner_occupied,owner_occupied
15,1993,male,low,3,capital_region,0,3,31700,1,6.8,full_time,education,part_time,education,unemployed,unemployed,part_time,part_time,full_time,part_time,full_time,full_time,full_time,full_time,single_no_child,single_no_child,partnered_no_child,partnered_no_child,single_no_child,single_no_child,single_no_child,single_no_child,single_no_child,single_no_child,single_no_child,single_no_child,single_no_child,renting,renting,renting,renting,renting,renting,renting,renting,renting,renting,renting,renting,renting
16,1994,female,low,2,western_finland,0,4,45000,4,5.0,full_time,education,education,unemployed,full_time,full_time,full_time,full_time,inactive_care,inactive_care,part_time,part_time,full_time,full_time,single_no_child,single_no_child,single_no_child,single_no_child,single_no_child,partnered_no_child,partnered_no_child,partnered_no_child,partnered_no_child,partnered_no_child,partnered_no_child,partnered_no_child,partnered_no_child,parental_home,parental_home,parental_home,renting,renting,renting,renting,renting,renting,renting,renting,renting,renting
17,1993,female,medium,3,capital_region,0,5,60100,5,5.2,full_time,education,education,full_time,full_time,full_time,full_time,full_time,full_time,full_time,full_time,full_time,full_time,full_time,single_no_child,single_no_child,single_no_child,single_no_child,single_no_child,single_no_child,single_no_child,single_no_child,single_no_child,single_no_child,single_no_child,partnered_no_child,partnered_no_child,parental_home,parental_home,parental_home,parental_home,parental_home,parental_home,parental_home,parental_home,parental_home,renting,renting,renting,owner_occupied
18,1994,male,low,3,eastern_northern_finland,0,3,37700,3,6.5,full_time,education,education,unemployed,education,education,full_time,full_time,full_time,full_time,full_time,full_time,full_time,full_time,single_no_child,single_no_child,single_no_child,single_no_child,single_no_child,single_no_child,single_no_child,single_no_child,partnered_no_child,partnered_no_child,single_no_child,single_parent,single_parent,parental_home,parental_home,parental_home,renting,renting,renting,renting,renting,renting,renting,renting,renting,renting
19,1992,female,low,1,southern_finland,0,3,50600,3,7.6,full_time,education,education,full_time,unemployed,full_time,full_time,full_time,full_time,full_time,full_time,full_time,full_time,full_time,single_no_child,single_no_child,single_no_child,single_no_child,single_no_child,single_no_child,single_no_child,single_no_child,single_no_child,single_no_child,partnered_no_child,partnered_no_child,partnered_no_child,parental_home,parental_home,parental_home,parental_home,parental_home,parental_home,parental_home,parental_home,parental_home,parental_home,renting,renting,renting
20,1992,female,low,2,western_finland,1,4,39400,5,8.0,full_time,education,education,full_time,full_time,inactive_care,full_time,full_time,full_time,full_time,full_time,full_time,full_time,full_time,single_no_child,single_no_child,single_no_child,single_no_child,single_no_child,single_parent,single_parent,single_parent,single_parent,single_parent,single_parent,single_parent,single_parent,renting,renting,renting,renting,renting,renting,renting,renting,renting,renting,renting,renting,renting
21,1990,female,medium,2,capital_region,1,3,28300,3,6.7,full_time,education,education,education,education,unemployed,part_time,part_time,full_time,full_time,full_time,full_time,full_time,full_time,single_no_child,single_no_child,single_no_child,single_no_child,single_no_child,single_no_child,single_no_child,single_no_child,single_no_child,single_no_child,single_no_child,single_no_child,single_no_child,parental_home,parental_home,parental_home,parental_home,parental_home,parental_home,parental_home,parental_home,parental_home,parental_home,renting,renting,renting
22,1994,female,high,4,western_finland,0,4,49200,4,5.2,full_time,education,education,education,unemployed,education,full_time,full_time,full_time,full_time,full_time,full_time,full_time,full_time,single_no_child,single_no_child,single_no_child,single_no_child,single_no_child,single_no_child,single_no_child,single_no_child,single_no_child,single_no_child,single_no_child,single_no_child,single_no_child,parental_home,parental_home,parental_home,parental_home,parental_home,parental_home,renting,renting,renting,renting,renting,renting,renting
23,1990,male,low,3,capital_region,0,4,32300,3,8.9,full_time,education,education,education,full_time,part_time,full_time,full_time,full_time,inactive_care,part_time,part_time,full_time,full_time,single_no_child,single_no_child,single_no_child,single_no_child,single_no_child,single_no_child,single_no_child,single_no_child,single_parent,single_parent,single_parent,single_parent,single_parent,parental_home,parental_home,renting,renting,renting,renting,renting,renting,renting,renting,renting,renting,renting
24,1991,male,medium,3,western_finland,0,4,48700,4,9.7,full_time,education,education,education,education,education,full_time,full_time,full_time,full_time,full_time,full_time,full_time,full_time,single_no_child,single_no_child,single_no_child,single_no_child,single_parent,single_parent,single_parent,single_parent,single_parent,single_parent,single_parent,single_parent,single_parent,renting,renting,renting,renting,renting,renting,renting,renting,renting,renting,renting,renting,renting
25,1992,female,high,3,capital_region,0,4,51500,4,13.6,full_time,education,education,education,education,education,full_time,full_time,full_time,full_time,full_time,full_time,full_time,full_time,single_no_child,single_no_child,single_no_child,single_no_child,single_no_child,single_no_child,single_no_child,single_no_child,single_no_child,single_no_child,partnered_with_child,partnered_with_child,partnered_with_child,renting,renting,renting,renting,renting,renting,renting,renting,renting,renting,renting,renting,renting
26,1993,female,low,4,eastern_northern_finland,0,4,66600,4,6.6,full_time,education,education,full_time,full_time,full_time,part_time,full_time,full_time,full_time,full_time,full_time,full_time,full_time,single_no_child,single_no_child,single_no_child,single_no_child,single_no_child,single_no_child,single_no_child,single_parent,single_parent,single_parent,single_parent,single_parent,single_parent,parental_home,parental_home,parental_home,parental_home,parental_home,parental_home,parental_home,renting,renting,renting,renting,renting,renting
27,1990,female,medium,3,eastern_northern_finland,0,2,46000,2,5.0,full_time,education,education,unemployed,education,education,full_time,full_time,full_time,full_time,full_time,full_time,full_time,full_time,single_no_child,single_no_child,single_no_child,single_no_child,single_no_child,single_no_child,single_no_child,single_no_child,single_no_child,single_no_child,single_no_child,single_no_child,single_no_child,renting,renting,renting,renting,renting,renting,renting,renting,renting,renting,renting,renting,renting
28,1994,male,low,3,southern_finland,0,5,38600,5,6.6,full_time,education,education,education,education,education,full_time,full_time,full_time,full_time,part_time,full_time,full_time,full_time,single_no_child,single_no_child,single_no_child,single_no_child,partnered_no_child,partnered_no_child,partnered_no_child,partnered_no_child,partnered_no_child,partnered_no_child,partnered_no_child,partnered_no_child,partnered_no_child,parental_home,parental_home,parental_home,other_temporary,other_temporary,other_temporary,other_temporary,renting,owner_occupied,owner_occupied,owner_occupied,owner_occupied,owner_occupied
29,1990,male,medium,2,capital_region,0,4,42800,5,4.6,full_time,education,education,education,education,education,full_time,full_time,full_time,full_time,full_time,full_time,full_time,full_time,single_no_child,single_no_child,single_no_child,single_no_child,single_no_child,single_no_child,single_no_child,partnered_no_child,partnered_no_child,single_parent,single_parent,partnered_with_child,partnered_with_child,parental_home,parental_home,parental_home,parental_home,parental_home,renting,renting,renting,renting,renting,owner_occupied,owner_occupied,owner_occupied
30,1992,female,medium,5,western_finland,0,4,45500,3,7.0,full_time,education,education,education,education,education,full_time,full_time,full_time,full_time,full_time,full_time,full_time,full_time,single_no_child,single_no_child,single_no_child,single_no_child,single_no_child,single_no_child,single_no_child,single_parent,single_parent,single_parent,single_parent,single_parent,single_parent,parental_home,parental_home,parental_home,parental_home,parental_home,parental_home,other_temporary,renting,renting,renting,renting,renting,renting
31,1994,female,high,5,western_finland,0,4,48400,4,7.6,full_time,education,education,full_time,full_time,full_time,inactive_care,full_time,full_time,full_time,full_time,full_time,full_time,full_time,single_no_child,single_no_child,partnered_no_child,partnered_no_child,partnered_no_child,partnered_no_child,partnered_no_child,single_no_child,single_no_child,single_no_child,single_no_child,single_no_child,partnered_no_child,renting,renting,renting,renting,renting,renting,renting,renting,renting,renting,renting,renting,renting
32,1994,male,low,1,southern_finland,0,4,32200,3,4.8,full_time,full_time,education,education,full_time,full_time,full_time,full_time,unemployed,inactive_care,part_time,part_time,full_time,full_time,single_no_child,single_no_child,single_no_child,single_no_child,single_no_child,single_no_child,single_no_child,single_parent,single_parent,single_parent,single_parent,partnered_with_child,partnered_with_child,parental_home,parental_home,parental_home,parental_home,parental_home,parental_home,parental_home,parental_home,parental_home,parental_home,parental_home,parental_home,renting
33,1990,male,high,4,eastern_northern_finland,0,3,37500,3,5.6,full_time,education,full_time,education,education,education,full_time,full_time,full_time,full_time,full_time,full_time,full_time,full_time,single_no_child,single_no_child,single_no_child,single_no_child,single_no_child,single_no_child,single_no_child,single_no_child,single_no_child,single_no_child,single_parent,single_parent,single_parent,parental_home,parental_home,parental_home,parental_home,parental_home,parental_home,renting,renting,renting,renting,renting,renting,renting
34,1991,female,medium,4,southern_finland,1,3,32900,2,6.4,full_time,education,education,education,education,education,full_time,full_time,full_time,part_time,part_time,full_time,full_time,full_time,single_no_child,single_no_child,single_no_child,single_no_child,single_no_child,single_no_child,single_no_child,single_no_child,single_no_child,single_no_child,single_parent,single_parent,single_parent,renting,renting,renting,renting,renting,renting,renting,renting,renting,renting,renting,renting,renting
35,1994,female,medium,3,eastern_northern_finland,0,4,46900,5,2.9,full_time,education,education,education,education,education,full_time,full_time,full_time,full_time,full_time,full_time,full_time,full_time,single_no_child,single_no_child,single_no_child,single_no_child,single_no_child,single_no_child,single_no_child,single_no_child,single_no_child,partnered_no_child,partnered_no_child,partnered_no_child,partnered_no_child,parental_home,parental_home,parental_home,parental_home,parental_home,parental_home,parental_home,parental_home,parental_home,renting,renting,renting,renting
36,1993,female,medium,3,capital_region,0,4,58700,4,4.1,full_time,education,education,full_time,full_time,full_time,full_time,full_time,full_time,full_time,full_time,full_time,full_time,full_time,single_no_child,single_no_child,single_no_child,single_no_child,single_no_child,partnered_no_child,partnered_with_child,partnered_with_child,partnered_with_child,partnered_with_child,partnered_with_child,partnered_with_child,partnered_with_child,parental_home,parental_home,renting,renting,renting,renting,renting,renting,renting,renting,renting,renting,renting
37,1993,female,high,4,southern_finland,0,4,39800,4,4.6,full_time,education,education,education,full_time,full_time,full_time,full_time,inactive_care,unemployed,part_time,part_time,full_time,full_time,single_no_child,single_no_child,single_no_child,single_no_child,single_no_child,single_no_child,single_no_child,single_no_child,single_no_child,single_no_child,single_no_child,single_parent,partnered_with_child,renting,renting,renting,renting,renting,renting,renting,renting,renting,renting,renting,renting,renting
38,1991,male,high,4,capital_region,1,4,46900,3,0.9,full_time,education,education,education,unemployed,unemployed,part_time,part_time,full_time,full_time,full_time,full_time,full_time,full_time,single_no_child,single_no_child,single_no_child,single_no_child,single_no_child,single_no_child,single_no_child,single_no_child,single_no_child,partnered_no_child,partnered_no_child,partnered_no_child,partnered_no_child,parental_home,parental_home,parental_home,parental_home,parental_home,parental_home,parental_home,parental_home,parental_home,parental_home,renting,renting,renting
39,1992,male,medium,4,southern_finland,0,4,52200,5,9.0,full_time,education,education,education,education,education,full_time,full_time,full_time,full_time,full_time,part_time,full_time,full_time,single_no_child,single_no_child,single_no_child,single_no_child,single_no_child,single_no_child,single_no_child,single_no_child,single_no_child,single_no_child,single_no_child,single_no_child,single_no_child,parental_home,parental_home,parental_home,parental_home,parental_home,parental_home,parental_home,renting,renting,renting,renting,renting,renting
40,1990,female,high,3,capital_region,0,4,49900,4,8.2,full_time,education,education,full_time,full_time,full_time,full_time,full_time,full_time,full_time,full_time,full_time,full_time,full_time,single_no_child,single_no_child,single_no_child,single_no_child,single_parent,single_parent,single_parent,single_parent,single_parent,single_parent,single_parent,single_parent,single_parent,parental_home,parental_home,parental_home,renting,renting,renting,renting,renting,renting,renting,renting,renting,renting
41,1992,male,medium,3,southern_finland,0,4,36300,3,6.5,full_time,full_time,education,unemployed,education,education,full_time,unemployed,full_time,full_time,full_time,full_time,full_time,part_time,single_no_child,single_no_child,single_no_child,single_no_child,single_no_child,single_parent,single_parent,single_parent,single_parent,single_parent,single_parent,single_parent,single_parent,other_temporary,other_temporary,other_temporary,renting,renting,renting,renting,renting,renting,renting,renting,renting,renting
42,1994,female,low,1,eastern_northern_finland,1,4,48500,4,7.2,full_time,education,education,part_time,full_time,full_time,full_time,full_time,full_time,full_time,full_time,unemployed,full_time,full_time,single_no_child,single_no_child,single_no_child,single_no_child,single_no_child,single_no_child,single_no_child,single_no_child,single_no_child,single_no_child,partnered_no_child,partnered_no_child,partnered_no_child,parental_home,parental_home,parental_home,parental_home,parental_home,parental_home,parental_home,parental_home,parental_home,renting,renting,renting,renting
43,1992,male,low,1,eastern_northern_finland,0,3,26600,3,10.3,full_time,education,education,unemployed,inactive_care,full_time,unemployed,full_time,full_time,unemployed,full_time,part_time,full_time,part_time,single_no_child,single_no_child,single_no_child,single_no_child,partnered_no_child,partnered_with_child,partnered_with_child,partnered_with_child,partnered_with_child,partnered_with_child,partnered_with_child,partnered_with_child,partnered_with_child,parental_home,parental_home,parental_home,parental_home,parental_home,parental_home,parental_home,parental_home,renting,renting,renting,renting,renting
44,1992,male,high,5,capital_region,0,3,38000,3,1.0,full_time,education,education,education,education,education,full_time,full_time,unemployed,full_time,full_time,full_time,full_time,full_time,single_no_child,single_no_child,single_no_child,single_no_child,single_no_child,single_no_child,single_no_child,single_no_child,single_no_child,single_no_child,single_no_child,single_no_child,single_no_child,renting,renting,renting,renting,renting,renting,renting,renting,renting,renting,renting,renting,renting
45,1991,female,medium,2,southern_finland,0,4,28300,4,3.6,full_time,education,education,education,full_time,full_time,full_time,full_time,inactive_care,unemployed,part_time,part_time,full_time,full_time,single_no_child,single_no_child,single_no_child,single_no_child,single_no_child,partnered_no_child,partnered_no_child,partnered_no_child,partnered_no_child,partnered_no_child,partnered_with_child,partnered_with_child,single_parent,parental_home,parental_home,parental_home,parental_home,parental_home,renting,renting,renting,renting,renting,owner_occupied,owner_occupied,owner_occupied
46,1992,female,low,1,western_finland,0,3,19200,3,6.1,full_time,education,education,education,part_time,unemployed,part_time,part_time,inactive_care,inactive_care,part_time,part_time,full_time,full_time,single_no_child,partnered_no_child,partnered_no_child,partnered_no_child,partnered_no_child,partnered_no_child,partnered_no_child,partnered_no_child,partnered_no_child,partnered_no_child,partnered_no_child,partnered_no_child,partnered_no_child,parental_home,parental_home,renting,renting,renting,renting,renting,renting,renting,renting,renting,owner_occupied,owner_occupied
47,1992,male,high,5,capital_region,0,3,38500,2,10.8,unemployed,education,unemployed,unemployed,unemployed,part_time,unemployed,part_time,inactive_care,unemployed,part_time,unemployed,full_time,part_time,single_no_child,single_no_child,single_no_child,single_no_child,single_no_child,single_no_child,single_no_child,single_no_child,single_no_child,single_no_child,partnered_no_child,partnered_with_child,partnered_with_child,parental_home,parental_home,parental_home,parental_home,parental_home,parental_home,parental_home,parental_home,parental_home,parental_home,parental_home,parental_home,parental_home
48,1994,male,medium,2,western_finland,0,4,28800,2,11.2,full_time,education,education,unemployed,part_time,full_time,unemployed,full_time,part_time,unemployed,full_time,part_time,full_time,full_time,partnered_no_child,partnered_no_child,partnered_no_child,partnered_no_child,partnered_no_child,partnered_no_child,partnered_no_child,partnered_no_child,partnered_no_child,partnered_no_child,partnered_with_child,partnered_with_child,partnered_with_child,parental_home,parental_home,parental_home,parental_home,renting,renting,renting,renting,renting,renting,renting,renting,renting
49,1992,male,medium,3,southern_finland,0,2,39800,2,9.7,full_time,education,unemployed,education,education,education,full_time,full_time,full_time,full_time,full_time,full_time,full_time,full_time,single_no_child,single_no_child,single_no_child,single_no_child,single_no_child,single_no_child,single_no_child,partnered_no_child,partnered_with_child,partnered_with_child,partnered_with_child,partnered_with_child,partnered_with_child,parental_home,parental_home,parental_home,parental_home,parental_home,parental_home,parental_home,parental_home,parental_home,parental_home,renting,renting,renting
50,1990,female,high,3,southern_finland,0,3,32800,2,6.6,full_time,education,education,education,full_time,full_time,full_time,full_time,inactive_care,inactive_care,part_time,part_time,full_time,full_time,single_no_child,single_no_child,single_no_child,single_no_child,single_no_child,single_no_child,single_no_child,single_no_child,single_no_child,single_no_child,single_no_child,single_no_child,single_no_child,parental_home,parental_home,parental_home,parental_home,parental_home,parental_home,parental_home,parental_home,renting,renting,renting,renting,renting
51,1991,male,high,4,capital_region,0,4,50400,5,6.9,full_time,education,education,education,education,education,part_time,full_time,full_time,full_time,full_time,full_time,full_time,full_time,single_no_child,single_no_child,single_no_child,single_no_child,partnered_no_child,partnered_no_child,partnered_no_child,partnered_no_child,single_no_child,single_no_child,partnered_no_child,partnered_no_child,partnered_with_child,parental_home,parental_home,parental_home,parental_home,parental_home,parental_home,parental_home,parental_home,parental_home,parental_home,parental_home,other_temporary,renting
52,1992,female,high,3,eastern_northern_finland,0,4,61800,5,4.9,full_time,education,education,full_time,full_time,full_time,full_time,full_time,full_time,full_time,full_time,full_time,part_time,full_time,single_no_child,single_no_child,single_no_child,single_no_child,single_no_child,single_no_child,single_no_child,single_no_child,single_no_child,single_no_child,single_no_child,partnered_no_child,partnered_no_child,parental_home,parental_home,parental_home,parental_home,parental_home,other_temporary,renting,renting,renting,renting,renting,renting,renting
53,1993,male,high,2,western_finland,1,4,52700,4,9.4,full_time,education,education,education,full_time,full_time,unemployed,full_time,inactive_care,full_time,part_time,part_time,full_time,full_time,partnered_no_child,partnered_no_child,partnered_no_child,partnered_no_child,partnered_no_child,partnered_no_child,partnered_no_child,partnered_no_child,partnered_no_child,partnered_no_child,partnered_no_child,partnered_no_child,partnered_no_child,renting,renting,renting,renting,renting,renting,renting,renting,renting,renting,renting,renting,renting
54,1994,male,low,2,capital_region,0,4,42600,4,1.6,full_time,education,education,full_time,full_time,part_time,full_time,full_time,full_time,full_time,full_time,full_time,full_time,full_time,single_no_child,single_no_child,single_no_child,partnered_no_child,partnered_no_child,partnered_no_child,partnered_no_child,partnered_no_child,partnered_no_child,partnered_no_child,partnered_no_child,partnered_no_child,partnered_no_child,parental_home,parental_home,parental_home,parental_home,parental_home,parental_home,parental_home,renting,renting,renting,renting,renting,renting
55,1992,female,medium,4,eastern_northern_finland,0,3,39500,2,7.2,full_time,education,education,education,full_time,full_time,full_time,full_time,inactive_care,inactive_care,part_time,part_time,full_time,full_time,single_no_child,single_no_child,single_no_child,single_no_child,single_parent,single_parent,single_parent,single_parent,single_parent,single_parent,single_parent,single_parent,single_parent,other_temporary,other_temporary,renting,renting,renting,renting,owner_occupied,owner_occupied,owner_occupied,owner_occupied,owner_occupied,owner_occupied,owner_occupied
56,1990,female,high,4,western_finland,0,3,44600,3,3.8,full_time,education,education,education,education,education,full_time,full_time,full_time,full_time,full_time,full_time,full_time,full_time,single_no_child,single_no_child,single_no_child,single_no_child,single_no_child,single_no_child,single_no_child,single_no_child,single_no_child,single_no_child,single_no_child,single_no_child,single_no_child,parental_home,other_temporary,other_temporary,renting,renting,renting,renting,renting,renting,renting,renting,renting,renting
57,1990,male,low,3,southern_finland,0,3,61000,2,12.4,full_time,education,education,education,education,education,full_time,full_time,part_time,full_time,full_time,full_time,full_time,full_time,single_no_child,single_no_child,single_no_child,single_no_child,single_parent,single_parent,single_parent,single_parent,single_parent,single_parent,partnered_with_child,partnered_with_child,partnered_with_child,renting,renting,renting,renting,renting,renting,renting,renting,renting,renting,renting,renting,owner_occupied
58,1991,male,high,4,capital_region,0,4,47500,5,5.3,full_time,education,education,education,education,education,full_time,full_time,full_time,full_time,full_time,full_time,full_time,full_time,single_no_child,single_no_child,single_no_child,single_no_child,partnered_no_child,partnered_no_child,partnered_no_child,partnered_no_child,partnered_no_child,partnered_no_child,partnered_no_child,partnered_with_child,partnered_with_child,parental_home,parental_home,parental_home,parental_home,parental_home,renting,renting,renting,renting,owner_occupied,owner_occupied,owner_occupied,owner_occupied
59,1992,male,high,3,southern_finland,0,4,45800,4,10.8,full_time,education,education,education,education,education,full_time,full_time,full_time,full_time,full_time,full_time,full_time,full_time,single_no_child,single_no_child,single_no_child,single_no_child,single_no_child,single_no_child,single_no_child,single_no_child,single_parent,single_parent,single_parent,single_parent,single_parent,parental_home,parental_home,parental_home,parental_home,parental_home,parental_home,parental_home,renting,renting,renting,renting,renting,renting
60,1992,male,medium,1,western_finland,0,4,51600,5,11.3,full_time,part_time,education,full_time,full_time,full_time,full_time,full_time,full_time,full_time,full_time,full_time,full_time,full_time,single_no_child,single_no_child,single_no_child,single_no_child,single_no_child,single_no_child,single_no_child,single_no_child,single_no_child,single_no_child,single_no_child,partnered_no_child,partnered_no_child,parental_home,parental_home,parental_home,parental_home,parental_home,renting,renting,renting,renting,renting,renting,renting,renting
61,1994,male,medium,4,capital_region,0,3,61500,3,10.5,part_time,education,education,education,unemployed,education,full_time,full_time,full_time,full_time,full_time,full_time,full_time,full_time,single_no_child,single_no_child,single_no_child,single_no_child,single_no_child,single_no_child,single_no_child,single_no_child,single_no_child,single_no_child,partnered_no_child,partnered_no_child,partnered_with_child,parental_home,renting,renting,renting,renting,renting,owner_occupied,owner_occupied,owner_occupied,owner_occupied,owner_occupied,owner_occupied,owner_occupied
62,1991,male,high,2,southern_finland,0,2,38900,3,7.8,full_time,education,education,education,full_time,full_time,full_time,part_time,inactive_care,inactive_care,full_time,inactive_care,full_time,full_time,single_no_child,single_no_child,single_no_child,single_no_child,single_no_child,single_no_child,single_no_child,single_no_child,single_no_child,single_no_child,single_no_child,single_no_child,single_no_child,parental_home,parental_home,parental_home,parental_home,parental_home,renting,renting,renting,renting,renting,renting,renting,renting
63,1994,female,medium,2,capital_region,0,3,46600,3,6.9,full_time,education,education,full_time,part_time,full_time,full_time,full_time,full_time,full_time,full_time,full_time,full_time,full_time,single_no_child,single_no_child,single_no_child,single_no_child,single_no_child,single_no_child,single_no_child,single_no_child,single_parent,single_parent,partnered_with_child,partnered_with_child,partnered_with_child,parental_home,parental_home,parental_home,parental_home,parental_home,parental_home,parental_home,parental_home,parental_home,parental_home,parental_home,parental_home,parental_home
64,1990,male,low,2,western_finland,0,3,34200,2,4.2,full_time,education,education,education,education,education,full_time,full_time,full_time,part_time,full_time,full_time,full_time,full_time,single_no_child,single_no_child,single_no_child,single_no_child,single_no_child,single_no_child,single_no_child,single_no_child,single_no_child,single_no_child,single_no_child,single_no_child,single_parent,parental_home,parental_home,parental_home,parental_home,parental_home,parental_home,parental_home,parental_home,parental_home,parental_home,parental_home,renting,renting
65,1990,male,high,4,southern_finland,0,4,59400,5,5.9,full_time,education,education,education,education,education,full_time,full_time,full_time,full_time,full_time,full_time,full_time,full_time,single_no_child,single_no_child,single_no_child,single_no_child,single_no_child,single_no_child,single_no_child,single_no_child,single_no_child,single_no_child,partnered_no_child,partnered_no_child,partnered_no_child,parental_home,parental_home,parental_home,parental_home,parental_home,parental_home,renting,owner_occupied,owner_occupied,owner_occupied,owner_occupied,owner_occupied,owner_occupied
66,1991,female,low,1,capital_region,1,4,51200,4,4.3,full_time,education,education,education,education,education,full_time,full_time,full_time,full_time,full_time,full_time,full_time,full_time,single_no_child,single_no_child,single_no_child,single_no_child,single_no_child,single_no_child,single_no_child,single_no_child,single_no_child,partnered_no_child,partnered_no_child,partnered_no_child,partnered_no_child,parental_home,parental_home,parental_home,parental_home,parental_home,parental_home,parental_home,parental_home,parental_home,parental_home,parental_home,parental_home,parental_home
67,1994,female,medium,2,capital_region,0,4,43600,5,12.7,full_time,education,education,unemployed,part_time,full_time,unemployed,full_time,part_time,unemployed,full_time,part_time,full_time,full_time,single_no_child,single_no_child,partnered_no_child,partnered_no_child,partnered_no_child,partnered_no_child,partnered_no_child,partnered_no_child,single_parent,single_parent,single_parent,single_parent,single_parent,parental_home,renting,other_temporary,other_temporary,renting,renting,renting,renting,renting,renting,renting,renting,renting
68,1991,female,medium,2,southern_finland,0,3,35600,2,10.4,full_time,education,education,unemployed,part_time,full_time,unemployed,full_time,full_time,unemployed,full_time,part_time,full_time,full_time,single_no_child,single_no_child,single_no_child,single_no_child,single_no_child,single_no_child,single_no_child,partnered_with_child,partnered_with_child,partnered_with_child,partnered_with_child,partnered_with_child,partnered_with_child,parental_home,renting,renting,renting,renting,renting,renting,renting,renting,renting,renting,renting,renting
69,1993,female,low,2,capital_region,1,4,46600,5,8.9,full_time,education,education,education,full_time,full_time,full_time,full_time,inactive_care,inactive_care,part_time,part_time,full_time,full_time,single_no_child,single_no_child,single_no_child,single_no_child,single_no_child,single_no_child,single_no_child,single_no_child,partnered_no_child,partnered_no_child,partnered_no_child,partnered_no_child,partnered_with_child,renting,renting,renting,renting,renting,renting,renting,renting,renting,renting,renting,renting,renting
70,1990,female,medium,3,western_finland,0,4,46000,4,8.3,full_time,education,education,education,education,education,full_time,unemployed,full_time,full_time,full_time,full_time,full_time,full_time,single_no_child,single_no_child,single_no_child,single_no_child,single_no_child,single_no_child,single_no_child,single_no_child,single_no_child,single_no_child,single_no_child,single_no_child,single_no_child,parental_home,parental_home,parental_home,parental_home,parental_home,parental_home,parental_home,parental_home,other_temporary,other_temporary,renting,owner_occupied,owner_occupied
71,1992,female,low,2,capital_region,0,4,53200,4,15.2,full_time,education,education,education,full_time,education,inactive_care,full_time,full_time,full_time,full_time,full_time,full_time,part_time,single_no_child,single_no_child,single_no_child,single_parent,single_parent,single_parent,single_parent,single_parent,single_parent,partnered_with_child,partnered_with_child,partnered_with_child,partnered_with_child,parental_home,renting,renting,renting,renting,renting,renting,owner_occupied,owner_occupied,owner_occupied,owner_occupied,owner_occupied,owner_occupied
72,1991,male,medium,1,southern_finland,0,3,52300,4,3.5,full_time,education,education,education,education,education,full_time,part_time,full_time,full_time,full_time,full_time,full_time,full_time,single_no_child,single_no_child,single_no_child,single_no_child,single_no_child,partnered_no_child,partnered_no_child,partnered_no_child,partnered_with_child,partnered_with_child,partnered_with_child,partnered_with_child,partnered_with_child,parental_home,parental_home,parental_home,parental_home,renting,renting,renting,renting,renting,renting,renting,renting,renting
73,1993,male,low,1,capital_region,0,3,51600,3,6.6,full_time,education,education,full_time,full_time,full_time,full_time,full_time,full_time,full_time,full_time,full_time,part_time,full_time,single_no_child,single_no_child,single_no_child,single_no_child,single_no_child,single_no_child,single_no_child,single_no_child,single_no_child,single_no_child,partnered_no_child,partnered_no_child,partnered_no_child,parental_home,parental_home,parental_home,parental_home,parental_home,renting,renting,renting,renting,renting,renting,renting,renting
74,1992,female,low,2,capital_region,0,4,56600,4,5.8,full_time,unemployed,education,education,part_time,education,full_time,full_time,part_time,full_time,full_time,full_time,full_time,full_time,single_no_child,single_no_child,single_no_child,single_no_child,single_no_child,single_no_child,single_no_child,single_no_child,single_no_child,single_no_child,partnered_no_child,partnered_no_child,partnered_no_child,renting,renting,renting,renting,renting,renting,renting,renting,renting,owner_occupied,owner_occupied,owner_occupied,owner_occupied
75,1994,female,medium,3,capital_region,1,3,24500,3,10.2,full_time,education,education,education,full_time,full_time,full_time,full_time,part_time,inactive_care,part_time,part_time,full_time,full_time,single_no_child,single_no_child,single_no_child,single_no_child,single_no_child,single_no_child,single_no_child,single_no_child,single_no_child,single_no_child,single_no_child,single_no_child,partnered_with_child,parental_home,parental_home,parental_home,parental_home,renting,renting,renting,renting,renting,renting,renting,renting,renting
76,1994,female,medium,4,southern_finland,0,5,49800,5,1.5,full_time,education,part_time,full_time,full_time,full_time,full_time,full_time,full_time,full_time,full_time,full_time,full_time,full_time,single_no_child,single_no_child,single_no_child,single_no_child,single_no_child,single_no_child,single_no_child,single_no_child,single_no_child,partnered_no_child,partnered_no_child,partnered_no_child,partnered_no_child,parental_home,parental_home,parental_home,parental_home,parental_home,parental_home,parental_home,renting,renting,renting,owner_occupied,owner_occupied,owner_occupied
77,1993,male,medium,2,capital_region,0,4,35400,3,10.6,full_time,education,education,unemployed,full_time,full_time,unemployed,full_time,part_time,unemployed,full_time,part_time,full_time,education,single_no_child,single_no_child,partnered_no_child,partnered_with_child,single_parent,single_parent,single_parent,single_parent,single_parent,single_parent,single_parent,single_parent,single_parent,parental_home,parental_home,renting,renting,renting,renting,renting,renting,renting,renting,renting,renting,renting
78,1990,male,medium,3,western_finland,1,4,55200,4,0.3,full_time,education,education,education,education,education,full_time,full_time,full_time,full_time,full_time,full_time,full_time,full_time,single_no_child,single_no_child,single_no_child,single_no_child,single_no_child,single_no_child,partnered_no_child,partnered_no_child,partnered_no_child,partnered_with_child,partnered_with_child,partnered_with_child,partnered_with_child,renting,renting,renting,renting,renting,renting,owner_occupied,owner_occupied,owner_occupied,owner_occupied,owner_occupied,owner_occupied,owner_occupied
79,1992,female,high,3,western_finland,0,3,49200,3,11.3,full_time,unemployed,education,education,education,education,full_time,full_time,full_time,full_time,full_time,education,full_time,full_time,single_no_child,single_no_child,single_no_child,single_no_child,single_no_child,single_no_child,single_no_child,single_no_child,single_no_child,single_no_child,single_no_child,single_no_child,single_no_child,parental_home,parental_home,renting,renting,renting,renting,renting,renting,renting,renting,renting,renting,owner_occupied
80,1994,male,medium,3,eastern_northern_finland,0,2,53000,2,8.0,full_time,part_time,education,education,education,education,full_time,full_time,full_time,full_time,full_time,full_time,full_time,full_time,partnered_no_child,partnered_no_child,partnered_no_child,partnered_no_child,partnered_no_child,partnered_no_child,partnered_no_child,partnered_no_child,partnered_with_child,partnered_with_child,partnered_with_child,partnered_with_child,partnered_with_child,parental_home,parental_home,parental_home,parental_home,parental_home,parental_home,parental_home,renting,renting,renting,renting,renting,owner_occupied
81,1994,female,medium,2,capital_region,1,3,45000,3,7.2,full_time,education,education,education,education,unemployed,part_time,full_time,part_time,full_time,full_time,full_time,inactive_care,full_time,single_no_child,single_no_child,single_no_child,single_no_child,single_no_child,single_no_child,single_no_child,single_no_child,single_no_child,single_no_child,single_no_child,single_no_child,partnered_no_child,parental_home,parental_home,parental_home,parental_home,parental_home,parental_home,parental_home,parental_home,renting,renting,renting,renting,renting
82,1990,female,medium,2,capital_region,0,5,42400,4,9.2,full_time,education,education,full_time,full_time,full_time,inactive_care,full_time,full_time,full_time,full_time,full_time,part_time,full_time,single_no_child,partnered_no_child,partnered_no_child,partnered_no_child,partnered_no_child,partnered_with_child,partnered_with_child,partnered_with_child,partnered_with_child,partnered_with_child,partnered_with_child,partnered_with_child,partnered_with_child,parental_home,parental_home,parental_home,parental_home,parental_home,parental_home,parental_home,parental_home,parental_home,renting,renting,renting,renting
83,1993,female,medium,3,southern_finland,0,4,49200,3,12.4,full_time,education,education,unemployed,part_time,full_time,unemployed,full_time,part_time,unemployed,unemployed,part_time,full_time,inactive_care,single_no_child,single_no_child,single_no_child,single_no_child,single_no_child,single_no_child,single_parent,single_parent,single_parent,single_parent,single_parent,single_parent,partnered_with_child,parental_home,parental_home,parental_home,parental_home,parental_home,renting,renting,renting,renting,renting,renting,renting,renting
84,1994,male,medium,1,eastern_northern_finland,0,3,51200,3,10.3,full_time,education,education,part_time,full_time,full_time,full_time,full_time,full_time,full_time,full_time,full_time,full_time,full_time,single_no_child,single_no_child,single_no_child,single_no_child,single_no_child,single_no_child,partnered_no_child,partnered_no_child,partnered_no_child,partnered_no_child,partnered_no_child,partnered_no_child,partnered_no_child,parental_home,renting,renting,renting,renting,renting,renting,renting,renting,renting,renting,renting,renting
85,1992,female,low,3,eastern_northern_finland,1,3,43200,3,14.1,full_time,education,education,full_time,full_time,full_time,full_time,inactive_care,full_time,inactive_care,full_time,full_time,full_time,full_time,single_no_child,single_no_child,single_no_child,single_no_child,single_no_child,single_no_child,single_no_child,partnered_no_child,single_no_child,partnered_no_child,partnered_no_child,partnered_no_child,partnered_no_child,parental_home,parental_home,parental_home,parental_home,parental_home,parental_home,parental_home,renting,renting,renting,renting,renting,renting
86,1990,male,high,3,eastern_northern_finland,0,4,50600,4,0.7,full_time,education,education,education,full_time,full_time,full_time,full_time,inactive_care,inactive_care,part_time,part_time,full_time,full_time,single_no_child,single_no_child,single_no_child,single_no_child,single_no_child,single_no_child,single_no_child,single_no_child,single_parent,single_parent,single_parent,partnered_with_child,partnered_with_child,parental_home,parental_home,parental_home,parental_home,parental_home,parental_home,renting,renting,renting,renting,renting,renting,renting
87,1992,male,low,1,western_finland,0,4,43100,4,4.9,full_time,education,education,education,unemployed,unemployed,part_time,part_time,full_time,full_time,full_time,full_time,full_time,full_time,single_no_child,single_no_child,single_no_child,single_no_child,single_no_child,single_no_child,partnered_with_child,partnered_with_child,partnered_with_child,partnered_with_child,partnered_with_child,partnered_with_child,partnered_with_child,parental_home,parental_home,renting,renting,renting,renting,renting,renting,renting,renting,renting,renting,renting
88,1991,male,low,2,western_finland,1,4,43800,4,3.1,full_time,education,education,education,education,education,full_time,full_time,part_time,full_time,full_time,full_time,full_time,full_time,single_no_child,single_no_child,single_no_child,single_no_child,single_no_child,single_no_child,single_no_child,single_no_child,single_no_child,partnered_no_child,partnered_no_child,partnered_no_child,partnered_no_child,renting,renting,renting,renting,renting,renting,renting,renting,renting,renting,renting,renting,renting
89,1994,male,high,2,eastern_northern_finland,0,5,48000,5,2.8,full_time,education,unemployed,full_time,education,education,full_time,full_time,full_time,full_time,full_time,full_time,full_time,inactive_care,single_no_child,single_no_child,single_no_child,single_no_child,single_no_child,single_no_child,single_no_child,single_no_child,single_parent,single_parent,partnered_with_child,partnered_with_child,partnered_with_child,parental_home,parental_home,other_temporary,other_temporary,other_temporary,other_temporary,renting,renting,renting,renting,renting,owner_occupied,owner_occupied
90,1991,female,high,2,eastern_northern_finland,0,3,34600,1,16.2,full_time,education,unemployed,unemployed,unemployed,part_time,unemployed,unemployed,inactive_care,unemployed,part_time,full_time,full_time,part_time,single_no_child,single_no_child,single_no_child,single_no_child,single_no_child,single_no_child,single_no_child,single_no_child,single_no_child,single_no_child,single_no_child,single_no_child,single_no_child,parental_home,parental_home,parental_home,parental_home,parental_home,parental_home,parental_home,parental_home,parental_home,parental_home,parental_home,parental_home,parental_home
91,1992,male,low,2,eastern_northern_finland,0,3,26400,2,7.9,full_time,education,education,full_time,full_time,full_time,full_time,full_time,unemployed,part_time,full_time,full_time,full_time,full_time,single_no_child,partnered_no_child,partnered_no_child,partnered_no_child,partnered_no_child,partnered_no_child,partnered_no_child,partnered_no_child,partnered_no_child,partnered_no_child,partnered_no_child,partnered_no_child,partnered_no_child,parental_home,parental_home,parental_home,parental_home,renting,renting,renting,renting,renting,renting,renting,renting,renting
92,1990,male,medium,2,eastern_northern_finland,0,3,40100,3,8.7,full_time,education,education,education,education,education,full_time,full_time,full_time,full_time,unemployed,full_time,full_time,full_time,single_no_child,single_no_child,single_no_child,single_no_child,single_no_child,partnered_no_child,partnered_no_child,partnered_no_child,partnered_no_child,partnered_no_child,partnered_with_child,partnered_with_child,partnered_with_child,parental_home,parental_home,parental_home,renting,renting,renting,renting,renting,renting,renting,owner_occupied,owner_occupied,owner_occupied
93,1992,female,medium,3,capital_region,1,4,48200,5,9.4,full_time,education,education,education,unemployed,unemployed,part_time,part_time,full_time,full_time,full_time,full_time,full_time,full_time,single_no_child,single_no_child,single_no_child,single_no_child,partnered_no_child,partnered_no_child,partnered_no_child,partnered_no_child,single_no_child,single_no_child,single_no_child,partnered_no_child,partnered_with_child,parental_home,parental_home,parental_home,renting,renting,renting,renting,renting,renting,renting,renting,renting,renting
94,1993,female,high,3,capital_region,1,4,34600,3,6.7,full_time,education,education,full_time,education,education,full_time,full_time,full_time,full_time,full_time,full_time,full_time,full_time,single_no_child,single_no_child,single_no_child,single_no_child,single_no_child,partnered_no_child,partnered_no_child,partnered_no_child,partnered_no_child,partnered_no_child,partnered_no_child,partnered_no_child,partnered_with_child,parental_home,parental_home,parental_home,parental_home,parental_home,parental_home,parental_home,parental_home,parental_home,renting,renting,renting,renting
95,1990,male,high,3,eastern_northern_finland,0,4,56300,5,8.9,full_time,education,education,education,education,education,full_time,full_time,full_time,part_time,full_time,full_time,full_time,full_time,single_no_child,single_no_child,single_no_child,single_no_child,single_no_child,single_no_child,single_no_child,partnered_no_child,partnered_no_child,partnered_no_child,partnered_no_child,partnered_no_child,partnered_no_child,parental_home,parental_home,parental_home,parental_home,parental_home,parental_home,renting,renting,renting,renting,renting,renting,renting
96,1990,male,medium,2,western_finland,0,4,42000,4,6.1,full_time,unemployed,unemployed,education,education,education,full_time,full_time,full_time,full_time,full_time,full_time,full_time,full_time,single_no_child,single_no_child,single_no_child,single_no_child,single_no_child,single_no_child,single_parent,single_parent,single_parent,single_parent,single_parent,single_parent,partnered_with_child,renting,other_temporary,renting,renting,renting,renting,renting,renting,renting,renting,renting,renting,renting
97,1993,male,low,2,southern_finland,0,3,21600,1,13.0,unemployed,education,unemployed,unemployed,unemployed,part_time,unemployed,unemployed,part_time,unemployed,part_time,unemployed,full_time,part_time,single_no_child,single_no_child,single_no_child,single_no_child,single_no_child,partnered_no_child,partnered_no_child,partnered_no_child,partnered_no_child,partnered_no_child,single_no_child,single_no_child,single_no_child,parental_home,parental_home,parental_home,parental_home,parental_home,parental_home,parental_home,parental_home,parental_home,parental_home,renting,renting,renting
98,1993,male,high,5,southern_finland,0,5,29900,5,6.8,full_time,education,education,education,unemployed,unemployed,part_time,part_time,full_time,full_time,part_time,full_time,full_time,full_time,single_no_child,single_no_child,single_no_child,single_no_child,single_no_child,single_no_child,single_no_child,single_no_child,single_no_child,single_parent,single_parent,single_parent,single_parent,renting,renting,renting,renting,renting,renting,renting,renting,renting,renting,renting,renting,renting
99,1993,male,high,2,western_finland,1,3,42100,2,6.9,full_time,part_time,full_time,education,education,education,full_time,full_time,full_time,full_time,inactive_care,full_time,unemployed,full_time,single_no_child,single_no_child,single_no_child,single_no_child,single_no_child,single_no_child,single_parent,single_parent,single_parent,single_parent,single_parent,single_parent,single_parent,parental_home,parental_home,parental_home,parental_home,parental_home,parental_home,parental_home,parental_home,parental_home,renting,renting,renting,renting
100,1991,male,medium,2,eastern_northern_finland,0,5,38500,3,11.9,full_time,education,education,unemployed,part_time,full_time,unemployed,full_time,part_time,unemployed,full_time,part_time,full_time,full_time,single_no_child,single_no_child,single_no_child,single_no_child,partnered_no_child,partnered_no_child,partnered_no_child,partnered_no_child,partnered_no_child,partnered_no_child,partnered_no_child,partnered_no_child,single_no_child,other_temporary,renting,renting,renting,renting,renting,renting,renting,renting,renting,renting,owner_occupied,owner_occupied
101,1993,male,low,2,southern_finland,0,4,45700,4,4.5,full_time,education,unemployed,inactive_care,full_time,full_time,full_time,full_time,inactive_care,inactive_care,part_time,full_time,full_time,full_time,partnered_no_child,partnered_no_child,partnered_no_child,partnered_no_child,partnered_no_child,partnered_no_child,partnered_no_child,partnered_no_child,partnered_no_child,partnered_no_child,partnered_no_child,partnered_with_child,partnered_with_child,parental_home,parental_home,parental_home,parental_home,parental_home,parental_home,parental_home,parental_home,parental_home,parental_home,renting,renting,renting
102,1994,female,medium,4,capital_region,0,4,43200,5,3.8,full_time,education,education,education,education,unemployed,full_time,full_time,full_time,full_time,full_time,full_time,full_time,full_time,single_no_child,single_no_child,single_no_child,single_no_child,partnered_no_child,partnered_with_child,partnered_with_child,partnered_with_child,partnered_with_child,partnered_with_child,partnered_with_child,partnered_with_child,partnered_with_child,parental_home,parental_home,parental_home,parental_home,parental_home,parental_home,parental_home,parental_home,parental_home,parental_home,renting,renting,renting
103,1990,male,low,2,capital_region,1,5,40000,5,2.6,inactive_care,education,education,education,full_time,full_time,full_time,full_time,inactive_care,inactive_care,part_time,part_time,full_time,full_time,single_no_child,single_no_child,single_no_child,single_no_child,single_no_child,single_parent,single_parent,single_parent,single_parent,single_parent,single_parent,single_parent,single_parent,parental_home,renting,renting,renting,renting,renting,renting,renting,renting,owner_occupied,owner_occupied,owner_occupied,owner_occupied
104,1992,male,medium,2,capital_region,0,4,57400,5,10.1,full_time,education,part_time,education,education,education,full_time,full_time,full_time,full_time,full_time,full_time,full_time,full_time,single_no_child,single_no_child,partnered_no_child,partnered_no_child,partnered_no_child,partnered_no_child,partnered_no_child,partnered_with_child,partnered_with_child,partnered_with_child,partnered_with_child,partnered_with_child,partnered_with_child,other_temporary,other_temporary,renting,renting,renting,renting,renting,renting,renting,renting,renting,renting,renting
105,1992,male,medium,3,western_finland,0,5,38300,5,0.2,full_time,education,education,part_time,education,education,unemployed,full_time,full_time,full_time,full_time,full_time,full_time,full_time,single_no_child,single_no_child,single_no_child,single_no_child,single_no_child,single_no_child,single_no_child,single_no_child,single_no_child,single_no_child,single_no_child,partnered_no_child,partnered_no_child,parental_home,parental_home,renting,renting,renting,renting,renting,renting,renting,renting,renting,renting,renting
106,1990,female,low,2,western_finland,0,2,50300,2,8.1,full_time,education,education,education,full_time,full_time,full_time,full_time,unemployed,inactive_care,part_time,part_time,full_time,full_time,single_no_child,single_no_child,single_no_child,single_no_child,single_no_child,single_no_child,single_no_child,single_no_child,single_no_child,single_no_child,single_no_child,single_no_child,single_parent,parental_home,parental_home,parental_home,renting,renting,renting,renting,renting,renting,renting,renting,renting,renting
107,1993,female,medium,2,capital_region,0,2,47400,2,10.1,full_time,education,education,education,education,education,full_time,full_time,full_time,full_time,full_time,full_time,unemployed,full_time,single_no_child,single_no_child,single_no_child,single_no_child,single_no_child,partnered_no_child,partnered_no_child,partnered_no_child,partnered_with_child,partnered_with_child,partnered_with_child,partnered_with_child,partnered_with_child,parental_home,parental_home,parental_home,parental_home,parental_home,parental_home,parental_home,parental_home,parental_home,parental_home,parental_home,parental_home,renting
108,1990,female,medium,3,eastern_northern_finland,0,4,36500,3,11.2,full_time,education,unemployed,unemployed,unemployed,part_time,part_time,unemployed,inactive_care,unemployed,part_time,unemployed,full_time,part_time,single_no_child,single_no_child,single_no_child,single_no_child,single_no_child,single_no_child,partnered_no_child,partnered_no_child,partnered_no_child,partnered_with_child,partnered_with_child,partnered_with_child,partnered_with_child,parental_home,parental_home,parental_home,parental_home,parental_home,parental_home,parental_home,parental_home,renting,owner_occupied,owner_occupied,owner_occupied,owner_occupied
109,1990,female,low,1,southern_finland,0,2,16600,1,22.7,full_time,education,unemployed,unemployed,unemployed,part_time,part_time,unemployed,inactive_care,part_time,unemployed,unemployed,inactive_care,part_time,single_no_child,single_no_child,single_no_child,single_no_child,single_no_child,single_no_child,single_no_child,single_no_child,single_no_child,single_no_child,partnered_no_child,partnered_no_child,partnered_no_child,renting,renting,renting,renting,renting,renting,renting,renting,renting,renting,renting,renting,renting
110,1990,female,medium,2,eastern_northern_finland,0,5,33400,4,5.4,full_time,education,education,education,inactive_care,unemployed,part_time,part_time,full_time,full_time,full_time,full_time,full_time,full_time,single_no_child,single_no_child,single_no_child,single_no_child,single_no_child,partnered_no_child,partnered_no_child,partnered_no_child,partnered_no_child,partnered_no_child,partnered_no_child,partnered_no_child,partnered_no_child,parental_home,parental_home,parental_home,parental_home,renting,renting,renting,renting,renting,renting,renting,renting,renting
111,1992,male,high,3,southern_finland,0,4,37400,4,11.7,full_time,education,education,education,education,education,full_time,full_time,full_time,full_time,full_time,full_time,full_time,full_time,single_no_child,single_no_child,single_no_child,single_no_child,single_parent,partnered_with_child,partnered_with_child,partnered_with_child,partnered_with_child,partnered_with_child,partnered_with_child,partnered_with_child,partnered_with_child,renting,renting,renting,renting,renting,renting,renting,renting,renting,owner_occupied,owner_occupied,owner_occupied,owner_occupied
112,1993,female,high,3,capital_region,0,4,57200,4,5.8,full_time,education,education,full_time,full_time,full_time,full_time,full_time,full_time,full_time,full_time,full_time,full_time,full_time,single_no_child,single_no_child,single_no_child,single_no_child,single_no_child,single_no_child,single_no_child,single_no_child,partnered_no_child,partnered_with_child,partnered_with_child,partnered_with_child,partnered_with_child,other_temporary,other_temporary,renting,renting,renting,renting,renting,renting,renting,renting,renting,renting,renting
113,1991,female,low,3,capital_region,0,4,44500,3,5.4,inactive_care,education,education,education,full_time,full_time,full_time,full_time,inactive_care,inactive_care,part_time,part_time,full_time,part_time,single_no_child,single_no_child,single_no_child,single_no_child,single_no_child,single_no_child,partnered_no_child,partnered_no_child,partnered_no_child,partnered_no_child,partnered_no_child,partnered_no_child,partnered_no_child,renting,renting,renting,renting,renting,renting,renting,renting,renting,renting,renting,renting,renting
114,1992,female,high,3,capital_region,0,3,54900,3,16.5,full_time,education,education,education,education,education,full_time,unemployed,full_time,full_time,full_time,full_time,full_time,inactive_care,single_no_child,single_no_child,partnered_no_child,partnered_no_child,partnered_no_child,partnered_no_child,partnered_no_child,partnered_no_child,partnered_no_child,partnered_no_child,partnered_no_child,partnered_with_child,partnered_with_child,parental_home,parental_home,parental_home,other_temporary,other_temporary,other_temporary,renting,renting,renting,renting,renting,owner_occupied,owner_occupied
115,1993,male,high,4,western_finland,0,4,50800,4,2.9,full_time,education,education,education,full_time,education,full_time,full_time,full_time,full_time,full_time,full_time,full_time,full_time,single_no_child,single_no_child,single_no_child,single_no_child,single_no_child,single_no_child,single_no_child,single_no_child,single_no_child,single_no_child,partnered_no_child,partnered_no_child,partnered_no_child,parental_home,parental_home,parental_home,parental_home,parental_home,parental_home,parental_home,other_temporary,renting,renting,renting,owner_occupied,owner_occupied
116,1993,male,high,2,western_finland,0,3,58200,4,4.5,full_time,education,education,education,education,education,full_time,full_time,full_time,part_time,full_time,full_time,full_time,full_time,single_no_child,single_no_child,single_no_child,single_no_child,single_no_child,single_no_child,single_no_child,single_no_child,single_no_child,single_no_child,single_no_child,single_no_child,single_no_child,parental_home,parental_home,parental_home,parental_home,parental_home,parental_home,parental_home,parental_home,parental_home,parental_home,renting,renting,renting
117,1991,female,medium,3,western_finland,0,4,29100,3,7.5,full_time,education,education,unemployed,part_time,full_time,part_time,full_time,part_time,unemployed,full_time,part_time,full_time,full_time,single_no_child,single_no_child,single_no_child,partnered_no_child,partnered_no_child,partnered_with_child,partnered_with_child,partnered_with_child,partnered_with_child,partnered_with_child,partnered_with_child,partnered_with_child,partnered_with_child,renting,renting,renting,renting,renting,renting,renting,renting,renting,renting,renting,renting,owner_occupied
118,1990,female,high,4,western_finland,0,4,58400,5,7.5,full_time,education,education,education,education,education,part_time,full_time,full_time,full_time,full_time,full_time,full_time,full_time,single_no_child,single_no_child,single_no_child,single_no_child,single_no_child,single_no_child,single_no_child,single_no_child,single_no_child,single_no_child,single_no_child,partnered_no_child,partnered_no_child,parental_home,parental_home,parental_home,parental_home,parental_home,parental_home,parental_home,parental_home,parental_home,parental_home,parental_home,parental_home,parental_home
119,1992,male,medium,2,western_finland,0,3,50500,2,10.6,full_time,education,education,education,full_time,part_time,full_time,full_time,inactive_care,inactive_care,part_time,part_time,full_time,full_time,single_no_child,single_no_child,single_no_child,single_no_child,single_no_child,partnered_no_child,partnered_no_child,partnered_no_child,partnered_no_child,partnered_no_child,single_no_child,single_no_child,single_no_child,parental_home,parental_home,parental_home,parental_home,parental_home,parental_home,parental_home,parental_home,parental_home,parental_home,renting,renting,renting
120,1991,male,medium,2,capital_region,0,4,45600,4,7.7,full_time,education,part_time,education,education,education,full_time,full_time,full_time,full_time,full_time,part_time,full_time,full_time,single_no_child,single_no_child,single_no_child,partnered_no_child,partnered_no_child,partnered_no_child,partnered_no_child,partnered_no_child,partnered_no_child,partnered_with_child,partnered_with_child,partnered_with_child,partnered_with_child,parental_home,parental_home,parental_home,parental_home,renting,renting,renting,renting,renting,renting,renting,renting,renting
121,1992,male,high,4,eastern_northern_finland,0,3,49900,3,4.0,full_time,education,full_time,education,education,education,full_time,full_time,full_time,full_time,full_time,full_time,full_time,full_time,single_no_child,single_no_child,single_no_child,single_no_child,single_no_child,partnered_no_child,single_no_child,single_no_child,single_no_child,single_no_child,single_no_child,single_parent,single_parent,parental_home,parental_home,parental_home,parental_home,parental_home,parental_home,parental_home,parental_home,renting,renting,renting,renting,renting
122,1993,female,high,4,eastern_northern_finland,0,5,59100,5,4.7,full_time,education,part_time,education,education,education,full_time,full_time,full_time,inactive_care,full_time,full_time,full_time,full_time,single_no_child,single_no_child,single_no_child,partnered_no_child,partnered_no_child,partnered_no_child,partnered_with_child,partnered_with_child,partnered_with_child,partnered_with_child,partnered_with_child,partnered_with_child,partnered_with_child,parental_home,parental_home,parental_home,parental_home,parental_home,renting,owner_occupied,owner_occupied,owner_occupied,owner_occupied,owner_occupied,owner_occupied,owner_occupied
123,1994,male,medium,2,eastern_northern_finland,0,3,40900,3,5.8,full_time,education,education,education,unemployed,unemployed,part_time,part_time,full_time,full_time,full_time,full_time,part_time,full_time,partnered_no_child,partnered_no_child,partnered_no_child,partnered_with_child,partnered_with_child,partnered_with_child,partnered_with_child,partnered_with_child,partnered_with_child,partnered_with_child,partnered_with_child,partnered_with_child,partnered_with_child,parental_home,parental_home,parental_home,parental_home,parental_home,parental_home,parental_home,parental_home,renting,renting,renting,renting,owner_occupied
124,1993,female,medium,3,southern_finland,1,3,44700,4,2.5,full_time,education,education,education,education,education,full_time,full_time,full_time,full_time,full_time,full_time,inactive_care,full_time,single_no_child,single_no_child,single_no_child,single_no_child,single_no_child,single_no_child,single_no_child,single_no_child,single_no_child,single_no_child,single_no_child,single_no_child,single_no_child,parental_home,renting,renting,renting,renting,renting,renting,renting,renting,renting,renting,owner_occupied,owner_occupied
125,1991,male,medium,4,western_finland,0,3,45000,4,8.7,full_time,education,education,education,full_time,full_time,inactive_care,part_time,inactive_care,inactive_care,unemployed,part_time,full_time,full_time,single_no_child,single_no_child,single_no_child,single_no_child,single_no_child,single_no_child,single_no_child,partnered_no_child,partnered_no_child,partnered_no_child,partnered_no_child,partnered_no_child,partnered_no_child,parental_home,parental_home,parental_home,parental_home,renting,renting,renting,renting,owner_occupied,owner_occupied,owner_occupied,renting,renting
126,1992,female,high,4,eastern_northern_finland,0,4,56600,5,0.0,full_time,education,education,education,unemployed,education,full_time,full_time,full_time,full_time,full_time,full_time,full_time,full_time,single_no_child,single_no_child,single_no_child,single_no_child,single_no_child,single_no_child,partnered_no_child,partnered_no_child,partnered_no_child,partnered_no_child,partnered_no_child,partnered_no_child,partnered_no_child,renting,renting,renting,renting,renting,renting,owner_occupied,owner_occupied,owner_occupied,owner_occupied,owner_occupied,owner_occupied,owner_occupied
127,1993,female,low,2,western_finland,0,4,23600,4,10.0,full_time,education,education,unemployed,part_time,full_time,part_time,inactive_care,part_time,unemployed,inactive_care,part_time,full_time,full_time,single_no_child,single_no_child,single_no_child,single_no_child,single_no_child,single_no_child,single_no_child,single_no_child,single_parent,single_parent,single_parent,single_parent,single_parent,parental_home,parental_home,parental_home,parental_home,parental_home,parental_home,parental_home,parental_home,parental_home,parental_home,parental_home,parental_home,parental_home
128,1990,male,medium,2,capital_region,0,3,44600,3,13.1,full_time,education,education,unemployed,part_time,full_time,unemployed,full_time,part_time,unemployed,full_time,part_time,full_time,full_time,single_no_child,single_no_child,single_no_child,single_no_child,single_no_child,single_no_child,single_no_child,single_parent,single_parent,single_parent,single_parent,single_parent,single_parent,renting,renting,renting,renting,renting,renting,renting,renting,renting,renting,renting,renting,renting
129,1994,female,medium,5,southern_finland,0,5,68100,5,0.8,full_time,education,education,full_time,full_time,full_time,full_time,full_time,full_time,full_time,full_time,full_time,full_time,full_time,single_no_child,single_no_child,single_no_child,single_no_child,single_no_child,single_no_child,single_no_child,single_no_child,single_no_child,partnered_no_child,partnered_no_child,partnered_no_child,partnered_no_child,renting,renting,renting,renting,renting,renting,renting,renting,renting,renting,renting,renting,renting
130,1993,female,high,3,western_finland,0,4,39900,3,8.9,unemployed,unemployed,education,full_time,full_time,unemployed,full_time,full_time,full_time,unemployed,full_time,full_time,full_time,full_time,single_no_child,single_no_child,single_no_child,single_no_child,single_no_child,single_no_child,partnered_no_child,partnered_no_child,partnered_no_child,partnered_with_child,partnered_with_child,partnered_with_child,partnered_with_child,parental_home,parental_home,parental_home,parental_home,parental_home,parental_home,parental_home,parental_home,parental_home,parental_home,renting,renting,renting
131,1994,female,low,2,capital_region,0,4,15000,3,7.0,full_time,education,inactive_care,unemployed,part_time,full_time,unemployed,full_time,part_time,unemployed,full_time,part_time,full_time,full_time,single_no_child,single_no_child,single_no_child,single_no_child,single_no_child,single_no_child,partnered_no_child,partnered_no_child,partnered_no_child,partnered_no_child,single_no_child,partnered_no_child,partnered_with_child,parental_home,parental_home,parental_home,parental_home,parental_home,parental_home,parental_home,renting,renting,renting,renting,renting,renting
132,1994,female,high,1,capital_region,1,4,21300,3,8.8,part_time,education,unemployed,unemployed,part_time,unemployed,full_time,unemployed,inactive_care,unemployed,part_time,unemployed,full_time,inactive_care,single_no_child,single_no_child,single_no_child,single_no_child,single_no_child,single_no_child,single_no_child,single_no_child,partnered_no_child,partnered_no_child,partnered_no_child,partnered_with_child,partnered_with_child,parental_home,parental_home,parental_home,parental_home,parental_home,parental_home,parental_home,parental_home,parental_home,parental_home,parental_home,renting,renting
133,1990,female,high,3,capital_region,0,3,43700,3,7.2,full_time,education,education,education,education,education,full_time,full_time,full_time,full_time,full_time,full_time,full_time,full_time,single_no_child,single_no_child,single_no_child,single_no_child,single_no_child,single_no_child,single_no_child,single_no_child,single_no_child,single_no_child,single_no_child,single_no_child,partnered_no_child,parental_home,parental_home,parental_home,parental_home,parental_home,parental_home,parental_home,parental_home,parental_home,renting,renting,renting,renting
134,1991,male,high,3,western_finland,1,4,46900,4,10.3,full_time,education,education,education,full_time,full_time,part_time,full_time,inactive_care,inactive_care,part_time,part_time,full_time,full_time,single_no_child,single_no_child,single_no_child,single_no_child,single_no_child,single_no_child,single_no_child,single_no_child,single_no_child,partnered_no_child,partnered_no_child,partnered_no_child,partnered_no_child,parental_home,parental_home,parental_home,renting,renting,renting,renting,renting,renting,renting,renting,renting,renting
135,1993,male,low,3,capital_region,0,4,39400,3,5.0,full_time,education,education,full_time,full_time,part_time,unemployed,full_time,full_time,full_time,full_time,part_time,full_time,full_time,single_no_child,single_no_child,partnered_no_child,partnered_no_child,partnered_no_child,partnered_no_child,partnered_no_child,partnered_no_child,partnered_no_child,partnered_no_child,partnered_no_child,partnered_no_child,partnered_no_child,renting,renting,renting,renting,renting,renting,renting,renting,renting,renting,renting,renting,renting
136,1993,female,medium,2,eastern_northern_finland,1,3,31800,2,3.4,full_time,education,education,education,education,education,full_time,full_time,full_time,full_time,full_time,full_time,full_time,unemployed,single_no_child,single_no_child,single_no_child,single_no_child,single_no_child,single_no_child,single_no_child,single_no_child,single_no_child,single_no_child,single_no_child,single_no_child,single_no_child,other_temporary,renting,renting,renting,renting,renting,renting,renting,renting,owner_occupied,owner_occupied,owner_occupied,owner_occupied
137,1992,male,high,3,western_finland,0,3,39800,3,7.9,full_time,education,education,full_time,full_time,full_time,full_time,full_time,inactive_care,full_time,part_time,full_time,full_time,full_time,single_no_child,single_no_child,single_no_child,partnered_no_child,partnered_no_child,partnered_no_child,partnered_no_child,partnered_no_child,partnered_no_child,partnered_no_child,partnered_no_child,partnered_no_child,partnered_no_child,parental_home,parental_home,parental_home,parental_home,renting,renting,renting,renting,renting,renting,renting,renting,renting
138,1994,male,medium,3,eastern_northern_finland,1,3,55800,4,7.3,full_time,education,education,education,education,education,full_time,full_time,full_time,full_time,part_time,full_time,full_time,full_time,single_no_child,single_no_child,single_no_child,single_no_child,single_no_child,single_no_child,single_no_child,single_no_child,single_no_child,single_no_child,single_no_child,single_no_child,partnered_no_child,parental_home,parental_home,parental_home,parental_home,parental_home,parental_home,parental_home,renting,renting,owner_occupied,owner_occupied,owner_occupied,owner_occupied
139,1994,male,medium,2,western_finland,1,3,35600,2,12.9,part_time,education,education,unemployed,part_time,full_time,unemployed,full_time,part_time,unemployed,full_time,part_time,full_time,full_time,single_no_child,single_no_child,single_no_child,single_no_child,single_no_child,single_no_child,partnered_no_child,partnered_no_child,partnered_no_child,partnered_no_child,partnered_no_child,partnered_no_child,partnered_no_child,parental_home,parental_home,parental_home,parental_home,parental_home,parental_home,parental_home,parental_home,parental_home,parental_home,renting,renting,renting
140,1992,male,medium,3,capital_region,0,4,48400,4,1.8,full_time,part_time,education,education,education,education,full_time,full_time,full_time,full_time,full_time,full_time,full_time,full_time,single_no_child,single_no_child,single_no_child,single_no_child,partnered_no_child,partnered_no_child,partnered_no_child,partnered_no_child,partnered_no_child,partnered_no_child,partnered_no_child,partnered_no_child,partnered_no_child,parental_home,parental_home,parental_home,parental_home,parental_home,renting,renting,renting,renting,renting,renting,renting,renting
141,1992,female,high,5,eastern_northern_finland,1,4,49400,5,0.8,full_time,education,education,education,education,education,part_time,full_time,full_time,full_time,full_time,full_time,full_time,part_time,single_no_child,single_no_child,single_no_child,single_no_child,single_no_child,single_no_child,single_no_child,partnered_no_child,partnered_no_child,partnered_no_child,partnered_no_child,partnered_no_child,partnered_no_child,parental_home,parental_home,parental_home,parental_home,parental_home,renting,renting,owner_occupied,owner_occupied,owner_occupied,owner_occupied,owner_occupied,owner_occupied
142,1991,female,high,3,capital_region,1,3,28200,2,12.8,full_time,education,education,education,full_time,unemployed,full_time,full_time,inactive_care,inactive_care,unemployed,full_time,full_time,full_time,single_no_child,single_no_child,single_no_child,single_no_child,single_no_child,single_no_child,single_no_child,single_no_child,single_no_child,single_no_child,single_parent,single_parent,single_parent,parental_home,parental_home,parental_home,other_temporary,other_temporary,renting,renting,renting,renting,renting,renting,renting,renting
143,1993,male,low,1,southern_finland,0,3,16900,1,11.7,part_time,education,inactive_care,unemployed,unemployed,part_time,unemployed,unemployed,inactive_care,unemployed,part_time,unemployed,full_time,part_time,single_no_child,single_no_child,partnered_no_child,partnered_no_child,partnered_no_child,partnered_no_child,partnered_no_child,partnered_no_child,partnered_no_child,partnered_no_child,partnered_no_child,partnered_no_child,partnered_no_child,parental_home,parental_home,parental_home,renting,renting,renting,renting,renting,renting,renting,renting,renting,renting
144,1990,female,medium,2,capital_region,0,4,57700,3,12.1,full_time,education,education,education,education,education,full_time,full_time,full_time,full_time,full_time,full_time,full_time,part_time,single_no_child,single_no_child,single_no_child,single_no_child,single_no_child,partnered_no_child,partnered_no_child,partnered_no_child,partnered_no_child,partnered_no_child,partnered_with_child,partnered_with_child,partnered_with_child,renting,renting,renting,renting,renting,renting,renting,renting,renting,renting,renting,renting,renting
145,1991,female,low,3,southern_finland,0,2,48200,3,7.3,full_time,education,education,full_time,full_time,full_time,full_time,full_time,full_time,full_time,full_time,full_time,full_time,full_time,single_no_child,single_no_child,single_no_child,single_no_child,single_no_child,single_no_child,single_no_child,single_no_child,partnered_no_child,partnered_no_child,partnered_with_child,partnered_with_child,single_parent,renting,renting,renting,renting,renting,renting,renting,renting,renting,renting,renting,renting,renting
146,1991,male,low,1,southern_finland,0,4,33400,3,10.3,full_time,education,education,education,unemployed,unemployed,inactive_care,part_time,full_time,full_time,full_time,full_time,full_time,full_time,single_no_child,single_no_child,single_no_child,single_no_child,single_no_child,single_no_child,single_no_child,single_parent,single_parent,single_parent,partnered_with_child,partnered_with_child,partnered_with_child,parental_home,renting,renting,renting,renting,renting,renting,renting,renting,renting,renting,renting,renting
147,1993,male,medium,3,western_finland,0,2,19800,1,11.3,part_time,education,unemployed,full_time,unemployed,part_time,unemployed,unemployed,inactive_care,unemployed,part_time,unemployed,full_time,part_time,single_no_child,single_no_child,single_no_child,single_no_child,single_no_child,single_no_child,single_no_child,single_parent,single_parent,single_parent,single_parent,single_parent,single_parent,renting,renting,renting,renting,renting,renting,renting,renting,renting,renting,renting,renting,renting
148,1994,male,medium,3,western_finland,0,5,48900,4,3.1,full_time,education,education,education,education,education,full_time,full_time,full_time,full_time,full_time,full_time,full_time,full_time,single_no_child,single_no_child,single_no_child,single_no_child,single_no_child,partnered_with_child,partnered_with_child,partnered_with_child,partnered_with_child,partnered_with_child,partnered_with_child,partnered_with_child,partnered_with_child,parental_home,parental_home,parental_home,parental_home,renting,renting,renting,renting,renting,owner_occupied,owner_occupied,owner_occupied,owner_occupied
149,1991,male,high,2,capital_region,0,5,42200,5,9.4,full_time,education,full_time,full_time,full_time,full_time,full_time,full_time,full_time,full_time,full_time,full_time,full_time,part_time,single_no_child,single_no_child,single_no_child,single_no_child,single_no_child,single_no_child,partnered_no_child,partnered_no_child,partnered_no_child,partnered_no_child,partnered_no_child,partnered_no_child,partnered_no_child,parental_home,parental_home,parental_home,parental_home,renting,renting,renting,renting,owner_occupied,owner_occupied,owner_occupied,owner_occupied,owner_occupied
150,1991,male,high,3,southern_finland,0,4,46900,4,7.2,full_time,inactive_care,education,education,education,education,full_time,full_time,full_time,full_time,full_time,full_time,part_time,full_time,single_no_child,single_no_child,single_no_child,single_no_child,single_parent,single_parent,single_parent,single_parent,single_parent,single_parent,partnered_with_child,partnered_with_child,partnered_with_child,parental_home,renting,renting,renting,renting,renting,renting,renting,renting,renting,renting,renting,renting
151,1993,female,medium,3,western_finland,0,4,53600,4,4.1,full_time,education,education,unemployed,unemployed,full_time,full_time,full_time,full_time,full_time,full_time,full_time,full_time,full_time,single_no_child,single_no_child,single_no_child,single_no_child,single_no_child,single_no_child,single_no_child,single_no_child,single_no_child,single_no_child,single_no_child,single_no_child,single_no_child,parental_home,parental_home,parental_home,renting,renting,renting,renting,renting,renting,renting,renting,renting,renting
152,1993,female,medium,3,western_finland,0,4,57300,3,4.9,full_time,education,education,part_time,education,education,full_time,full_time,full_time,full_time,full_time,full_time,full_time,full_time,single_no_child,single_no_child,single_no_child,single_no_child,single_no_child,single_no_child,single_no_child,single_no_child,single_no_child,single_parent,single_parent,single_parent,partnered_with_child,parental_home,parental_home,parental_home,parental_home,parental_home,parental_home,renting,renting,renting,renting,renting,owner_occupied,owner_occupied
153,1992,female,high,5,capital_region,0,5,58900,5,1.2,full_time,education,education,education,education,education,full_time,full_time,full_time,full_time,full_time,full_time,full_time,full_time,single_no_child,single_no_child,single_no_child,single_no_child,single_no_child,single_no_child,single_no_child,single_no_child,partnered_no_child,partnered_no_child,partnered_no_child,partnered_no_child,partnered_with_child,parental_home,parental_home,parental_home,parental_home,parental_home,parental_home,parental_home,parental_home,parental_home,parental_home,renting,renting,renting
154,1991,female,medium,3,capital_region,0,3,48800,4,1.7,full_time,education,education,education,full_time,full_time,full_time,full_time,inactive_care,inactive_care,part_time,part_time,full_time,full_time,single_no_child,single_no_child,single_no_child,partnered_no_child,partnered_no_child,partnered_no_child,partnered_no_child,partnered_no_child,partnered_no_child,single_parent,single_parent,single_parent,single_parent,parental_home,parental_home,parental_home,parental_home,parental_home,parental_home,parental_home,parental_home,renting,renting,renting,renting,renting
155,1993,male,medium,1,capital_region,0,3,39500,3,5.0,full_time,education,education,full_time,part_time,full_time,full_time,full_time,unemployed,full_time,full_time,full_time,full_time,part_time,single_no_child,single_no_child,single_no_child,single_no_child,single_no_child,single_no_child,single_no_child,single_no_child,partnered_no_child,partnered_with_child,partnered_with_child,partnered_with_child,partnered_with_child,parental_home,renting,renting,renting,renting,renting,renting,renting,renting,renting,renting,renting,renting
156,1990,male,high,2,capital_region,0,4,41200,5,8.1,full_time,education,education,full_time,full_time,full_time,education,full_time,full_time,full_time,full_time,full_time,unemployed,full_time,single_no_child,single_no_child,single_no_child,single_no_child,single_no_child,single_no_child,single_no_child,single_no_child,single_no_child,single_no_child,partnered_no_child,single_no_child,single_no_child,parental_home,other_temporary,other_temporary,renting,renting,renting,renting,renting,renting,renting,renting,renting,renting
157,1990,male,low,3,eastern_northern_finland,1,5,57000,5,6.5,full_time,education,education,full_time,full_time,full_time,inactive_care,full_time,full_time,full_time,full_time,full_time,full_time,inactive_care,single_no_child,single_no_child,single_no_child,single_no_child,single_no_child,single_no_child,single_no_child,single_parent,single_parent,single_parent,single_parent,single_parent,single_parent,parental_home,parental_home,parental_home,parental_home,parental_home,renting,renting,renting,renting,renting,renting,owner_occupied,owner_occupied
158,1990,female,high,1,capital_region,0,3,50300,3,7.0,full_time,education,education,education,education,education,full_time,inactive_care,full_time,full_time,full_time,part_time,full_time,full_time,single_no_child,single_no_child,single_no_child,single_parent,single_parent,single_parent,partnered_with_child,partnered_with_child,partnered_with_child,partnered_with_child,partnered_with_child,partnered_with_child,partnered_with_child,parental_home,parental_home,parental_home,renting,renting,renting,renting,renting,renting,renting,renting,renting,renting
159,1993,male,high,2,eastern_northern_finland,0,4,38100,4,8.6,full_time,inactive_care,education,education,education,education,full_time,full_time,full_time,education,full_time,full_time,unemployed,unemployed,single_no_child,single_no_child,single_no_child,single_no_child,partnered_no_child,partnered_no_child,partnered_no_child,partnered_no_child,partnered_no_child,partnered_no_child,partnered_with_child,partnered_with_child,partnered_with_child,parental_home,parental_home,parental_home,parental_home,parental_home,parental_home,parental_home,renting,renting,renting,renting,renting,renting
160,1994,female,high,4,western_finland,0,3,53000,4,1.7,full_time,education,education,education,education,education,full_time,full_time,part_time,full_time,full_time,full_time,full_time,full_time,single_no_child,single_no_child,single_no_child,single_no_child,single_no_child,single_no_child,partnered_no_child,partnered_with_child,partnered_with_child,partnered_with_child,partnered_with_child,partnered_with_child,partnered_with_child,renting,renting,renting,renting,renting,renting,renting,renting,renting,renting,renting,renting,renting
161,1991,male,medium,1,southern_finland,0,4,9000,4,13.5,unemployed,education,education,unemployed,inactive_care,full_time,unemployed,full_time,part_time,unemployed,unemployed,part_time,full_time,full_time,single_no_child,single_no_child,single_no_child,single_no_child,single_no_child,single_parent,partnered_with_child,partnered_with_child,single_parent,single_parent,single_parent,single_parent,single_parent,parental_home,parental_home,parental_home,parental_home,parental_home,parental_home,renting,renting,renting,renting,renting,renting,renting
162,1991,male,high,3,capital_region,0,5,45700,5,6.0,full_time,education,education,education,full_time,full_time,full_time,full_time,inactive_care,inactive_care,part_time,part_time,full_time,full_time,single_no_child,single_no_child,single_no_child,single_no_child,single_no_child,single_no_child,single_no_child,single_no_child,partnered_no_child,partnered_no_child,partnered_no_child,partnered_no_child,partnered_no_child,parental_home,parental_home,parental_home,parental_home,parental_home,parental_home,parental_home,parental_home,parental_home,parental_home,parental_home,parental_home,renting
163,1992,female,medium,1,southern_finland,0,3,39000,4,6.2,full_time,education,education,education,full_time,full_time,full_time,full_time,inactive_care,inactive_care,part_time,part_time,part_time,full_time,single_no_child,single_no_child,single_no_child,single_no_child,single_no_child,single_no_child,single_no_child,single_no_child,single_no_child,single_no_child,single_no_child,partnered_no_child,partnered_no_child,parental_home,parental_home,parental_home,parental_home,parental_home,parental_home,parental_home,parental_home,parental_home,parental_home,parental_home,parental_home,parental_home
164,1992,female,high,4,southern_finland,1,3,36300,3,7.2,full_time,full_time,education,unemployed,education,education,full_time,full_time,full_time,full_time,full_time,part_time,full_time,full_time,single_no_child,single_no_child,single_no_child,single_no_child,single_no_child,single_no_child,single_no_child,single_no_child,single_no_child,partnered_with_child,partnered_with_child,partnered_with_child,partnered_with_child,renting,renting,renting,renting,renting,renting,renting,renting,renting,renting,renting,renting,renting
165,1992,female,high,3,capital_region,0,4,44400,5,4.6,full_time,education,education,education,education,education,full_time,full_time,full_time,full_time,full_time,full_time,full_time,full_time,single_no_child,single_no_child,single_no_child,single_no_child,single_no_child,single_no_child,single_no_child,single_no_child,single_no_child,single_no_child,single_no_child,partnered_no_child,partnered_no_child,parental_home,parental_home,parental_home,parental_home,parental_home,parental_home,parental_home,parental_home,renting,renting,renting,renting,renting
166,1991,male,medium,2,southern_finland,0,4,63000,3,9.8,full_time,education,education,full_time,full_time,full_time,full_time,full_time,full_time,full_time,full_time,full_time,full_time,full_time,single_no_child,single_no_child,single_no_child,single_no_child,single_no_child,single_no_child,single_no_child,single_no_child,single_no_child,single_no_child,single_parent,single_parent,single_parent,parental_home,parental_home,parental_home,renting,renting,renting,renting,renting,renting,renting,renting,renting,owner_occupied
167,1990,male,high,4,capital_region,0,4,45100,3,7.7,full_time,education,education,education,education,education,full_time,full_time,full_time,full_time,full_time,full_time,full_time,full_time,single_no_child,single_no_child,single_no_child,single_no_child,partnered_no_child,partnered_no_child,partnered_no_child,partnered_no_child,partnered_with_child,partnered_with_child,partnered_with_child,partnered_with_child,partnered_with_child,parental_home,parental_home,parental_home,parental_home,parental_home,parental_home,parental_home,renting,renting,renting,renting,renting,owner_occupied
168,1993,female,high,3,southern_finland,0,4,63900,5,4.9,full_time,education,education,full_time,full_time,full_time,full_time,full_time,full_time,full_time,full_time,full_time,full_time,full_time,single_no_child,single_no_child,single_no_child,single_no_child,single_no_child,single_no_child,single_no_child,single_no_child,partnered_with_child,partnered_with_child,partnered_with_child,partnered_with_child,partnered_with_child,parental_home,parental_home,parental_home,parental_home,renting,renting,renting,renting,renting,renting,renting,renting,renting
169,1992,male,low,2,eastern_northern_finland,0,4,40500,5,12.7,full_time,education,education,education,unemployed,unemployed,part_time,part_time,full_time,full_time,full_time,full_time,full_time,full_time,single_no_child,single_no_child,single_no_child,single_no_child,partnered_no_child,partnered_no_child,partnered_no_child,partnered_no_child,partnered_no_child,single_no_child,single_parent,single_parent,single_parent,renting,renting,renting,renting,renting,renting,renting,renting,renting,renting,renting,renting,renting
170,1992,male,low,3,capital_region,0,3,51300,4,5.6,full_time,education,education,education,education,education,full_time,full_time,part_time,full_time,full_time,part_time,inactive_care,full_time,single_no_child,single_no_child,single_no_child,single_no_child,single_no_child,partnered_with_child,partnered_with_child,partnered_with_child,partnered_with_child,partnered_with_child,partnered_with_child,partnered_with_child,partnered_with_child,parental_home,parental_home,parental_home,parental_home,parental_home,renting,renting,renting,renting,renting,renting,renting,renting
171,1994,female,medium,4,capital_region,1,4,31300,4,3.5,full_time,education,education,education,education,education,full_time,full_time,full_time,full_time,full_time,full_time,part_time,full_time,single_no_child,single_no_child,single_no_child,single_no_child,single_no_child,single_no_child,partnered_no_child,partnered_no_child,partnered_with_child,partnered_with_child,partnered_with_child,partnered_with_child,partnered_with_child,renting,renting,renting,renting,renting,renting,renting,renting,owner_occupied,owner_occupied,owner_occupied,owner_occupied,owner_occupied
172,1991,male,medium,2,eastern_northern_finland,0,4,50900,4,8.1,full_time,education,education,full_time,full_time,full_time,full_time,inactive_care,full_time,full_time,full_time,full_time,unemployed,full_time,single_no_child,single_no_child,single_no_child,single_no_child,single_no_child,single_no_child,single_no_child,single_no_child,single_no_child,single_no_child,single_no_child,single_no_child,single_no_child,parental_home,parental_home,parental_home,parental_home,renting,renting,renting,owner_occupied,owner_occupied,owner_occupied,owner_occupied,owner_occupied,owner_occupied
173,1993,male,medium,1,capital_region,0,3,53100,3,7.8,full_time,part_time,education,education,education,education,full_time,full_time,full_time,full_time,full_time,full_time,full_time,full_time,partnered_no_child,partnered_no_child,partnered_no_child,partnered_no_child,partnered_no_child,partnered_with_child,partnered_with_child,partnered_with_child,partnered_with_child,partnered_with_child,partnered_with_child,partnered_with_child,partnered_with_child,parental_home,parental_home,renting,renting,renting,renting,renting,renting,renting,renting,renting,renting,renting
174,1993,male,medium,3,western_finland,1,2,44400,2,8.8,full_time,education,education,full_time,full_time,full_time,full_time,full_time,full_time,full_time,unemployed,full_time,full_time,full_time,partnered_no_child,partnered_no_child,partnered_no_child,partnered_no_child,partnered_no_child,partnered_no_child,partnered_no_child,partnered_no_child,partnered_with_child,partnered_with_child,partnered_with_child,partnered_with_child,partnered_with_child,parental_home,parental_home,parental_home,parental_home,parental_home,parental_home,renting,renting,renting,renting,renting,renting,renting
175,1991,male,medium,2,western_finland,0,4,48900,5,3.1,full_time,education,education,education,education,education,full_time,full_time,full_time,full_time,full_time,full_time,full_time,full_time,single_no_child,single_no_child,single_no_child,single_no_child,single_no_child,single_no_child,single_no_child,single_no_child,single_no_child,single_no_child,single_no_child,single_no_child,single_no_child,parental_home,parental_home,parental_home,renting,renting,renting,renting,renting,renting,renting,renting,renting,renting
176,1990,male,high,4,western_finland,0,5,45900,5,3.4,full_time,education,education,education,education,education,full_time,full_time,full_time,full_time,full_time,full_time,full_time,full_time,single_no_child,single_no_child,single_no_child,single_no_child,single_no_child,single_no_child,single_no_child,partnered_no_child,partnered_no_child,partnered_no_child,partnered_no_child,partnered_no_child,partnered_no_child,parental_home,parental_home,renting,renting,renting,renting,renting,renting,renting,renting,renting,renting,owner_occupied
177,1992,male,high,4,southern_finland,0,5,49500,5,6.8,full_time,education,education,education,education,education,full_time,full_time,full_time,full_time,full_time,full_time,full_time,full_time,single_no_child,single_no_child,single_no_child,single_no_child,single_no_child,single_no_child,single_no_child,single_no_child,single_no_child,single_no_child,single_no_child,single_no_child,single_no_child,parental_home,parental_home,parental_home,parental_home,parental_home,parental_home,parental_home,parental_home,parental_home,parental_home,parental_home,parental_home,renting
178,1993,male,low,2,southern_finland,0,3,44800,3,6.3,full_time,education,education,education,unemployed,unemployed,part_time,part_time,full_time,full_time,full_time,full_time,full_time,full_time,single_no_child,single_no_child,single_no_child,single_no_child,single_no_child,single_no_child,single_no_child,single_no_child,single_no_child,single_no_child,partnered_no_child,partnered_no_child,partnered_with_child,parental_home,parental_home,parental_home,parental_home,parental_home,parental_home,parental_home,renting,renting,renting,renting,renting,renting
179,1991,female,medium,4,western_finland,0,4,34000,4,0.0,full_time,education,education,education,unemployed,unemployed,part_time,part_time,full_time,full_time,full_time,full_time,full_time,full_time,single_no_child,single_no_child,single_no_child,single_no_child,single_no_child,partnered_no_child,partnered_no_child,partnered_no_child,partnered_no_child,partnered_no_child,partnered_no_child,partnered_no_child,partnered_with_child,parental_home,parental_home,renting,renting,renting,renting,renting,renting,renting,owner_occupied,owner_occupied,owner_occupied,owner_occupied
180,1993,male,low,2,capital_region,1,3,45000,3,3.0,full_time,education,education,unemployed,part_time,full_time,unemployed,full_time,part_time,unemployed,full_time,part_time,full_time,full_time,single_no_child,single_no_child,single_no_child,single_no_child,single_no_child,single_no_child,single_no_child,single_parent,single_parent,single_parent,partnered_with_child,partnered_with_child,partnered_with_child,parental_home,parental_home,parental_home,parental_home,parental_home,parental_home,parental_home,parental_home,parental_home,parental_home,parental_home,parental_home,renting
181,1990,female,high,3,southern_finland,0,3,36500,2,5.8,full_time,education,education,education,education,education,full_time,full_time,full_time,full_time,full_time,inactive_care,full_time,full_time,single_no_child,single_no_child,single_no_child,single_no_child,single_parent,single_parent,single_parent,single_parent,single_parent,single_parent,single_parent,single_parent,single_parent,parental_home,parental_home,parental_home,parental_home,parental_home,parental_home,parental_home,parental_home,other_temporary,renting,renting,renting,renting
182,1993,female,low,3,capital_region,0,3,19300,1,15.9,inactive_care,education,unemployed,unemployed,unemployed,part_time,unemployed,unemployed,inactive_care,unemployed,part_time,unemployed,full_time,part_time,single_no_child,single_no_child,single_no_child,single_no_child,single_parent,single_parent,single_parent,partnered_with_child,partnered_with_child,partnered_with_child,partnered_with_child,partnered_with_child,partnered_with_child,parental_home,parental_home,parental_home,parental_home,parental_home,parental_home,parental_home,renting,renting,renting,renting,renting,renting
183,1993,male,medium,3,capital_region,0,4,36500,3,8.8,unemployed,part_time,education,unemployed,part_time,full_time,unemployed,full_time,part_time,unemployed,full_time,unemployed,full_time,full_time,single_no_child,single_no_child,single_no_child,partnered_no_child,partnered_no_child,partnered_no_child,partnered_no_child,partnered_no_child,partnered_no_child,single_no_child,single_no_child,single_no_child,partnered_no_child,parental_home,parental_home,parental_home,renting,renting,renting,renting,renting,renting,renting,renting,renting,renting
184,1994,female,medium,3,capital_region,0,3,35900,3,0.6,full_time,education,education,full_time,full_time,full_time,part_time,full_time,full_time,full_time,inactive_care,full_time,full_time,full_time,single_no_child,single_no_child,single_no_child,single_no_child,single_no_child,single_no_child,single_no_child,single_no_child,single_no_child,single_no_child,partnered_no_child,partnered_no_child,partnered_no_child,other_temporary,other_temporary,renting,renting,renting,renting,renting,renting,renting,renting,renting,renting,renting
185,1992,male,high,4,southern_finland,0,5,49500,5,0.1,full_time,education,education,full_time,full_time,full_time,full_time,full_time,full_time,full_time,full_time,part_time,full_time,full_time,single_no_child,single_no_child,single_no_child,single_no_child,single_no_child,single_no_child,single_no_child,partnered_no_child,partnered_with_child,partnered_with_child,partnered_with_child,partnered_with_child,partnered_with_child,parental_home,parental_home,other_temporary,other_temporary,other_temporary,other_temporary,renting,renting,renting,renting,renting,renting,renting
186,1993,female,low,1,western_finland,1,4,25100,2,5.4,full_time,education,inactive_care,education,unemployed,unemployed,part_time,part_time,full_time,full_time,full_time,full_time,full_time,full_time,single_no_child,single_no_child,single_no_child,single_no_child,partnered_no_child,partnered_no_child,partnered_no_child,partnered_no_child,partnered_no_child,partnered_no_child,partnered_no_child,partnered_with_child,partnered_with_child,renting,renting,renting,renting,renting,renting,renting,renting,renting,renting,renting,renting,renting
187,1994,female,medium,4,western_finland,0,4,50100,4,11.8,full_time,education,education,part_time,education,education,full_time,full_time,full_time,unemployed,full_time,full_time,full_time,full_time,single_no_child,single_no_child,single_no_child,single_no_child,single_no_child,partnered_no_child,partnered_no_child,partnered_no_child,partnered_no_child,partnered_no_child,partnered_no_child,partnered_with_child,partnered_with_child,parental_home,parental_home,parental_home,parental_home,renting,renting,renting,renting,renting,renting,renting,renting,renting
188,1991,female,high,3,western_finland,0,4,42000,4,7.2,full_time,education,education,education,education,education,full_time,full_time,full_time,full_time,full_time,full_time,full_time,full_time,single_no_child,single_no_child,single_no_child,single_no_child,partnered_no_child,partnered_no_child,partnered_no_child,partnered_no_child,partnered_no_child,partnered_with_child,partnered_with_child,partnered_with_child,partnered_with_child,other_temporary,other_temporary,renting,renting,renting,renting,renting,renting,renting,renting,renting,renting,renting
189,1992,male,medium,3,eastern_northern_finland,0,4,38400,4,8.5,full_time,education,education,education,education,education,full_time,inactive_care,full_time,full_time,full_time,full_time,part_time,full_time,single_no_child,single_no_child,single_no_child,single_no_child,single_no_child,single_no_child,single_no_child,single_no_child,single_no_child,single_no_child,single_no_child,single_no_child,partnered_no_child,parental_home,parental_home,parental_home,parental_home,parental_home,parental_home,parental_home,renting,renting,renting,renting,renting,renting
190,1994,male,low,2,capital_region,0,4,30100,3,12.1,part_time,full_time,unemployed,part_time,unemployed,part_time,unemployed,unemployed,unemployed,full_time,full_time,unemployed,full_time,part_time,single_no_child,single_no_child,single_no_child,single_no_child,single_no_child,single_no_child,single_no_child,single_no_child,single_no_child,single_no_child,single_no_child,single_no_child,single_no_child,parental_home,parental_home,renting,renting,renting,renting,renting,renting,renting,renting,renting,renting,renting
191,1994,female,high,2,eastern_northern_finland,0,3,37600,3,9.4,part_time,education,education,full_time,full_time,full_time,unemployed,full_time,full_time,full_time,full_time,full_time,full_time,full_time,single_no_child,single_no_child,single_no_child,single_no_child,single_no_child,partnered_no_child,partnered_no_child,partnered_no_child,partnered_no_child,partnered_no_child,partnered_no_child,partnered_no_child,partnered_no_child,other_temporary,other_temporary,renting,renting,renting,renting,renting,renting,renting,renting,renting,renting,renting
192,1994,male,high,3,eastern_northern_finland,1,3,58000,4,16.4,full_time,education,education,education,education,education,full_time,full_time,full_time,full_time,full_time,full_time,full_time,full_time,single_no_child,single_no_child,single_no_child,single_no_child,single_no_child,single_no_child,single_no_child,single_no_child,single_no_child,single_no_child,partnered_no_child,partnered_no_child,partnered_no_child,parental_home,renting,renting,renting,renting,renting,renting,renting,renting,renting,renting,renting,renting
193,1993,female,high,4,capital_region,1,5,61100,5,2.1,full_time,education,education,education,education,education,full_time,part_time,full_time,full_time,full_time,full_time,full_time,full_time,single_no_child,single_no_child,single_no_child,single_no_child,single_no_child,single_no_child,single_no_child,single_no_child,single_no_child,single_no_child,single_no_child,single_no_child,single_no_child,parental_home,parental_home,parental_home,parental_home,parental_home,parental_home,parental_home,parental_home,renting,renting,renting,renting,renting
194,1993,male,medium,1,western_finland,1,2,12100,1,18.9,unemployed,education,unemployed,unemployed,full_time,part_time,part_time,unemployed,inactive_care,unemployed,part_time,unemployed,unemployed,part_time,single_no_child,single_no_child,single_no_child,single_parent,single_parent,single_parent,single_parent,single_parent,single_parent,single_parent,single_parent,single_parent,single_parent,parental_home,parental_home,parental_home,parental_home,other_temporary,other_temporary,other_temporary,other_temporary,other_temporary,other_temporary,other_temporary,other_temporary,other_temporary
195,1992,male,high,4,capital_region,0,4,42600,2,10.0,full_time,unemployed,education,education,education,education,inactive_care,full_time,full_time,unemployed,unemployed,full_time,full_time,full_time,single_no_child,single_no_child,single_no_child,single_no_child,single_parent,single_parent,single_parent,single_parent,single_parent,single_parent,single_parent,single_parent,single_parent,parental_home,parental_home,parental_home,parental_home,parental_home,parental_home,parental_home,parental_home,parental_home,parental_home,renting,renting,renting
196,1994,male,medium,1,western_finland,1,4,42800,3,15.1,full_time,education,education,unemployed,part_time,full_time,unemployed,full_time,part_time,unemployed,full_time,part_time,full_time,full_time,single_no_child,single_no_child,single_no_child,partnered_no_child,partnered_with_child,partnered_with_child,partnered_with_child,partnered_with_child,partnered_with_child,partnered_with_child,partnered_with_child,single_parent,single_parent,parental_home,parental_home,parental_home,renting,renting,renting,renting,renting,renting,renting,renting,renting,renting
197,1993,male,medium,3,capital_region,0,3,42800,3,7.7,full_time,education,education,education,full_time,education,full_time,full_time,full_time,full_time,full_time,full_time,full_time,full_time,single_no_child,single_no_child,single_no_child,single_no_child,single_no_child,partnered_no_child,partnered_no_child,partnered_no_child,partnered_no_child,partnered_no_child,partnered_no_child,partnered_no_child,partnered_no_child,parental_home,parental_home,parental_home,parental_home,parental_home,parental_home,parental_home,parental_home,parental_home,parental_home,renting,renting,renting
198,1991,female,high,1,eastern_northern_finland,0,3,37800,2,7.2,full_time,education,education,education,education,education,full_time,full_time,full_time,full_time,full_time,full_time,full_time,full_time,single_no_child,single_no_child,single_no_child,single_no_child,single_no_child,single_no_child,single_no_child,single_no_child,single_no_child,single_no_child,partnered_with_child,partnered_with_child,partnered_with_child,renting,renting,renting,renting,renting,renting,renting,renting,renting,renting,renting,renting,renting
199,1992,female,high,5,southern_finland,0,4,57000,5,8.1,full_time,education,education,education,education,education,full_time,full_time,full_time,full_time,full_time,full_time,full_time,full_time,single_no_child,single_no_child,single_no_child,single_no_child,single_no_child,single_no_child,single_no_child,single_no_child,partnered_no_child,partnered_no_child,partnered_no_child,partnered_no_child,single_no_child,parental_home,parental_home,parental_home,parental_home,parental_home,parental_home,parental_home,parental_home,renting,renting,renting,renting,renting
200,1990,female,medium,5,capital_region,0,3,44900,3,12.6,unemployed,education,unemployed,education,full_time,unemployed,unemployed,part_time,full_time,full_time,full_time,full_time,part_time,part_time,single_no_child,single_no_child,single_no_child,single_no_child,single_no_child,single_no_child,single_no_child,single_no_child,single_no_child,single_no_child,single_no_child,single_no_child,single_no_child,renting,renting,renting,renting,renting,renting,renting,renting,renting,renting,renting,renting,renting
201,1993,female,medium,1,western_finland,1,4,18700,3,14.7,part_time,education,unemployed,full_time,unemployed,part_time,unemployed,unemployed,inactive_care,unemployed,part_time,unemployed,full_time,part_time,single_no_child,single_no_child,single_no_child,single_no_child,single_no_child,single_no_child,single_no_child,single_no_child,single_no_child,single_no_child,single_no_child,single_no_child,single_no_child,renting,renting,renting,renting,renting,renting,renting,renting,renting,renting,renting,owner_occupied,owner_occupied
202,1994,male,medium,4,capital_region,0,3,44900,4,3.2,unemployed,education,education,education,part_time,education,full_time,full_time,full_time,full_time,full_time,full_time,full_time,unemployed,single_no_child,single_no_child,single_no_child,single_no_child,single_no_child,single_no_child,single_no_child,single_no_child,single_no_child,partnered_no_child,partnered_no_child,partnered_no_child,partnered_no_child,parental_home,parental_home,parental_home,parental_home,parental_home,parental_home,renting,renting,owner_occupied,owner_occupied,owner_occupied,owner_occupied,owner_occupied
203,1990,female,high,4,southern_finland,0,4,45900,3,3.5,full_time,education,education,education,education,education,full_time,full_time,full_time,full_time,full_time,full_time,full_time,full_time,single_no_child,single_no_child,single_no_child,single_no_child,single_no_child,single_parent,single_parent,single_parent,single_parent,single_parent,single_parent,single_parent,single_parent,renting,renting,renting,renting,renting,renting,renting,renting,renting,renting,renting,renting,renting
204,1993,male,low,2,capital_region,0,3,39700,3,7.2,full_time,education,education,education,full_time,full_time,full_time,education,inactive_care,inactive_care,part_time,part_time,full_time,full_time,single_no_child,single_no_child,single_no_child,partnered_no_child,partnered_no_child,partnered_no_child,partnered_no_child,partnered_no_child,partnered_no_child,partnered_no_child,partnered_no_child,partnered_no_child,partnered_no_child,parental_home,parental_home,renting,renting,renting,renting,renting,renting,renting,renting,renting,renting,renting
205,1993,male,medium,5,southern_finland,0,4,40200,3,14.0,full_time,unemployed,education,unemployed,part_time,full_time,unemployed,full_time,unemployed,unemployed,full_time,part_time,full_time,full_time,single_no_child,single_no_child,single_no_child,single_no_child,single_no_child,single_no_child,single_no_child,single_no_child,single_no_child,single_no_child,partnered_no_child,partnered_no_child,partnered_with_child,parental_home,parental_home,parental_home,renting,renting,renting,renting,renting,other_temporary,other_temporary,other_temporary,renting,renting
206,1993,male,low,2,southern_finland,0,3,34800,3,9.7,full_time,education,education,education,unemployed,unemployed,inactive_care,part_time,full_time,full_time,full_time,full_time,part_time,full_time,single_no_child,single_no_child,single_no_child,single_no_child,single_no_child,single_no_child,partnered_no_child,partnered_no_child,partnered_no_child,partnered_no_child,partnered_no_child,partnered_no_child,partnered_no_child,renting,renting,renting,renting,renting,renting,renting,renting,renting,renting,renting,renting,renting
207,1993,female,high,2,western_finland,0,4,50100,3,7.9,full_time,education,education,education,full_time,full_time,full_time,part_time,inactive_care,inactive_care,part_time,part_time,inactive_care,full_time,partnered_no_child,partnered_no_child,single_no_child,single_no_child,single_no_child,single_no_child,single_no_child,single_no_child,single_no_child,single_no_child,single_no_child,single_no_child,single_no_child,parental_home,parental_home,parental_home,parental_home,parental_home,parental_home,parental_home,parental_home,parental_home,parental_home,parental_home,other_temporary,other_temporary
208,1993,female,medium,2,capital_region,0,3,32000,2,13.4,full_time,education,education,education,unemployed,unemployed,part_time,part_time,full_time,full_time,full_time,full_time,full_time,full_time,single_no_child,single_no_child,single_no_child,single_no_child,single_no_child,single_no_child,single_no_child,single_no_child,single_no_child,single_no_child,partnered_no_child,partnered_no_child,partnered_no_child,renting,renting,renting,renting,renting,renting,renting,renting,renting,renting,renting,renting,renting
209,1994,female,high,3,western_finland,1,4,46600,4,2.1,full_time,education,education,education,education,education,full_time,full_time,full_time,full_time,full_time,full_time,full_time,full_time,single_no_child,single_no_child,single_no_child,single_no_child,single_no_child,single_no_child,single_no_child,single_no_child,single_no_child,partnered_with_child,partnered_with_child,single_parent,single_parent,renting,renting,renting,renting,renting,renting,renting,renting,renting,renting,renting,renting,renting
210,1994,male,medium,1,capital_region,0,3,30400,2,10.4,full_time,education,education,full_time,part_time,unemployed,unemployed,part_time,full_time,full_time,full_time,unemployed,part_time,full_time,single_no_child,single_no_child,single_no_child,single_no_child,single_no_child,single_no_child,single_no_child,single_parent,single_parent,single_parent,single_parent,single_parent,single_parent,parental_home,parental_home,parental_home,parental_home,renting,renting,renting,renting,renting,owner_occupied,owner_occupied,owner_occupied,owner_occupied
211,1992,female,medium,2,western_finland,0,4,42300,4,3.5,full_time,education,inactive_care,education,education,education,full_time,unemployed,full_time,full_time,unemployed,full_time,full_time,full_time,single_no_child,single_no_child,single_no_child,single_no_child,single_no_child,partnered_with_child,partnered_with_child,partnered_with_child,partnered_with_child,partnered_with_child,partnered_with_child,partnered_with_child,partnered_with_child,parental_home,parental_home,parental_home,parental_home,parental_home,parental_home,parental_home,parental_home,parental_home,parental_home,parental_home,parental_home,parental_home
212,1992,female,high,3,western_finland,0,3,42200,2,7.2,full_time,education,education,education,education,education,full_time,full_time,full_time,full_time,full_time,full_time,part_time,full_time,single_no_child,single_no_child,single_no_child,single_no_child,single_no_child,single_no_child,single_no_child,partnered_no_child,partnered_no_child,partnered_no_child,partnered_with_child,partnered_with_child,partnered_with_child,parental_home,parental_home,parental_home,parental_home,parental_home,parental_home,parental_home,other_temporary,other_temporary,other_temporary,other_temporary,renting,renting
213,1994,male,medium,3,southern_finland,0,4,60000,4,7.1,full_time,education,education,education,education,education,full_time,full_time,full_time,full_time,part_time,full_time,full_time,full_time,single_no_child,single_no_child,single_no_child,single_no_child,single_no_child,single_no_child,single_no_child,single_no_child,single_no_child,partnered_no_child,partnered_no_child,partnered_with_child,partnered_with_child,parental_home,parental_home,parental_home,parental_home,parental_home,parental_home,parental_home,renting,renting,renting,renting,renting,renting
214,1993,female,medium,1,capital_region,0,3,33600,3,7.3,full_time,education,unemployed,inactive_care,education,education,full_time,full_time,full_time,full_time,full_time,full_time,inactive_care,unemployed,single_no_child,single_no_child,single_no_child,single_no_child,single_no_child,single_no_child,partnered_no_child,partnered_no_child,partnered_no_child,partnered_no_child,partnered_no_child,partnered_no_child,partnered_no_child,renting,renting,renting,renting,renting,renting,renting,renting,renting,renting,renting,renting,renting
215,1992,female,medium,2,southern_finland,0,3,55000,4,3.4,full_time,education,education,education,education,education,part_time,full_time,full_time,full_time,full_time,full_time,full_time,full_time,single_no_child,single_no_child,single_no_child,single_no_child,single_no_child,single_no_child,partnered_no_child,partnered_no_child,partnered_no_child,partnered_with_child,partnered_with_child,partnered_with_child,partnered_with_child,renting,renting,renting,renting,renting,renting,renting,renting,renting,renting,renting,renting,renting
216,1994,female,low,3,capital_region,0,5,67400,5,11.6,full_time,education,education,education,unemployed,unemployed,part_time,part_time,full_time,full_time,full_time,full_time,full_time,full_time,single_no_child,single_no_child,single_no_child,single_no_child,partnered_no_child,partnered_no_child,partnered_no_child,partnered_with_child,partnered_with_child,partnered_with_child,partnered_with_child,partnered_with_child,partnered_with_child,renting,renting,renting,renting,renting,renting,renting,renting,renting,owner_occupied,owner_occupied,owner_occupied,owner_occupied
217,1992,female,medium,4,eastern_northern_finland,0,4,38400,3,4.1,full_time,education,education,education,education,education,full_time,full_time,full_time,full_time,full_time,full_time,inactive_care,unemployed,single_no_child,single_no_child,single_no_child,single_no_child,single_no_child,single_no_child,single_no_child,single_no_child,single_parent,single_parent,single_parent,single_parent,single_parent,parental_home,parental_home,parental_home,parental_home,parental_home,parental_home,parental_home,parental_home,parental_home,renting,owner_occupied,owner_occupied,owner_occupied
218,1994,female,medium,2,capital_region,0,3,52000,3,10.1,full_time,education,education,education,education,education,full_time,full_time,full_time,full_time,full_time,full_time,full_time,full_time,single_no_child,single_no_child,single_no_child,single_no_child,single_no_child,single_no_child,single_no_child,single_no_child,single_no_child,single_no_child,single_no_child,single_parent,single_parent,parental_home,parental_home,parental_home,parental_home,other_temporary,other_temporary,other_temporary,other_temporary,other_temporary,other_temporary,renting,renting,renting
219,1991,female,medium,3,western_finland,0,4,47700,5,2.9,full_time,unemployed,education,education,education,education,full_time,full_time,full_time,full_time,full_time,full_time,full_time,part_time,single_no_child,single_no_child,single_no_child,single_no_child,partnered_no_child,partnered_with_child,partnered_with_child,partnered_with_child,partnered_with_child,partnered_with_child,partnered_with_child,partnered_with_child,partnered_with_child,parental_home,parental_home,parental_home,parental_home,parental_home,parental_home,renting,renting,owner_occupied,owner_occupied,owner_occupied,owner_occupied,owner_occupied
220,1991,male,medium,1,southern_finland,1,1,28300,2,11.7,full_time,education,education,education,unemployed,unemployed,unemployed,part_time,full_time,full_time,full_time,part_time,full_time,full_time,single_no_child,single_no_child,partnered_no_child,partnered_no_child,partnered_no_child,partnered_no_child,partnered_no_child,partnered_no_child,partnered_no_child,partnered_no_child,partnered_no_child,partnered_no_child,partnered_with_child,parental_home,parental_home,parental_home,parental_home,parental_home,parental_home,renting,renting,renting,renting,renting,renting,renting
221,1993,male,high,2,capital_region,0,4,44500,4,2.0,full_time,education,education,full_time,full_time,full_time,full_time,full_time,full_time,full_time,full_time,part_time,part_time,full_time,single_no_child,single_no_child,single_no_child,single_no_child,single_no_child,single_no_child,single_no_child,single_no_child,single_no_child,single_no_child,single_no_child,single_no_child,single_no_child,renting,renting,renting,renting,renting,renting,renting,renting,renting,renting,renting,renting,renting
222,1991,female,medium,3,capital_region,1,3,27900,2,3.1,full_time,education,education,unemployed,part_time,full_time,unemployed,full_time,part_time,unemployed,full_time,part_time,full_time,full_time,single_no_child,single_no_child,single_no_child,single_no_child,single_no_child,single_no_child,partnered_no_child,partnered_with_child,partnered_with_child,partnered_with_child,partnered_with_child,partnered_with_child,partnered_with_child,parental_home,parental_home,parental_home,parental_home,parental_home,parental_home,renting,renting,renting,renting,renting,renting,renting
223,1992,male,high,4,capital_region,0,3,51900,2,8.3,full_time,education,education,education,unemployed,unemployed,part_time,full_time,full_time,full_time,full_time,full_time,full_time,full_time,single_no_child,single_no_child,single_no_child,single_no_child,single_no_child,single_no_child,single_no_child,partnered_no_child,partnered_no_child,partnered_no_child,partnered_no_child,partnered_no_child,partnered_no_child,parental_home,parental_home,parental_home,parental_home,parental_home,renting,renting,renting,renting,renting,renting,renting,renting
224,1992,male,medium,3,southern_finland,0,3,48900,3,4.8,full_time,education,education,unemployed,full_time,full_time,full_time,full_time,full_time,full_time,full_time,full_time,full_time,full_time,single_no_child,single_no_child,single_no_child,single_no_child,single_no_child,single_no_child,single_no_child,partnered_no_child,partnered_no_child,partnered_no_child,partnered_no_child,partnered_no_child,partnered_no_child,parental_home,parental_home,renting,renting,renting,renting,renting,renting,renting,renting,renting,renting,renting
225,1991,male,high,3,capital_region,0,3,53600,5,5.5,full_time,education,education,education,education,education,full_time,full_time,full_time,full_time,unemployed,full_time,education,full_time,single_no_child,single_no_child,single_no_child,single_no_child,partnered_no_child,partnered_no_child,partnered_no_child,partnered_with_child,partnered_with_child,partnered_with_child,partnered_with_child,partnered_with_child,partnered_with_child,renting,renting,renting,renting,renting,renting,renting,renting,renting,renting,owner_occupied,owner_occupied,owner_occupied
226,1990,male,medium,1,eastern_northern_finland,0,3,33500,4,6.0,full_time,education,education,unemployed,unemployed,unemployed,part_time,part_time,full_time,full_time,full_time,full_time,full_time,full_time,single_no_child,single_no_child,single_no_child,single_no_child,single_no_child,single_no_child,single_no_child,single_no_child,partnered_no_child,partnered_no_child,partnered_no_child,partnered_with_child,partnered_with_child,parental_home,parental_home,parental_home,parental_home,parental_home,renting,renting,renting,renting,renting,renting,renting,renting
227,1993,female,medium,3,capital_region,0,4,19100,3,12.4,full_time,education,unemployed,unemployed,unemployed,part_time,part_time,unemployed,inactive_care,unemployed,part_time,unemployed,full_time,full_time,single_no_child,single_no_child,single_no_child,single_no_child,single_no_child,single_no_child,single_no_child,partnered_with_child,partnered_with_child,partnered_with_child,single_parent,single_parent,single_parent,renting,renting,renting,renting,renting,renting,renting,renting,renting,renting,renting,renting,renting
228,1992,male,low,2,southern_finland,0,4,37700,4,9.1,full_time,education,unemployed,full_time,full_time,full_time,full_time,full_time,full_time,full_time,full_time,full_time,full_time,full_time,single_no_child,single_no_child,single_no_child,single_no_child,single_no_child,single_no_child,single_no_child,single_no_child,single_no_child,single_no_child,single_no_child,single_parent,single_parent,renting,renting,renting,renting,renting,renting,renting,renting,renting,renting,renting,renting,renting
229,1991,male,high,4,western_finland,0,4,64600,5,9.0,full_time,education,education,education,education,education,full_time,full_time,full_time,part_time,part_time,full_time,full_time,full_time,single_no_child,single_no_child,single_no_child,single_no_child,single_no_child,single_no_child,single_no_child,single_no_child,single_no_child,single_no_child,single_no_child,single_no_child,single_parent,parental_home,parental_home,parental_home,parental_home,parental_home,parental_home,parental_home,parental_home,parental_home,renting,renting,renting,renting
230,1991,male,medium,3,southern_finland,0,4,48500,3,7.4,full_time,education,education,education,education,education,full_time,full_time,full_time,unemployed,full_time,full_time,full_time,full_time,single_no_child,single_no_child,partnered_no_child,partnered_no_child,partnered_no_child,partnered_no_child,partnered_no_child,partnered_with_child,partnered_with_child,partnered_with_child,partnered_with_child,partnered_with_child,partnered_with_child,parental_home,parental_home,parental_home,parental_home,parental_home,parental_home,parental_home,parental_home,renting,owner_occupied,owner_occupied,owner_occupied,owner_occupied
231,1991,male,medium,2,eastern_northern_finland,1,4,39700,5,0.8,full_time,education,education,education,education,education,full_time,full_time,full_time,full_time,full_time,full_time,unemployed,inactive_care,single_no_child,single_no_child,single_no_child,single_no_child,partnered_no_child,partnered_no_child,partnered_no_child,partnered_no_child,partnered_no_child,partnered_no_child,partnered_no_child,partnered_no_child,partnered_no_child,parental_home,parental_home,parental_home,parental_home,parental_home,renting,renting,renting,renting,renting,renting,renting,renting
232,1991,male,high,4,capital_region,0,4,41800,4,2.7,full_time,education,education,education,inactive_care,unemployed,part_time,part_time,full_time,full_time,full_time,full_time,part_time,full_time,single_no_child,single_no_child,single_no_child,single_no_child,single_no_child,single_no_child,single_no_child,single_no_child,partnered_no_child,partnered_no_child,partnered_no_child,partnered_no_child,partnered_with_child,parental_home,parental_home,parental_home,parental_home,parental_home,renting,renting,renting,renting,renting,renting,renting,renting
233,1993,male,medium,4,western_finland,0,3,37700,2,4.9,full_time,education,education,education,unemployed,unemployed,part_time,part_time,full_time,full_time,full_time,full_time,inactive_care,full_time,single_no_child,partnered_no_child,partnered_no_child,partnered_no_child,partnered_no_child,partnered_no_child,partnered_no_child,partnered_no_child,partnered_no_child,partnered_no_child,partnered_no_child,partnered_no_child,partnered_no_child,parental_home,other_temporary,other_temporary,renting,renting,renting,renting,renting,renting,renting,owner_occupied,owner_occupied,owner_occupied
234,1990,male,medium,4,southern_finland,0,5,54600,5,9.5,full_time,education,unemployed,full_time,full_time,full_time,full_time,full_time,full_time,full_time,full_time,full_time,full_time,full_time,single_no_child,single_no_child,single_no_child,single_no_child,single_no_child,single_no_child,single_no_child,single_no_child,single_no_child,partnered_no_child,partnered_no_child,partnered_no_child,partnered_no_child,parental_home,parental_home,parental_home,parental_home,parental_home,parental_home,parental_home,parental_home,parental_home,parental_home,renting,renting,renting
235,1993,female,low,2,southern_finland,0,3,26200,2,5.9,full_time,education,education,unemployed,part_time,full_time,unemployed,full_time,part_time,unemployed,full_time,part_time,full_time,full_time,single_no_child,single_no_child,single_no_child,single_no_child,single_no_child,single_no_child,single_no_child,single_no_child,single_no_child,single_no_child,partnered_no_child,partnered_no_child,partnered_with_child,other_temporary,renting,renting,renting,renting,renting,renting,renting,renting,renting,renting,renting,owner_occupied
236,1994,male,medium,3,eastern_northern_finland,0,3,62700,3,3.9,full_time,education,education,education,education,education,full_time,full_time,full_time,full_time,full_time,full_time,full_time,full_time,single_no_child,single_no_child,single_no_child,single_no_child,single_no_child,single_no_child,single_no_child,partnered_no_child,partnered_no_child,partnered_no_child,partnered_no_child,partnered_no_child,partnered_no_child,parental_home,parental_home,parental_home,parental_home,parental_home,parental_home,parental_home,parental_home,other_temporary,renting,renting,renting,renting
237,1993,female,high,2,southern_finland,0,3,43800,3,6.4,full_time,education,education,full_time,full_time,education,full_time,part_time,full_time,full_time,full_time,full_time,full_time,full_time,single_no_child,single_no_child,single_no_child,single_no_child,single_no_child,single_no_child,single_no_child,single_no_child,single_no_child,single_parent,single_parent,single_parent,single_parent,renting,renting,renting,renting,renting,renting,renting,renting,renting,renting,renting,renting,owner_occupied
238,1991,female,high,4,southern_finland,0,5,24000,5,2.3,full_time,education,education,education,part_time,full_time,unemployed,unemployed,inactive_care,inactive_care,inactive_care,part_time,full_time,full_time,single_no_child,single_no_child,single_no_child,single_no_child,single_no_child,single_no_child,single_no_child,single_no_child,single_no_child,single_no_child,partnered_no_child,partnered_no_child,partnered_no_child,parental_home,parental_home,parental_home,parental_home,parental_home,parental_home,parental_home,renting,renting,renting,renting,renting,renting
239,1994,male,high,2,capital_region,0,4,26700,3,5.9,full_time,education,education,unemployed,part_time,unemployed,unemployed,full_time,inactive_care,part_time,full_time,part_time,full_time,full_time,single_no_child,single_no_child,single_no_child,single_no_child,single_no_child,single_no_child,single_no_child,partnered_with_child,partnered_with_child,partnered_with_child,partnered_with_child,partnered_with_child,partnered_with_child,parental_home,parental_home,parental_home,parental_home,parental_home,parental_home,parental_home,parental_home,parental_home,parental_home,renting,renting,renting
240,1990,male,medium,2,capital_region,0,2,41100,1,11.0,full_time,education,education,full_time,full_time,full_time,unemployed,full_time,part_time,unemployed,full_time,part_time,full_time,full_time,single_no_child,single_no_child,partnered_no_child,partnered_no_child,partnered_no_child,partnered_no_child,partnered_no_child,partnered_no_child,partnered_no_child,partnered_no_child,partnered_no_child,partnered_no_child,partnered_no_child,parental_home,parental_home,renting,renting,renting,renting,renting,renting,renting,renting,renting,renting,owner_occupied
241,1990,male,low,1,capital_region,1,3,46400,2,12.1,full_time,education,education,education,part_time,unemployed,part_time,part_time,full_time,part_time,full_time,full_time,full_time,full_time,single_no_child,single_no_child,single_no_child,single_no_child,single_no_child,single_no_child,single_no_child,single_no_child,single_no_child,single_no_child,single_no_child,single_no_child,single_no_child,parental_home,parental_home,parental_home,parental_home,parental_home,parental_home,parental_home,parental_home,parental_home,parental_home,other_temporary,renting,renting
242,1993,female,medium,3,western_finland,0,3,45000,4,8.6,full_time,education,education,education,education,full_time,full_time,full_time,full_time,full_time,full_time,full_time,inactive_care,full_time,single_no_child,single_no_child,single_no_child,single_no_child,single_no_child,single_no_child,single_no_child,single_no_child,single_no_child,single_no_child,single_no_child,single_no_child,single_no_child,parental_home,renting,renting,renting,renting,renting,renting,renting,renting,renting,renting,renting,renting
243,1994,female,low,2,western_finland,0,5,24700,5,6.0,full_time,education,education,unemployed,part_time,full_time,unemployed,full_time,part_time,unemployed,full_time,part_time,full_time,full_time,single_no_child,single_no_child,single_no_child,single_no_child,single_no_child,single_no_child,partnered_no_child,single_no_child,single_no_child,single_no_child,single_no_child,single_no_child,partnered_no_child,parental_home,parental_home,parental_home,parental_home,parental_home,parental_home,parental_home,parental_home,parental_home,parental_home,renting,renting,renting
244,1994,female,medium,4,southern_finland,0,4,52100,5,6.5,full_time,unemployed,part_time,full_time,education,education,full_time,full_time,full_time,full_time,full_time,full_time,full_time,full_time,single_no_child,single_no_child,single_no_child,single_no_child,single_no_child,single_no_child,single_no_child,single_no_child,single_no_child,single_parent,single_parent,partnered_with_child,partnered_with_child,parental_home,parental_home,parental_home,parental_home,renting,renting,renting,renting,renting,renting,renting,renting,renting
245,1991,male,low,2,capital_region,0,4,39600,3,14.3,full_time,education,education,education,unemployed,unemployed,unemployed,part_time,part_time,full_time,full_time,full_time,full_time,full_time,single_no_child,single_no_child,single_no_child,single_parent,single_parent,single_parent,single_parent,single_parent,single_parent,single_parent,partnered_with_child,partnered_with_child,partnered_with_child,renting,renting,renting,renting,renting,renting,renting,renting,renting,renting,renting,renting,renting
246,1992,male,medium,2,eastern_northern_finland,0,3,42300,3,7.5,full_time,education,education,education,full_time,full_time,full_time,full_time,inactive_care,inactive_care,part_time,part_time,full_time,full_time,single_no_child,single_no_child,single_no_child,single_no_child,single_no_child,single_no_child,single_no_child,single_no_child,single_no_child,single_no_child,single_no_child,single_no_child,single_no_child,parental_home,parental_home,other_temporary,other_temporary,other_temporary,renting,renting,renting,renting,renting,renting,renting,renting
247,1993,male,high,2,capital_region,0,2,54200,2,7.7,full_time,education,education,education,full_time,full_time,full_time,full_time,part_time,inactive_care,part_time,inactive_care,full_time,full_time,single_no_child,single_no_child,single_no_child,single_no_child,single_no_child,single_no_child,single_no_child,partnered_no_child,partnered_with_child,partnered_with_child,partnered_with_child,partnered_with_child,partnered_with_child,parental_home,parental_home,parental_home,parental_home,renting,renting,renting,renting,renting,renting,renting,renting,renting
248,1990,male,low,2,capital_region,0,3,32000,3,2.9,full_time,education,education,education,full_time,full_time,full_time,full_time,inactive_care,inactive_care,part_time,part_time,full_time,full_time,single_no_child,single_no_child,single_no_child,single_no_child,single_no_child,single_no_child,single_no_child,single_no_child,single_no_child,single_no_child,single_no_child,single_no_child,single_no_child,parental_home,renting,renting,renting,renting,renting,renting,renting,renting,renting,owner_occupied,owner_occupied,owner_occupied
249,1990,male,medium,2,capital_region,0,4,30800,4,4.2,full_time,education,education,education,unemployed,unemployed,part_time,part_time,full_time,full_time,full_time,full_time,full_time,full_time,single_no_child,single_no_child,single_no_child,single_no_child,single_parent,single_parent,single_parent,single_parent,single_parent,single_parent,single_parent,single_parent,single_parent,parental_home,parental_home,parental_home,parental_home,parental_home,parental_home,parental_home,parental_home,parental_home,renting,renting,renting,owner_occupied
250,1994,female,low,1,southern_finland,0,3,32900,3,6.6,part_time,education,education,education,full_time,full_time,full_time,full_time,inactive_care,inactive_care,full_time,part_time,full_time,part_time,single_no_child,single_no_child,single_no_child,single_no_child,single_no_child,partnered_no_child,partnered_with_child,partnered_with_child,partnered_with_child,partnered_with_child,partnered_with_child,partnered_with_child,partnered_with_child,parental_home,parental_home,parental_home,parental_home,parental_home,parental_home,renting,renting,owner_occupied,owner_occupied,owner_occupied,owner_occupied,owner_occupied
251,1994,male,medium,4,western_finland,0,4,45000,3,3.9,full_time,education,education,education,education,education,full_time,full_time,full_time,full_time,full_time,full_time,full_time,full_time,single_no_child,single_no_child,single_no_child,single_no_child,single_parent,single_parent,single_parent,single_parent,single_parent,single_parent,single_parent,single_parent,single_parent,parental_home,parental_home,parental_home,renting,renting,renting,renting,renting,renting,renting,renting,renting,owner_occupied
252,1991,female,medium,3,southern_finland,0,3,50400,2,11.6,full_time,education,education,full_time,full_time,full_time,full_time,full_time,full_time,full_time,full_time,unemployed,full_time,full_time,single_no_child,single_no_child,single_no_child,single_no_child,single_no_child,single_no_child,partnered_no_child,partnered_no_child,partnered_no_child,partnered_no_child,partnered_no_child,partnered_no_child,partnered_no_child,other_temporary,renting,renting,renting,renting,renting,renting,renting,renting,renting,renting,renting,renting
253,1991,male,medium,2,southern_finland,1,3,22000,2,6.3,full_time,education,education,unemployed,part_time,full_time,unemployed,full_time,part_time,unemployed,full_time,part_time,unemployed,full_time,single_no_child,single_no_child,single_no_child,single_no_child,single_no_child,single_no_child,single_no_child,single_no_child,single_no_child,single_no_child,single_no_child,partnered_no_child,partnered_no_child,parental_home,parental_home,parental_home,parental_home,renting,renting,renting,renting,renting,renting,renting,renting,renting
254,1991,male,medium,1,western_finland,0,3,37600,2,6.2,full_time,education,education,education,full_time,full_time,inactive_care,full_time,inactive_care,unemployed,part_time,part_time,full_time,full_time,single_no_child,single_no_child,single_no_child,single_no_child,partnered_no_child,partnered_no_child,partnered_with_child,partnered_with_child,partnered_with_child,single_parent,single_parent,single_parent,single_parent,parental_home,parental_home,parental_home,renting,renting,renting,renting,renting,renting,renting,renting,renting,renting
255,1990,male,high,3,western_finland,0,4,56400,4,3.9,full_time,education,education,full_time,full_time,full_time,full_time,full_time,full_time,full_time,full_time,full_time,full_time,full_time,single_no_child,single_no_child,single_no_child,single_no_child,single_no_child,single_no_child,single_no_child,single_no_child,single_no_child,partnered_no_child,partnered_no_child,partnered_no_child,partnered_no_child,renting,renting,renting,renting,renting,renting,renting,renting,renting,renting,renting,renting,renting
256,1992,female,high,5,eastern_northern_finland,0,5,46500,4,5.7,part_time,education,education,education,part_time,education,full_time,full_time,full_time,full_time,full_time,full_time,full_time,full_time,single_no_child,single_no_child,single_no_child,single_no_child,single_no_child,single_no_child,single_no_child,single_no_child,single_no_child,single_no_child,single_no_child,single_no_child,single_no_child,parental_home,parental_home,parental_home,parental_home,parental_home,parental_home,parental_home,parental_home,other_temporary,renting,renting,renting,renting
257,1992,male,low,1,capital_region,0,4,40300,4,7.1,full_time,education,education,education,education,education,full_time,unemployed,full_time,full_time,inactive_care,full_time,full_time,full_time,partnered_no_child,partnered_no_child,partnered_no_child,partnered_no_child,partnered_no_child,partnered_no_child,partnered_no_child,partnered_with_child,partnered_with_child,partnered_with_child,partnered_with_child,partnered_with_child,partnered_with_child,parental_home,parental_home,parental_home,parental_home,parental_home,parental_home,renting,renting,renting,renting,renting,renting,renting
258,1992,female,medium,3,western_finland,0,3,41700,3,8.2,full_time,education,education,education,education,education,part_time,full_time,full_time,full_time,full_time,full_time,full_time,full_time,single_no_child,single_no_child,partnered_no_child,partnered_no_child,partnered_no_child,partnered_no_child,partnered_no_child,partnered_no_child,partnered_with_child,partnered_with_child,partnered_with_child,partnered_with_child,partnered_with_child,parental_home,parental_home,parental_home,parental_home,parental_home,other_temporary,renting,renting,renting,renting,renting,renting,renting
259,1992,male,low,1,capital_region,1,3,48400,1,14.6,full_time,education,education,unemployed,part_time,full_time,unemployed,full_time,part_time,unemployed,part_time,full_time,unemployed,full_time,single_no_child,single_no_child,single_no_child,single_parent,single_parent,single_parent,single_parent,single_parent,single_parent,single_parent,single_parent,single_parent,single_parent,renting,renting,renting,renting,renting,renting,renting,renting,renting,renting,renting,renting,renting
260,1994,male,medium,1,southern_finland,1,4,32500,3,13.6,full_time,education,education,unemployed,full_time,full_time,unemployed,full_time,part_time,unemployed,full_time,inactive_care,full_time,inactive_care,single_no_child,single_no_child,single_no_child,single_no_child,single_no_child,single_no_child,single_no_child,single_no_child,single_no_child,single_no_child,single_no_child,partnered_no_child,partnered_no_child,parental_home,parental_home,parental_home,parental_home,parental_home,parental_home,parental_home,renting,renting,renting,renting,owner_occupied,owner_occupied
261,1993,male,low,3,capital_region,1,4,37400,4,5.2,full_time,education,education,education,education,education,full_time,full_time,full_time,full_time,full_time,full_time,part_time,full_time,single_no_child,single_no_child,single_no_child,single_no_child,single_no_child,single_no_child,single_no_child,single_no_child,single_no_child,partnered_no_child,partnered_no_child,partnered_no_child,partnered_no_child,parental_home,parental_home,parental_home,parental_home,parental_home,renting,renting,renting,renting,renting,renting,renting,renting
262,1991,male,medium,4,capital_region,1,4,25700,2,13.6,part_time,education,unemployed,unemployed,unemployed,part_time,unemployed,unemployed,unemployed,unemployed,part_time,unemployed,full_time,part_time,single_no_child,single_no_child,single_no_child,single_no_child,single_no_child,single_no_child,single_no_child,single_parent,single_parent,single_parent,single_parent,single_parent,single_parent,renting,renting,renting,renting,renting,renting,other_temporary,renting,renting,renting,renting,renting,renting
263,1994,male,low,3,capital_region,0,5,40600,4,7.6,full_time,education,education,education,unemployed,unemployed,part_time,part_time,full_time,full_time,full_time,full_time,part_time,full_time,single_no_child,single_no_child,single_no_child,single_no_child,single_no_child,single_no_child,single_no_child,single_parent,single_parent,single_parent,single_parent,single_parent,single_parent,parental_home,parental_home,parental_home,parental_home,renting,renting,renting,renting,renting,renting,owner_occupied,owner_occupied,owner_occupied
264,1994,male,low,3,western_finland,0,4,50200,5,4.5,full_time,education,education,full_time,full_time,full_time,full_time,full_time,full_time,full_time,full_time,full_time,full_time,full_time,single_no_child,single_no_child,single_no_child,single_no_child,single_no_child,single_no_child,partnered_no_child,partnered_no_child,partnered_no_child,partnered_no_child,partnered_with_child,partnered_with_child,partnered_with_child,renting,renting,renting,renting,renting,renting,renting,renting,renting,renting,renting,renting,renting
265,1994,female,medium,3,eastern_northern_finland,0,3,57600,4,10.3,full_time,education,education,education,education,education,inactive_care,full_time,full_time,full_time,full_time,full_time,full_time,full_time,single_no_child,single_no_child,single_no_child,single_no_child,single_no_child,single_no_child,single_no_child,single_no_child,single_no_child,single_no_child,single_parent,single_parent,single_parent,parental_home,renting,renting,renting,renting,renting,renting,renting,renting,renting,renting,renting,renting
266,1992,female,high,5,eastern_northern_finland,0,5,51900,5,7.4,full_time,education,education,education,education,education,full_time,full_time,full_time,part_time,full_time,full_time,full_time,part_time,single_no_child,single_no_child,single_no_child,single_no_child,single_no_child,single_no_child,single_no_child,single_no_child,single_no_child,single_no_child,single_no_child,single_no_child,single_no_child,parental_home,parental_home,parental_home,parental_home,parental_home,renting,renting,renting,renting,renting,renting,renting,renting
267,1993,male,medium,1,capital_region,0,3,9000,2,12.4,full_time,unemployed,unemployed,unemployed,part_time,full_time,unemployed,full_time,part_time,full_time,full_time,part_time,full_time,full_time,single_no_child,single_no_child,single_no_child,single_no_child,single_no_child,single_no_child,single_no_child,single_no_child,single_no_child,partnered_no_child,partnered_no_child,partnered_with_child,partnered_with_child,parental_home,parental_home,parental_home,parental_home,parental_home,renting,renting,renting,renting,renting,renting,owner_occupied,owner_occupied
268,1991,female,low,3,western_finland,0,4,46700,3,11.0,full_time,education,education,unemployed,part_time,full_time,unemployed,full_time,part_time,unemployed,full_time,part_time,full_time,full_time,single_no_child,single_no_child,single_no_child,single_no_child,single_no_child,single_no_child,single_no_child,partnered_no_child,partnered_no_child,partnered_no_child,partnered_no_child,partnered_no_child,partnered_no_child,parental_home,parental_home,parental_home,parental_home,parental_home,parental_home,parental_home,renting,renting,renting,renting,renting,renting
269,1990,female,medium,3,capital_region,0,4,34200,3,8.0,full_time,education,education,unemployed,education,education,full_time,full_time,full_time,full_time,full_time,full_time,full_time,unemployed,single_no_child,single_no_child,single_no_child,single_no_child,single_no_child,single_no_child,partnered_no_child,partnered_no_child,partnered_no_child,partnered_no_child,partnered_no_child,partnered_no_child,partnered_with_child,parental_home,parental_home,parental_home,parental_home,parental_home,parental_home,parental_home,parental_home,parental_home,parental_home,renting,owner_occupied,owner_occupied
270,1991,male,medium,2,southern_finland,1,3,28700,2,7.4,full_time,education,education,unemployed,part_time,full_time,unemployed,full_time,full_time,unemployed,full_time,part_time,full_time,full_time,single_no_child,single_no_child,single_no_child,single_no_child,single_parent,single_parent,single_parent,single_parent,single_parent,partnered_with_child,partnered_with_child,partnered_with_child,partnered_with_child,parental_home,parental_home,parental_home,parental_home,renting,other_temporary,renting,renting,renting,renting,renting,renting,renting
271,1994,female,high,3,capital_region,0,4,58700,4,6.2,full_time,education,education,education,education,education,full_time,full_time,full_time,full_time,full_time,full_time,full_time,full_time,single_no_child,single_no_child,single_no_child,single_no_child,single_no_child,single_parent,single_parent,single_parent,single_parent,partnered_with_child,partnered_with_child,partnered_with_child,partnered_with_child,parental_home,parental_home,other_temporary,other_temporary,other_temporary,other_temporary,other_temporary,renting,renting,renting,renting,renting,renting
272,1990,female,medium,2,capital_region,1,5,13400,3,11.3,full_time,education,unemployed,unemployed,unemployed,full_time,unemployed,unemployed,inactive_care,unemployed,part_time,unemployed,full_time,part_time,single_no_child,partnered_no_child,partnered_no_child,partnered_no_child,partnered_no_child,partnered_with_child,partnered_with_child,partnered_with_child,partnered_with_child,partnered_with_child,partnered_with_child,single_parent,single_parent,other_temporary,renting,renting,renting,renting,renting,other_temporary,renting,renting,renting,renting,renting,renting
273,1992,male,low,1,capital_region,1,4,56200,3,3.5,full_time,education,education,full_time,full_time,inactive_care,full_time,full_time,full_time,full_time,full_time,full_time,part_time,full_time,single_no_child,single_no_child,single_no_child,single_no_child,single_no_child,partnered_no_child,partnered_no_child,partnered_no_child,partnered_no_child,partnered_no_child,partnered_no_child,partnered_no_child,partnered_no_child,parental_home,parental_home,parental_home,other_temporary,renting,renting,renting,renting,renting,renting,renting,renting,renting
274,1993,female,high,2,eastern_northern_finland,0,4,48600,5,8.7,full_time,education,education,education,education,full_time,full_time,full_time,full_time,full_time,full_time,full_time,full_time,full_time,single_no_child,single_no_child,single_no_child,single_no_child,partnered_no_child,partnered_no_child,partnered_no_child,partnered_no_child,partnered_with_child,partnered_with_child,partnered_with_child,partnered_with_child,partnered_with_child,renting,renting,renting,renting,renting,renting,renting,renting,renting,owner_occupied,owner_occupied,owner_occupied,owner_occupied
275,1990,female,medium,3,capital_region,0,4,50300,5,7.1,full_time,education,education,education,part_time,education,full_time,full_time,full_time,full_time,full_time,full_time,full_time,full_time,single_no_child,single_no_child,single_no_child,single_no_child,single_no_child,partnered_no_child,partnered_no_child,partnered_no_child,partnered_with_child,partnered_with_child,partnered_with_child,partnered_with_child,partnered_with_child,parental_home,parental_home,parental_home,parental_home,renting,renting,renting,renting,renting,renting,renting,renting,renting
276,1992,female,medium,2,capital_region,0,4,30100,5,9.4,full_time,education,education,education,education,education,full_time,full_time,full_time,full_time,full_time,full_time,full_time,full_time,single_no_child,single_no_child,partnered_no_child,partnered_no_child,partnered_no_child,partnered_no_child,partnered_no_child,partnered_no_child,partnered_no_child,partnered_no_child,partnered_no_child,partnered_no_child,partnered_no_child,renting,renting,renting,renting,renting,renting,renting,renting,owner_occupied,owner_occupied,owner_occupied,owner_occupied,owner_occupied
277,1994,male,low,3,southern_finland,1,4,23600,2,10.4,part_time,education,unemployed,unemployed,unemployed,part_time,unemployed,unemployed,part_time,unemployed,part_time,unemployed,full_time,full_time,single_no_child,single_no_child,single_no_child,single_no_child,single_no_child,single_no_child,single_no_child,single_no_child,single_no_child,single_no_child,single_no_child,single_no_child,single_no_child,parental_home,parental_home,parental_home,parental_home,parental_home,parental_home,renting,renting,renting,renting,renting,renting,renting
278,1991,female,medium,1,capital_region,0,4,26800,4,7.2,full_time,education,education,unemployed,part_time,full_time,unemployed,full_time,part_time,unemployed,full_time,part_time,full_time,full_time,single_no_child,single_no_child,single_no_child,single_no_child,single_no_child,single_no_child,single_no_child,single_no_child,single_no_child,partnered_with_child,partnered_with_child,partnered_with_child,partnered_with_child,parental_home,renting,renting,renting,renting,renting,renting,renting,renting,renting,renting,renting,owner_occupied
279,1992,female,high,3,capital_region,0,3,34000,3,3.5,full_time,education,education,education,full_time,full_time,full_time,full_time,part_time,inactive_care,part_time,part_time,full_time,full_time,single_no_child,single_no_child,single_no_child,single_no_child,single_no_child,single_no_child,single_no_child,partnered_no_child,partnered_no_child,partnered_with_child,partnered_with_child,partnered_with_child,partnered_with_child,renting,renting,renting,renting,renting,renting,renting,renting,renting,renting,renting,renting,owner_occupied
280,1994,male,medium,3,capital_region,0,4,23500,3,11.3,full_time,unemployed,education,unemployed,part_time,full_time,unemployed,full_time,part_time,unemployed,full_time,part_time,full_time,full_time,single_no_child,single_no_child,single_no_child,single_no_child,single_no_child,single_no_child,single_no_child,single_no_child,single_no_child,single_no_child,single_parent,single_parent,single_parent,parental_home,parental_home,parental_home,parental_home,parental_home,parental_home,parental_home,parental_home,renting,renting,renting,renting,renting
281,1991,female,high,3,capital_region,0,4,47200,5,8.2,full_time,education,education,education,education,education,full_time,full_time,full_time,full_time,full_time,full_time,full_time,full_time,single_no_child,single_no_child,single_no_child,partnered_no_child,partnered_no_child,partnered_no_child,partnered_no_child,partnered_no_child,partnered_no_child,partnered_no_child,partnered_no_child,single_no_child,single_no_child,renting,renting,renting,renting,renting,renting,renting,renting,renting,renting,renting,renting,renting
282,1990,male,medium,2,southern_finland,0,3,54600,3,10.2,full_time,education,education,full_time,full_time,full_time,full_time,education,part_time,full_time,full_time,full_time,full_time,full_time,partnered_no_child,partnered_no_child,partnered_no_child,partnered_no_child,partnered_no_child,partnered_no_child,partnered_no_child,partnered_no_child,partnered_no_child,partnered_no_child,partnered_no_child,partnered_no_child,partnered_no_child,renting,renting,renting,renting,renting,renting,renting,renting,renting,renting,renting,renting,renting
283,1992,male,high,5,capital_region,0,3,41400,3,8.9,full_time,education,education,education,education,education,full_time,full_time,full_time,part_time,full_time,full_time,part_time,full_time,single_no_child,single_no_child,single_no_child,single_no_child,single_no_child,single_no_child,single_no_child,single_no_child,single_parent,single_parent,single_parent,single_parent,single_parent,parental_home,renting,renting,renting,renting,renting,renting,renting,renting,renting,renting,renting,renting
284,1990,female,low,2,southern_finland,0,4,25100,4,3.5,full_time,part_time,education,education,unemployed,unemployed,part_time,part_time,part_time,full_time,full_time,full_time,full_time,full_time,single_no_child,single_no_child,single_no_child,single_no_child,single_no_child,single_no_child,single_no_child,single_parent,single_parent,single_parent,single_parent,single_parent,partnered_with_child,renting,renting,renting,renting,renting,renting,renting,renting,renting,renting,renting,renting,renting
285,1992,male,medium,4,southern_finland,0,5,43900,5,3.2,full_time,education,education,unemployed,part_time,full_time,unemployed,full_time,part_time,unemployed,full_time,part_time,full_time,full_time,single_no_child,single_no_child,single_no_child,single_no_child,partnered_no_child,partnered_no_child,partnered_with_child,partnered_with_child,partnered_with_child,partnered_with_child,partnered_with_child,partnered_with_child,partnered_with_child,parental_home,parental_home,parental_home,parental_home,parental_home,renting,renting,renting,renting,owner_occupied,owner_occupied,owner_occupied,owner_occupied
286,1993,male,medium,2,capital_region,0,4,37800,5,3.0,full_time,education,education,education,unemployed,full_time,full_time,full_time,inactive_care,inactive_care,part_time,part_time,full_time,full_time,single_no_child,single_no_child,single_no_child,single_no_child,single_no_child,single_no_child,single_no_child,single_no_child,single_no_child,single_no_child,partnered_with_child,partnered_with_child,partnered_with_child,renting,renting,renting,renting,renting,renting,renting,renting,renting,renting,renting,renting,renting
287,1991,male,high,4,southern_finland,0,4,46600,4,4.5,full_time,education,education,education,education,education,full_time,full_time,full_time,full_time,full_time,full_time,full_time,full_time,single_no_child,single_no_child,partnered_no_child,partnered_no_child,partnered_no_child,partnered_no_child,partnered_no_child,partnered_no_child,partnered_no_child,partnered_no_child,partnered_no_child,partnered_with_child,partnered_with_child,renting,renting,renting,renting,renting,renting,renting,renting,renting,renting,owner_occupied,owner_occupied,owner_occupied
288,1993,male,low,1,western_finland,0,3,47900,3,3.8,full_time,education,education,education,full_time,full_time,unemployed,full_time,inactive_care,inactive_care,part_time,part_time,full_time,full_time,single_no_child,single_no_child,single_no_child,single_no_child,single_no_child,single_no_child,single_no_child,single_no_child,single_no_child,single_no_child,single_no_child,partnered_with_child,partnered_with_child,parental_home,parental_home,parental_home,parental_home,parental_home,parental_home,parental_home,parental_home,parental_home,renting,renting,renting,renting
289,1993,female,medium,1,southern_finland,0,4,57600,4,7.9,full_time,education,education,full_time,full_time,full_time,full_time,full_time,full_time,full_time,full_time,full_time,full_time,part_time,single_no_child,single_no_child,single_no_child,single_no_child,single_no_child,single_parent,single_parent,single_parent,single_parent,partnered_with_child,partnered_with_child,partnered_with_child,partnered_with_child,parental_home,parental_home,parental_home,parental_home,parental_home,parental_home,renting,renting,renting,renting,renting,renting,renting
290,1991,female,low,1,western_finland,0,3,29500,2,4.1,full_time,unemployed,education,part_time,unemployed,full_time,unemployed,full_time,part_time,unemployed,full_time,part_time,full_time,full_time,single_no_child,single_no_child,single_no_child,single_no_child,single_no_child,single_no_child,single_no_child,single_no_child,single_no_child,partnered_no_child,partnered_with_child,partnered_with_child,partnered_with_child,parental_home,parental_home,parental_home,parental_home,parental_home,other_temporary,renting,renting,renting,renting,renting,renting,renting
291,1993,male,high,3,southern_finland,0,3,43000,3,6.5,full_time,education,education,education,education,education,inactive_care,full_time,unemployed,part_time,full_time,full_time,full_time,full_time,single_no_child,single_no_child,single_no_child,single_no_child,single_no_child,single_no_child,partnered_no_child,partnered_no_child,partnered_no_child,partnered_no_child,partnered_no_child,partnered_no_child,partnered_no_child,renting,renting,renting,renting,renting,renting,renting,renting,renting,renting,renting,renting,renting
292,1994,male,medium,1,southern_finland,0,4,53800,4,10.8,full_time,education,education,full_time,part_time,full_time,full_time,full_time,full_time,full_time,full_time,unemployed,full_time,full_time,single_no_child,single_no_child,single_no_child,single_no_child,partnered_no_child,partnered_with_child,partnered_with_child,partnered_with_child,partnered_with_child,partnered_with_child,partnered_with_child,partnered_with_child,partnered_with_child,parental_home,parental_home,parental_home,renting,renting,renting,renting,renting,renting,renting,renting,renting,renting
293,1993,female,medium,3,western_finland,0,4,51200,4,9.9,full_time,education,education,education,unemployed,unemployed,part_time,part_time,full_time,full_time,full_time,full_time,full_time,full_time,single_no_child,single_no_child,single_no_child,single_no_child,single_no_child,single_no_child,single_no_child,single_no_child,single_no_child,single_no_child,single_no_child,single_no_child,single_no_child,renting,renting,renting,renting,renting,renting,renting,renting,owner_occupied,owner_occupied,owner_occupied,owner_occupied,owner_occupied
294,1993,male,medium,3,capital_region,0,3,54000,4,3.4,full_time,education,education,education,education,education,full_time,full_time,full_time,full_time,full_time,full_time,full_time,full_time,single_no_child,single_no_child,single_no_child,partnered_no_child,partnered_no_child,partnered_with_child,partnered_with_child,partnered_with_child,partnered_with_child,partnered_with_child,partnered_with_child,partnered_with_child,partnered_with_child,parental_home,parental_home,parental_home,renting,renting,renting,renting,renting,renting,renting,renting,renting,renting
295,1993,female,medium,2,southern_finland,0,4,25700,2,6.6,unemployed,education,education,unemployed,inactive_care,full_time,unemployed,full_time,part_time,unemployed,full_time,part_time,full_time,unemployed,single_no_child,single_no_child,single_no_child,single_no_child,single_no_child,single_no_child,single_no_child,single_no_child,partnered_no_child,partnered_no_child,partnered_no_child,partnered_no_child,partnered_no_child,parental_home,parental_home,parental_home,parental_home,renting,renting,renting,renting,renting,renting,owner_occupied,owner_occupied,owner_occupied
296,1992,male,high,3,eastern_northern_finland,0,5,49400,5,5.4,full_time,education,education,education,education,education,full_time,full_time,full_time,full_time,full_time,full_time,full_time,unemployed,single_no_child,single_no_child,single_no_child,single_no_child,single_no_child,single_no_child,single_no_child,single_no_child,single_no_child,single_no_child,partnered_with_child,partnered_with_child,partnered_with_child,parental_home,parental_home,parental_home,parental_home,renting,renting,renting,renting,renting,renting,renting,renting,renting
297,1994,female,low,3,capital_region,0,5,55900,5,3.8,full_time,education,education,education,education,education,full_time,full_time,full_time,inactive_care,full_time,full_time,full_time,full_time,single_no_child,single_no_child,single_no_child,single_no_child,single_no_child,single_no_child,single_no_child,partnered_no_child,partnered_no_child,partnered_with_child,partnered_with_child,partnered_with_child,partnered_with_child,parental_home,parental_home,parental_home,parental_home,parental_home,other_temporary,other_temporary,other_temporary,other_temporary,renting,renting,renting,renting
298,1992,female,high,3,capital_region,0,5,52600,5,4.9,part_time,education,education,education,full_time,full_time,full_time,full_time,inactive_care,inactive_care,part_time,part_time,full_time,part_time,single_no_child,single_no_child,single_no_child,single_no_child,single_no_child,single_no_child,single_no_child,single_no_child,partnered_no_child,partnered_no_child,partnered_no_child,partnered_no_child,partnered_no_child,parental_home,renting,renting,renting,renting,renting,renting,renting,renting,renting,renting,renting,renting
299,1993,female,high,2,southern_finland,0,3,46000,3,3.0,full_time,education,education,education,education,education,full_time,full_time,full_time,full_time,full_time,full_time,full_time,full_time,single_no_child,single_no_child,single_no_child,single_no_child,single_no_child,single_no_child,single_no_child,single_no_child,single_no_child,single_no_child,partnered_no_child,partnered_no_child,partnered_no_child,parental_home,parental_home,parental_home,other_temporary,other_temporary,other_temporary,other_temporary,other_temporary,other_temporary,renting,renting,renting,renting
300,1991,female,low,2,eastern_northern_finland,0,4,34400,3,11.4,full_time,education,education,education,full_time,full_time,full_time,full_time,inactive_care,inactive_care,full_time,part_time,full_time,full_time,single_no_child,single_no_child,single_no_child,single_no_child,single_no_child,single_no_child,single_no_child,single_no_child,single_no_child,single_no_child,single_no_child,partnered_no_child,partnered_no_child,parental_home,parental_home,parental_home,parental_home,parental_home,parental_home,parental_home,parental_home,renting,renting,renting,renting,renting
301,1990,male,low,2,eastern_northern_finland,0,2,31600,1,8.6,inactive_care,education,unemployed,unemployed,unemployed,part_time,unemployed,part_time,inactive_care,unemployed,part_time,unemployed,full_time,part_time,single_no_child,single_no_child,single_no_child,single_parent,single_parent,single_parent,single_parent,single_parent,single_parent,single_parent,single_parent,single_parent,single_parent,parental_home,parental_home,parental_home,parental_home,renting,renting,renting,renting,renting,renting,renting,renting,renting
302,1991,female,medium,2,capital_region,0,3,29400,2,5.5,full_time,part_time,part_time,education,unemployed,education,full_time,full_time,full_time,unemployed,full_time,full_time,full_time,full_time,single_no_child,single_no_child,single_no_child,single_no_child,single_no_child,single_no_child,single_no_child,single_no_child,single_parent,single_parent,single_parent,single_parent,single_parent,parental_home,parental_home,parental_home,parental_home,parental_home,renting,renting,renting,renting,renting,renting,renting,renting
303,1991,female,high,4,eastern_northern_finland,0,4,36400,4,3.2,full_time,education,education,education,education,education,full_time,full_time,full_time,full_time,full_time,full_time,full_time,full_time,single_no_child,single_no_child,single_no_child,single_no_child,single_no_child,single_no_child,single_no_child,partnered_no_child,partnered_no_child,partnered_no_child,partnered_with_child,partnered_with_child,partnered_with_child,parental_home,parental_home,parental_home,parental_home,renting,renting,renting,renting,owner_occupied,owner_occupied,owner_occupied,owner_occupied,owner_occupied
304,1994,male,high,3,capital_region,0,3,40400,3,9.7,full_time,unemployed,education,education,education,education,full_time,full_time,full_time,full_time,full_time,full_time,full_time,full_time,single_no_child,single_no_child,single_no_child,single_parent,single_parent,single_parent,single_parent,single_parent,single_parent,single_parent,single_parent,single_parent,single_parent,parental_home,parental_home,parental_home,parental_home,parental_home,renting,renting,renting,renting,renting,renting,renting,renting
305,1992,female,medium,1,western_finland,0,2,50400,2,13.2,full_time,education,education,education,education,education,full_time,full_time,full_time,full_time,unemployed,full_time,part_time,full_time,single_no_child,single_no_child,single_no_child,single_no_child,single_no_child,partnered_no_child,partnered_no_child,partnered_no_child,partnered_no_child,partnered_no_child,partnered_no_child,single_no_child,single_no_child,parental_home,parental_home,parental_home,parental_home,parental_home,other_temporary,other_temporary,other_temporary,other_temporary,other_temporary,renting,renting,renting
306,1991,male,medium,3,southern_finland,0,4,48900,5,11.9,full_time,education,education,full_time,unemployed,full_time,full_time,full_time,full_time,full_time,full_time,full_time,full_time,full_time,single_no_child,single_no_child,single_no_child,single_parent,single_parent,single_parent,single_parent,partnered_with_child,partnered_with_child,partnered_with_child,partnered_with_child,partnered_with_child,partnered_with_child,parental_home,parental_home,parental_home,parental_home,parental_home,parental_home,parental_home,parental_home,renting,renting,owner_occupied,owner_occupied,owner_occupied
307,1994,male,medium,2,western_finland,1,3,15500,2,10.9,part_time,education,unemployed,unemployed,unemployed,part_time,unemployed,unemployed,inactive_care,unemployed,part_time,unemployed,full_time,part_time,single_no_child,single_no_child,single_no_child,single_no_child,single_no_child,single_no_child,single_no_child,single_no_child,single_no_child,partnered_with_child,partnered_with_child,partnered_with_child,partnered_with_child,renting,renting,renting,renting,renting,renting,renting,renting,renting,renting,renting,renting,renting
308,1991,female,medium,4,eastern_northern_finland,0,3,42500,3,11.9,full_time,education,education,unemployed,full_time,full_time,unemployed,full_time,full_time,full_time,full_time,full_time,full_time,full_time,single_no_child,single_no_child,single_no_child,single_no_child,single_no_child,single_no_child,single_no_child,single_no_child,single_parent,single_parent,single_parent,single_parent,single_parent,parental_home,parental_home,parental_home,renting,renting,renting,renting,renting,renting,renting,owner_occupied,owner_occupied,owner_occupied
309,1993,female,high,4,western_finland,0,4,39100,3,4.8,full_time,education,part_time,unemployed,education,education,full_time,full_time,full_time,full_time,full_time,full_time,full_time,full_time,single_no_child,single_no_child,single_no_child,single_no_child,single_parent,single_parent,single_parent,single_parent,single_parent,single_parent,single_parent,single_parent,single_parent,renting,renting,renting,renting,renting,renting,renting,renting,owner_occupied,owner_occupied,owner_occupied,owner_occupied,owner_occupied
310,1990,female,low,1,eastern_northern_finland,0,3,30000,2,11.5,part_time,education,full_time,unemployed,inactive_care,part_time,unemployed,unemployed,inactive_care,unemployed,part_time,unemployed,full_time,part_time,single_no_child,single_no_child,single_no_child,single_no_child,single_no_child,single_no_child,single_no_child,single_parent,single_parent,single_parent,single_parent,single_parent,single_parent,parental_home,parental_home,parental_home,parental_home,parental_home,parental_home,renting,renting,renting,renting,renting,renting,renting
311,1991,female,low,2,eastern_northern_finland,0,3,29500,3,7.0,part_time,education,part_time,education,unemployed,unemployed,part_time,part_time,full_time,part_time,full_time,full_time,part_time,part_time,single_no_child,single_no_child,single_no_child,single_no_child,single_no_child,single_no_child,partnered_no_child,partnered_no_child,partnered_no_child,partnered_with_child,partnered_with_child,partnered_with_child,partnered_with_child,renting,renting,renting,renting,renting,renting,renting,renting,renting,renting,renting,renting,renting
312,1990,female,high,3,western_finland,0,4,51200,5,4.3,full_time,education,education,education,full_time,full_time,full_time,full_time,inactive_care,inactive_care,part_time,part_time,full_time,full_time,partnered_no_child,partnered_no_child,partnered_no_child,partnered_no_child,partnered_no_child,single_no_child,single_no_child,single_no_child,single_no_child,single_no_child,single_no_child,single_no_child,partnered_no_child,parental_home,parental_home,parental_home,parental_home,parental_home,parental_home,renting,renting,renting,renting,renting,owner_occupied,owner_occupied
313,1991,female,low,2,western_finland,1,3,42300,3,10.7,inactive_care,education,education,education,part_time,unemployed,part_time,part_time,full_time,full_time,full_time,full_time,unemployed,part_time,single_no_child,single_no_child,single_no_child,single_no_child,single_no_child,single_no_child,single_parent,single_parent,single_parent,single_parent,single_parent,single_parent,single_parent,other_temporary,renting,renting,renting,renting,renting,renting,owner_occupied,owner_occupied,owner_occupied,owner_occupied,owner_occupied,owner_occupied
314,1993,female,low,3,eastern_northern_finland,0,4,16300,3,9.6,full_time,education,unemployed,unemployed,unemployed,part_time,unemployed,unemployed,inactive_care,unemployed,part_time,full_time,full_time,part_time,single_no_child,single_no_child,single_no_child,partnered_no_child,partnered_no_child,partnered_no_child,partnered_no_child,partnered_with_child,partnered_with_child,partnered_with_child,partnered_with_child,partnered_with_child,partnered_with_child,other_temporary,other_temporary,other_temporary,renting,renting,renting,renting,renting,renting,renting,renting,renting,renting
315,1994,male,medium,2,eastern_northern_finland,0,3,41400,3,6.6,full_time,education,education,education,unemployed,education,full_time,full_time,full_time,full_time,full_time,full_time,part_time,full_time,single_no_child,single_no_child,single_no_child,single_no_child,single_no_child,single_no_child,single_no_child,single_no_child,partnered_no_child,partnered_no_child,partnered_no_child,partnered_with_child,partnered_with_child,renting,renting,renting,renting,renting,renting,renting,renting,renting,renting,renting,renting,renting
316,1993,female,low,3,southern_finland,0,3,48800,3,10.6,full_time,education,education,education,education,education,full_time,full_time,full_time,full_time,full_time,full_time,full_time,part_time,single_no_child,single_no_child,single_no_child,single_no_child,single_no_child,single_no_child,single_no_child,single_no_child,single_no_child,single_no_child,partnered_with_child,partnered_with_child,partnered_with_child,renting,renting,renting,renting,renting,renting,renting,renting,renting,renting,owner_occupied,owner_occupied,owner_occupied
317,1992,male,medium,1,western_finland,0,3,39200,3,5.9,full_time,education,education,education,full_time,full_time,full_time,part_time,inactive_care,inactive_care,part_time,part_time,full_time,full_time,single_no_child,single_no_child,single_no_child,single_no_child,single_no_child,single_no_child,single_no_child,single_no_child,single_no_child,single_no_child,single_no_child,single_no_child,partnered_no_child,parental_home,parental_home,parental_home,parental_home,parental_home,parental_home,renting,renting,renting,renting,renting,renting,renting
318,1991,female,medium,2,eastern_northern_finland,0,3,44900,3,11.4,full_time,education,education,full_time,full_time,unemployed,full_time,full_time,full_time,full_time,full_time,full_time,full_time,full_time,single_no_child,single_no_child,single_no_child,single_no_child,single_no_child,single_no_child,single_no_child,single_no_child,single_no_child,single_no_child,partnered_no_child,partnered_no_child,partnered_no_child,parental_home,parental_home,renting,renting,renting,renting,renting,owner_occupied,owner_occupied,owner_occupied,owner_occupied,owner_occupied,owner_occupied
319,1991,female,medium,4,southern_finland,0,4,20700,3,7.8,full_time,inactive_care,education,education,full_time,part_time,full_time,full_time,inactive_care,inactive_care,part_time,part_time,full_time,full_time,single_no_child,single_no_child,single_no_child,single_no_child,single_no_child,single_no_child,single_no_child,single_no_child,single_no_child,single_no_child,single_no_child,single_no_child,partnered_no_child,parental_home,renting,renting,renting,renting,renting,renting,renting,renting,renting,renting,renting,renting
320,1993,female,medium,3,southern_finland,0,5,47300,5,5.0,full_time,education,education,full_time,full_time,full_time,full_time,full_time,inactive_care,inactive_care,part_time,part_time,full_time,full_time,single_no_child,single_no_child,partnered_no_child,partnered_no_child,partnered_no_child,partnered_no_child,partnered_no_child,partnered_no_child,partnered_with_child,partnered_with_child,partnered_with_child,partnered_with_child,partnered_with_child,parental_home,parental_home,parental_home,renting,renting,renting,renting,renting,renting,owner_occupied,owner_occupied,owner_occupied,owner_occupied
321,1991,female,medium,2,western_finland,0,4,51000,3,11.2,full_time,education,education,full_time,full_time,full_time,full_time,full_time,full_time,full_time,full_time,full_time,full_time,full_time,single_no_child,single_no_child,single_no_child,single_no_child,single_no_child,partnered_no_child,partnered_no_child,partnered_no_child,partnered_no_child,partnered_no_child,partnered_no_child,partnered_no_child,partnered_no_child,parental_home,parental_home,renting,renting,renting,renting,renting,renting,renting,renting,renting,renting,renting
322,1991,female,low,2,western_finland,0,4,45800,4,0.0,full_time,education,education,education,full_time,full_time,full_time,full_time,inactive_care,inactive_care,part_time,part_time,full_time,full_time,single_no_child,single_no_child,single_no_child,single_no_child,single_no_child,single_no_child,partnered_no_child,partnered_no_child,partnered_no_child,partnered_no_child,partnered_no_child,partnered_no_child,single_no_child,parental_home,parental_home,parental_home,parental_home,renting,renting,renting,renting,renting,renting,renting,renting,renting
323,1994,male,medium,2,capital_region,0,4,37300,3,4.7,part_time,education,education,unemployed,education,education,full_time,full_time,unemployed,full_time,full_time,part_time,part_time,part_time,partnered_no_child,partnered_no_child,partnered_no_child,partnered_no_child,partnered_no_child,partnered_with_child,partnered_with_child,partnered_with_child,partnered_with_child,partnered_with_child,partnered_with_child,partnered_with_child,partnered_with_child,parental_home,parental_home,parental_home,parental_home,parental_home,parental_home,parental_home,other_temporary,renting,renting,renting,renting,renting
324,1990,male,medium,2,eastern_northern_finland,0,3,42500,2,6.8,full_time,education,unemployed,full_time,full_time,full_time,full_time,full_time,unemployed,unemployed,full_time,full_time,full_time,full_time,single_no_child,single_no_child,single_no_child,single_no_child,single_no_child,single_no_child,single_no_child,single_no_child,single_no_child,single_no_child,single_no_child,single_parent,single_parent,parental_home,parental_home,parental_home,parental_home,parental_home,parental_home,renting,renting,renting,renting,renting,renting,renting
325,1991,female,high,2,western_finland,0,3,40200,2,7.5,full_time,education,education,education,part_time,full_time,full_time,full_time,full_time,full_time,full_time,full_time,full_time,full_time,single_no_child,single_no_child,single_no_child,single_no_child,single_no_child,partnered_no_child,partnered_no_child,partnered_no_child,partnered_no_child,partnered_no_child,partnered_with_child,partnered_with_child,partnered_with_child,parental_home,parental_home,parental_home,parental_home,parental_home,renting,renting,renting,renting,renting,renting,renting,renting
326,1991,female,medium,3,eastern_northern_finland,1,5,38400,3,7.6,full_time,education,education,unemployed,part_time,full_time,part_time,full_time,unemployed,unemployed,full_time,part_time,full_time,full_time,single_no_child,single_no_child,single_no_child,single_no_child,single_no_child,single_no_child,single_no_child,single_no_child,single_no_child,single_no_child,single_parent,single_parent,partnered_with_child,parental_home,renting,other_temporary,other_temporary,other_temporary,renting,renting,renting,renting,renting,renting,renting,renting
327,1991,female,high,2,southern_finland,0,2,46800,1,0.8,full_time,education,education,education,education,education,unemployed,full_time,full_time,full_time,full_time,full_time,full_time,full_time,single_no_child,single_no_child,single_no_child,single_no_child,single_no_child,single_no_child,single_parent,single_parent,single_parent,single_parent,single_parent,single_parent,partnered_with_child,parental_home,parental_home,renting,renting,renting,renting,renting,renting,renting,renting,renting,owner_occupied,owner_occupied
328,1990,male,medium,2,western_finland,0,5,50800,5,4.2,full_time,education,education,education,education,education,full_time,full_time,full_time,full_time,full_time,full_time,full_time,full_time,single_no_child,single_no_child,single_no_child,single_no_child,single_no_child,single_no_child,single_no_child,single_no_child,partnered_no_child,partnered_no_child,partnered_no_child,partnered_no_child,partnered_no_child,parental_home,parental_home,parental_home,parental_home,parental_home,parental_home,other_temporary,other_temporary,other_temporary,renting,renting,renting,renting
329,1992,male,high,2,capital_region,0,4,31900,3,5.2,full_time,education,full_time,education,education,education,full_time,full_time,full_time,full_time,full_time,full_time,full_time,full_time,single_no_child,single_no_child,single_no_child,single_no_child,single_no_child,partnered_no_child,partnered_no_child,partnered_no_child,partnered_no_child,partnered_no_child,partnered_with_child,partnered_with_child,partnered_with_child,parental_home,parental_home,parental_home,parental_home,parental_home,parental_home,renting,renting,renting,renting,renting,renting,renting
330,1991,female,high,4,capital_region,0,3,48200,3,12.5,full_time,education,education,unemployed,inactive_care,full_time,unemployed,full_time,part_time,unemployed,full_time,unemployed,full_time,full_time,single_no_child,single_no_child,single_no_child,single_no_child,single_no_child,single_no_child,single_no_child,single_no_child,partnered_no_child,partnered_no_child,partnered_no_child,partnered_no_child,partnered_with_child,parental_home,parental_home,parental_home,parental_home,parental_home,parental_home,parental_home,other_temporary,renting,owner_occupied,owner_occupied,owner_occupied,owner_occupied
331,1994,female,high,2,eastern_northern_finland,0,5,40600,5,3.3,full_time,education,education,education,education,education,full_time,full_time,full_time,full_time,full_time,full_time,inactive_care,full_time,single_no_child,single_no_child,single_no_child,single_no_child,single_no_child,single_no_child,partnered_no_child,partnered_no_child,partnered_with_child,partnered_with_child,partnered_with_child,partnered_with_child,partnered_with_child,renting,renting,renting,renting,renting,renting,renting,renting,owner_occupied,owner_occupied,owner_occupied,owner_occupied,owner_occupied
332,1992,male,low,1,eastern_northern_finland,0,2,26300,2,8.6,full_time,education,full_time,education,full_time,unemployed,part_time,full_time,inactive_care,inactive_care,part_time,part_time,full_time,full_time,single_no_child,single_no_child,single_no_child,single_no_child,single_no_child,single_no_child,partnered_no_child,partnered_no_child,partnered_with_child,partnered_with_child,partnered_with_child,partnered_with_child,partnered_with_child,parental_home,renting,renting,renting,renting,renting,renting,renting,renting,renting,renting,renting,renting
333,1993,female,low,2,eastern_northern_finland,1,3,46900,4,4.8,full_time,part_time,unemployed,full_time,part_time,full_time,full_time,full_time,inactive_care,full_time,full_time,full_time,full_time,full_time,single_no_child,single_no_child,single_no_child,single_parent,partnered_with_child,partnered_with_child,partnered_with_child,partnered_with_child,partnered_with_child,partnered_with_child,partnered_with_child,partnered_with_child,partnered_with_child,parental_home,parental_home,parental_home,parental_home,parental_home,renting,renting,renting,renting,renting,renting,renting,renting
334,1992,male,high,3,southern_finland,0,4,59900,4,2.9,full_time,education,education,education,education,education,full_time,full_time,full_time,full_time,full_time,full_time,full_time,full_time,single_no_child,single_no_child,single_no_child,single_no_child,single_no_child,single_no_child,partnered_no_child,partnered_no_child,partnered_no_child,partnered_no_child,partnered_no_child,partnered_no_child,partnered_no_child,other_temporary,renting,renting,renting,renting,renting,renting,renting,renting,renting,renting,renting,owner_occupied
335,1991,female,medium,3,western_finland,0,3,33400,2,11.5,full_time,inactive_care,education,unemployed,part_time,full_time,unemployed,full_time,part_time,unemployed,full_time,part_time,full_time,full_time,single_no_child,single_no_child,single_no_child,single_no_child,partnered_no_child,partnered_no_child,partnered_no_child,partnered_no_child,partnered_no_child,partnered_no_child,partnered_with_child,partnered_with_child,partnered_with_child,parental_home,renting,renting,renting,renting,renting,owner_occupied,owner_occupied,owner_occupied,owner_occupied,owner_occupied,owner_occupied,owner_occupied
336,1994,male,medium,2,capital_region,0,4,38100,4,9.6,full_time,education,education,education,education,education,part_time,full_time,full_time,full_time,full_time,full_time,full_time,full_time,single_no_child,single_no_child,single_no_child,single_no_child,single_no_child,single_no_child,single_no_child,partnered_no_child,partnered_no_child,partnered_no_child,partnered_with_child,partnered_with_child,partnered_with_child,parental_home,parental_home,parental_home,renting,renting,renting,renting,renting,owner_occupied,owner_occupied,owner_occupied,owner_occupied,owner_occupied
337,1990,male,low,2,eastern_northern_finland,0,4,44100,4,8.7,full_time,education,education,education,full_time,inactive_care,full_time,full_time,inactive_care,inactive_care,part_time,part_time,full_time,full_time,single_no_child,single_no_child,single_no_child,single_no_child,single_no_child,single_no_child,single_no_child,single_no_child,single_no_child,single_no_child,single_no_child,single_no_child,single_no_child,parental_home,parental_home,parental_home,parental_home,parental_home,parental_home,parental_home,parental_home,parental_home,parental_home,parental_home,other_temporary,other_temporary
338,1992,female,medium,1,southern_finland,0,2,37100,1,10.0,full_time,education,education,unemployed,part_time,full_time,unemployed,full_time,part_time,unemployed,full_time,part_time,full_time,unemployed,single_no_child,single_no_child,single_no_child,partnered_no_child,partnered_no_child,partnered_no_child,partnered_no_child,partnered_no_child,partnered_no_child,partnered_no_child,partnered_no_child,partnered_no_child,partnered_no_child,parental_home,parental_home,renting,renting,renting,renting,renting,renting,renting,renting,renting,renting,renting
339,1994,male,low,2,eastern_northern_finland,0,4,45200,4,5.6,full_time,education,education,full_time,full_time,full_time,full_time,full_time,inactive_care,full_time,full_time,full_time,full_time,full_time,single_no_child,single_no_child,single_no_child,single_no_child,single_no_child,single_no_child,single_no_child,single_no_child,single_no_child,single_no_child,single_no_child,single_no_child,single_no_child,parental_home,parental_home,parental_home,parental_home,parental_home,parental_home,renting,renting,renting,renting,renting,renting,renting
340,1990,female,high,4,southern_finland,0,4,28700,2,6.7,full_time,education,education,unemployed,full_time,full_time,unemployed,full_time,part_time,unemployed,full_time,part_time,full_time,full_time,single_no_child,single_no_child,single_no_child,single_no_child,single_no_child,single_no_child,single_no_child,single_no_child,single_no_child,partnered_no_child,partnered_no_child,partnered_no_child,partnered_no_child,parental_home,parental_home,parental_home,parental_home,parental_home,parental_home,parental_home,parental_home,renting,renting,renting,renting,renting
341,1991,male,low,3,capital_region,0,4,51600,5,3.4,part_time,education,education,full_time,full_time,full_time,full_time,full_time,full_time,full_time,full_time,full_time,full_time,full_time,single_no_child,single_no_child,single_no_child,single_no_child,single_no_child,single_no_child,single_no_child,partnered_no_child,partnered_no_child,partnered_no_child,partnered_no_child,partnered_no_child,partnered_no_child,parental_home,parental_home,parental_home,parental_home,renting,renting,renting,renting,renting,renting,renting,renting,renting
342,1994,male,medium,3,western_finland,0,4,53100,4,9.5,full_time,education,education,full_time,full_time,full_time,full_time,full_time,full_time,full_time,full_time,full_time,full_time,full_time,single_no_child,single_no_child,single_no_child,single_no_child,single_no_child,single_parent,single_parent,single_parent,single_parent,single_parent,single_parent,single_parent,partnered_with_child,parental_home,parental_home,parental_home,renting,renting,renting,renting,renting,renting,renting,renting,renting,renting
343,1993,female,low,1,capital_region,0,3,41300,3,4.0,full_time,education,education,education,full_time,inactive_care,full_time,full_time,inactive_care,inactive_care,part_time,part_time,full_time,full_time,single_no_child,single_no_child,partnered_no_child,partnered_no_child,partnered_with_child,partnered_with_child,partnered_with_child,partnered_with_child,partnered_with_child,partnered_with_child,partnered_with_child,partnered_with_child,partnered_with_child,parental_home,renting,renting,renting,renting,renting,renting,renting,renting,renting,renting,renting,renting
344,1990,male,low,1,eastern_northern_finland,0,2,58100,2,3.8,full_time,education,education,full_time,part_time,full_time,full_time,full_time,full_time,full_time,full_time,full_time,full_time,full_time,single_no_child,partnered_no_child,partnered_no_child,partnered_no_child,partnered_no_child,partnered_no_child,partnered_no_child,partnered_no_child,partnered_no_child,partnered_with_child,partnered_with_child,partnered_with_child,partnered_with_child,parental_home,parental_home,renting,renting,renting,renting,renting,renting,renting,renting,renting,renting,renting
345,1990,male,low,2,capital_region,0,5,39300,5,6.1,full_time,education,education,education,education,education,inactive_care,full_time,full_time,part_time,full_time,full_time,full_time,full_time,single_no_child,single_no_child,single_no_child,single_no_child,partnered_no_child,partnered_no_child,partnered_no_child,partnered_no_child,partnered_no_child,partnered_no_child,partnered_no_child,partnered_no_child,partnered_with_child,renting,renting,renting,renting,renting,renting,renting,renting,renting,renting,renting,renting,renting
346,1990,female,high,1,southern_finland,0,3,28200,1,7.0,full_time,education,education,education,part_time,full_time,full_time,full_time,inactive_care,inactive_care,part_time,part_time,full_time,full_time,single_no_child,single_no_child,single_no_child,single_no_child,partnered_no_child,partnered_no_child,partnered_no_child,partnered_no_child,partnered_with_child,partnered_with_child,partnered_with_child,partnered_with_child,partnered_with_child,parental_home,renting,renting,renting,renting,renting,renting,renting,renting,renting,renting,renting,renting
347,1994,female,high,3,southern_finland,1,4,56900,4,7.0,full_time,education,education,education,education,education,full_time,full_time,full_time,full_time,full_time,full_time,full_time,full_time,single_no_child,single_no_child,single_no_child,single_no_child,single_no_child,single_no_child,single_no_child,single_no_child,single_no_child,single_no_child,single_no_child,single_no_child,single_no_child,renting,renting,renting,renting,renting,renting,renting,renting,renting,renting,renting,renting,renting
348,1993,female,medium,3,western_finland,0,5,57600,5,1.0,full_time,education,education,full_time,full_time,full_time,full_time,full_time,full_time,full_time,full_time,inactive_care,full_time,full_time,single_no_child,single_no_child,single_no_child,partnered_no_child,partnered_no_child,partnered_no_child,partnered_no_child,partnered_no_child,partnered_no_child,partnered_no_child,partnered_no_child,partnered_with_child,partnered_with_child,renting,renting,renting,renting,renting,renting,renting,renting,renting,renting,renting,renting,renting
349,1992,male,low,2,southern_finland,0,4,33300,4,0.0,full_time,part_time,education,education,unemployed,full_time,part_time,part_time,inactive_care,full_time,full_time,full_time,full_time,full_time,single_no_child,single_no_child,single_no_child,single_no_child,single_no_child,single_no_child,partnered_no_child,partnered_no_child,partnered_no_child,partnered_with_child,partnered_with_child,partnered_with_child,partnered_with_child,renting,renting,renting,other_temporary,other_temporary,other_temporary,renting,renting,renting,owner_occupied,owner_occupied,owner_occupied,owner_occupied
350,1992,female,low,3,capital_region,0,4,42000,4,0.3,full_time,education,education,education,unemployed,education,full_time,full_time,inactive_care,full_time,full_time,full_time,full_time,full_time,single_no_child,single_no_child,single_no_child,single_no_child,single_no_child,single_no_child,single_no_child,single_no_child,single_no_child,single_no_child,single_no_child,single_no_child,single_no_child,parental_home,parental_home,parental_home,parental_home,parental_home,renting,renting,renting,renting,renting,renting,renting,owner_occupied
351,1992,male,medium,3,southern_finland,1,3,34800,3,9.1,full_time,education,education,full_time,full_time,full_time,full_time,full_time,full_time,full_time,full_time,full_time,full_time,full_time,single_no_child,single_no_child,single_no_child,single_no_child,single_parent,single_parent,single_parent,single_parent,single_parent,single_parent,single_parent,single_parent,partnered_with_child,parental_home,parental_home,parental_home,renting,renting,renting,renting,renting,renting,renting,renting,renting,renting
352,1992,female,medium,4,capital_region,1,4,45900,5,7.1,full_time,education,education,education,education,education,inactive_care,full_time,full_time,full_time,full_time,full_time,full_time,unemployed,partnered_no_child,partnered_no_child,partnered_no_child,partnered_no_child,partnered_no_child,partnered_no_child,partnered_no_child,partnered_no_child,partnered_no_child,partnered_no_child,partnered_no_child,partnered_no_child,partnered_no_child,parental_home,parental_home,parental_home,parental_home,parental_home,renting,renting,renting,renting,renting,renting,renting,renting
353,1990,male,high,4,southern_finland,0,4,47900,5,7.7,full_time,education,education,education,education,education,full_time,full_time,full_time,full_time,full_time,full_time,full_time,unemployed,single_no_child,single_no_child,single_no_child,partnered_no_child,partnered_no_child,partnered_no_child,partnered_no_child,partnered_no_child,partnered_no_child,partnered_no_child,partnered_with_child,partnered_with_child,single_parent,parental_home,parental_home,parental_home,parental_home,parental_home,parental_home,renting,renting,renting,renting,renting,renting,renting
354,1991,female,low,1,western_finland,1,3,36100,3,12.1,full_time,education,education,unemployed,part_time,full_time,full_time,full_time,part_time,unemployed,full_time,part_time,full_time,full_time,single_no_child,single_no_child,single_no_child,single_no_child,single_no_child,single_no_child,partnered_no_child,partnered_no_child,partnered_with_child,partnered_with_child,partnered_with_child,partnered_with_child,partnered_with_child,parental_home,parental_home,parental_home,parental_home,parental_home,parental_home,parental_home,renting,renting,renting,renting,renting,renting
355,1990,female,low,2,southern_finland,0,4,25600,3,9.6,full_time,full_time,education,education,unemployed,unemployed,part_time,unemployed,part_time,full_time,full_time,full_time,full_time,full_time,single_no_child,single_no_child,single_no_child,single_no_child,single_no_child,single_no_child,single_no_child,single_no_child,single_no_child,single_no_child,single_parent,single_parent,partnered_with_child,parental_home,renting,renting,renting,renting,renting,renting,renting,renting,renting,renting,renting,renting
356,1994,male,medium,3,capital_region,0,5,47200,4,1.7,full_time,education,education,full_time,full_time,full_time,full_time,full_time,full_time,full_time,full_time,inactive_care,full_time,full_time,single_no_child,single_no_child,single_no_child,single_no_child,single_no_child,single_no_child,single_no_child,single_no_child,partnered_no_child,partnered_no_child,partnered_no_child,partnered_no_child,single_parent,parental_home,parental_home,parental_home,parental_home,parental_home,parental_home,parental_home,parental_home,parental_home,renting,renting,renting,renting
357,1991,female,medium,3,western_finland,0,3,45500,3,3.8,full_time,education,part_time,education,education,education,full_time,full_time,full_time,full_time,full_time,full_time,full_time,full_time,single_no_child,single_no_child,partnered_no_child,partnered_no_child,partnered_no_child,partnered_no_child,partnered_with_child,partnered_with_child,partnered_with_child,single_parent,single_parent,single_parent,single_parent,parental_home,parental_home,parental_home,other_temporary,other_temporary,renting,renting,renting,renting,renting,renting,renting,renting
358,1992,female,low,2,capital_region,0,4,30500,4,5.7,full_time,education,education,education,part_time,full_time,full_time,full_time,inactive_care,inactive_care,part_time,part_time,unemployed,full_time,single_no_child,single_no_child,partnered_no_child,partnered_no_child,partnered_no_child,partnered_no_child,partnered_no_child,partnered_no_child,single_no_child,single_no_child,single_no_child,single_no_child,single_no_child,parental_home,parental_home,parental_home,parental_home,parental_home,parental_home,parental_home,parental_home,renting,owner_occupied,owner_occupied,owner_occupied,owner_occupied
359,1993,male,low,1,eastern_northern_finland,0,3,40500,2,9.7,full_time,education,education,part_time,education,education,full_time,full_time,full_time,unemployed,full_time,full_time,full_time,full_time,single_no_child,single_no_child,single_no_child,single_no_child,single_no_child,single_no_child,single_no_child,single_no_child,single_no_child,single_no_child,single_no_child,single_no_child,single_parent,parental_home,parental_home,renting,renting,renting,renting,renting,renting,renting,renting,renting,renting,renting
360,1992,male,low,2,western_finland,0,4,40700,5,5.6,full_time,education,education,education,full_time,education,full_time,full_time,full_time,full_time,full_time,full_time,full_time,full_time,single_no_child,single_no_child,single_no_child,single_no_child,single_no_child,single_parent,single_parent,single_parent,single_parent,partnered_with_child,partnered_with_child,partnered_with_child,partnered_with_child,parental_home,parental_home,parental_home,parental_home,parental_home,parental_home,parental_home,renting,renting,renting,owner_occupied,owner_occupied,owner_occupied
361,1994,male,high,4,western_finland,0,3,52600,3,5.9,full_time,education,education,education,education,education,full_time,full_time,full_time,full_time,part_time,full_time,full_time,full_time,single_no_child,single_no_child,single_no_child,single_no_child,single_no_child,partnered_no_child,partnered_no_child,partnered_no_child,partnered_no_child,partnered_no_child,single_no_child,single_no_child,single_no_child,parental_home,parental_home,other_temporary,renting,renting,renting,renting,renting,renting,renting,renting,renting,renting
362,1992,male,low,2,western_finland,1,3,38300,4,10.0,full_time,education,education,education,education,education,part_time,full_time,full_time,part_time,full_time,full_time,unemployed,full_time,single_no_child,single_no_child,single_no_child,single_no_child,single_no_child,single_no_child,single_no_child,single_no_child,single_no_child,single_no_child,partnered_no_child,partnered_no_child,partnered_no_child,parental_home,parental_home,parental_home,parental_home,parental_home,parental_home,parental_home,parental_home,parental_home,parental_home,renting,renting,renting
363,1990,female,high,4,capital_region,0,4,60700,5,6.5,full_time,education,education,full_time,full_time,full_time,full_time,full_time,full_time,full_time,part_time,full_time,full_time,full_time,single_no_child,single_no_child,single_no_child,single_no_child,single_no_child,single_no_child,single_no_child,single_no_child,single_no_child,single_no_child,single_parent,single_parent,single_parent,parental_home,parental_home,parental_home,renting,renting,renting,renting,renting,renting,renting,renting,renting,renting
364,1991,female,high,3,eastern_northern_finland,0,3,53700,3,9.8,full_time,education,education,full_time,full_time,full_time,full_time,full_time,inactive_care,full_time,part_time,part_time,full_time,full_time,single_no_child,single_no_child,single_no_child,single_no_child,single_no_child,single_no_child,single_no_child,single_no_child,single_no_child,single_no_child,single_no_child,single_parent,single_parent,parental_home,parental_home,parental_home,parental_home,parental_home,parental_home,parental_home,renting,owner_occupied,owner_occupied,owner_occupied,owner_occupied,owner_occupied
365,1993,female,medium,3,capital_region,1,4,26500,2,4.9,part_time,part_time,education,unemployed,unemployed,full_time,unemployed,full_time,part_time,unemployed,full_time,part_time,full_time,part_time,single_no_child,single_no_child,single_no_child,single_no_child,single_no_child,single_no_child,single_no_child,single_no_child,partnered_no_child,partnered_no_child,partnered_no_child,partnered_no_child,partnered_no_child,renting,renting,renting,renting,renting,renting,renting,renting,renting,renting,renting,renting,renting
366,1990,female,high,3,capital_region,1,4,9000,2,14.1,unemployed,education,unemployed,unemployed,unemployed,part_time,unemployed,unemployed,inactive_care,unemployed,part_time,unemployed,full_time,part_time,single_no_child,single_no_child,single_no_child,single_no_child,single_no_child,single_no_child,single_no_child,single_no_child,single_no_child,single_no_child,single_no_child,single_no_child,partnered_no_child,parental_home,parental_home,parental_home,renting,renting,renting,renting,renting,renting,renting,renting,renting,renting
367,1993,male,medium,4,eastern_northern_finland,0,3,34100,3,3.5,full_time,education,education,education,full_time,full_time,full_time,full_time,inactive_care,inactive_care,part_time,part_time,full_time,part_time,single_no_child,single_no_child,single_no_child,single_no_child,single_no_child,single_no_child,single_no_child,single_no_child,partnered_with_child,partnered_with_child,partnered_with_child,partnered_with_child,partnered_with_child,parental_home,parental_home,parental_home,parental_home,parental_home,parental_home,parental_home,parental_home,parental_home,parental_home,renting,renting,renting
368,1992,male,high,5,southern_finland,0,5,51500,5,6.8,full_time,education,education,education,education,education,full_time,full_time,full_time,full_time,full_time,full_time,full_time,full_time,single_no_child,single_no_child,single_no_child,single_no_child,single_no_child,single_no_child,single_no_child,single_no_child,single_no_child,single_no_child,single_no_child,partnered_no_child,partnered_no_child,parental_home,parental_home,parental_home,parental_home,parental_home,parental_home,parental_home,parental_home,parental_home,parental_home,parental_home,parental_home,renting
369,1990,male,medium,3,western_finland,0,4,48300,4,0.9,full_time,education,education,education,education,education,full_time,full_time,full_time,full_time,part_time,full_time,full_time,full_time,single_no_child,single_no_child,single_no_child,single_no_child,single_no_child,single_no_child,single_no_child,single_no_child,single_no_child,single_no_child,single_no_child,single_no_child,partnered_no_child,parental_home,parental_home,parental_home,parental_home,other_temporary,other_temporary,renting,renting,renting,renting,renting,renting,renting
370,1992,female,medium,3,capital_region,0,5,40500,4,9.6,full_time,education,education,unemployed,unemployed,education,full_time,full_time,part_time,full_time,full_time,full_time,full_time,full_time,single_no_child,single_no_child,single_no_child,single_no_child,single_no_child,single_no_child,single_no_child,single_no_child,partnered_no_child,partnered_no_child,partnered_with_child,partnered_with_child,partnered_with_child,parental_home,parental_home,parental_home,renting,renting,renting,renting,renting,renting,renting,renting,renting,owner_occupied
371,1994,female,medium,3,southern_finland,0,3,46300,3,10.6,full_time,part_time,education,education,unemployed,unemployed,part_time,part_time,full_time,full_time,full_time,full_time,full_time,full_time,single_no_child,single_no_child,single_no_child,single_no_child,single_parent,single_parent,single_parent,single_parent,single_parent,single_parent,single_parent,partnered_with_child,partnered_with_child,parental_home,renting,renting,renting,renting,renting,renting,renting,renting,renting,renting,renting,renting
372,1990,female,high,3,eastern_northern_finland,0,4,69200,4,8.5,full_time,education,education,full_time,full_time,full_time,full_time,full_time,full_time,full_time,full_time,full_time,full_time,full_time,single_no_child,single_no_child,single_no_child,single_no_child,partnered_no_child,partnered_no_child,partnered_no_child,partnered_no_child,partnered_no_child,partnered_no_child,partnered_no_child,partnered_no_child,partnered_no_child,parental_home,parental_home,parental_home,parental_home,renting,renting,renting,renting,renting,renting,renting,renting,renting
373,1994,female,low,1,southern_finland,0,2,36300,1,9.8,full_time,education,education,education,full_time,full_time,full_time,unemployed,inactive_care,inactive_care,part_time,part_time,full_time,full_time,single_no_child,single_no_child,single_no_child,single_no_child,single_no_child,single_no_child,single_no_child,single_no_child,partnered_with_child,partnered_with_child,partnered_with_child,partnered_with_child,partnered_with_child,parental_home,parental_home,parental_home,parental_home,parental_home,parental_home,parental_home,renting,renting,renting,renting,renting,renting
374,1990,male,low,2,eastern_northern_finland,0,5,53300,5,1.7,full_time,education,education,education,education,education,full_time,full_time,full_time,full_time,full_time,full_time,full_time,full_time,single_no_child,single_no_child,single_no_child,single_no_child,single_no_child,single_no_child,single_no_child,single_no_child,single_no_child,single_no_child,single_no_child,single_no_child,single_no_child,parental_home,parental_home,parental_home,parental_home,parental_home,parental_home,parental_home,parental_home,parental_home,other_temporary,other_temporary,other_temporary,other_temporary
375,1990,male,high,4,eastern_northern_finland,0,4,47700,4,1.9,full_time,education,education,full_time,full_time,full_time,full_time,full_time,full_time,full_time,part_time,full_time,full_time,full_time,single_no_child,single_no_child,single_no_child,single_no_child,partnered_with_child,partnered_with_child,partnered_with_child,partnered_with_child,partnered_with_child,partnered_with_child,partnered_with_child,partnered_with_child,partnered_with_child,parental_home,parental_home,parental_home,parental_home,parental_home,parental_home,parental_home,renting,renting,renting,renting,renting,renting
376,1993,male,low,2,eastern_northern_finland,0,4,54800,3,4.4,full_time,education,education,education,full_time,full_time,full_time,full_time,inactive_care,inactive_care,inactive_care,part_time,full_time,full_time,single_no_child,partnered_no_child,partnered_no_child,partnered_no_child,partnered_no_child,partnered_no_child,partnered_no_child,partnered_no_child,partnered_no_child,partnered_no_child,partnered_no_child,partnered_no_child,partnered_with_child,parental_home,parental_home,parental_home,parental_home,renting,renting,renting,renting,renting,renting,renting,renting,renting
377,1992,female,low,1,southern_finland,1,2,48400,1,10.4,full_time,education,education,education,full_time,full_time,full_time,full_time,inactive_care,inactive_care,part_time,inactive_care,full_time,full_time,single_no_child,single_no_child,single_no_child,single_no_child,single_no_child,single_no_child,single_no_child,single_parent,single_parent,single_parent,single_parent,partnered_with_child,partnered_with_child,parental_home,parental_home,parental_home,parental_home,parental_home,parental_home,parental_home,parental_home,renting,renting,renting,owner_occupied,owner_occupied
378,1993,female,low,2,eastern_northern_finland,0,5,31400,5,10.6,full_time,education,education,unemployed,part_time,full_time,unemployed,full_time,part_time,full_time,full_time,part_time,full_time,full_time,single_no_child,single_no_child,single_no_child,single_no_child,single_no_child,partnered_no_child,partnered_no_child,partnered_no_child,partnered_no_child,partnered_no_child,partnered_no_child,partnered_no_child,partnered_no_child,parental_home,parental_home,parental_home,parental_home,parental_home,parental_home,parental_home,other_temporary,owner_occupied,owner_occupied,owner_occupied,owner_occupied,owner_occupied
379,1993,female,medium,3,western_finland,0,4,29500,3,9.4,full_time,education,part_time,unemployed,part_time,full_time,unemployed,full_time,part_time,unemployed,full_time,part_time,full_time,full_time,partnered_no_child,partnered_no_child,partnered_no_child,partnered_no_child,partnered_no_child,partnered_no_child,single_no_child,single_no_child,single_no_child,single_no_child,single_no_child,single_no_child,single_no_child,parental_home,renting,renting,renting,renting,renting,renting,renting,renting,renting,renting,renting,renting
380,1991,female,high,3,capital_region,0,3,50700,3,6.4,full_time,education,education,education,full_time,full_time,full_time,full_time,inactive_care,inactive_care,part_time,part_time,full_time,full_time,single_no_child,single_no_child,single_no_child,single_no_child,single_no_child,single_no_child,single_no_child,single_no_child,single_no_child,single_no_child,single_no_child,single_no_child,partnered_with_child,parental_home,parental_home,parental_home,renting,renting,renting,renting,renting,renting,renting,renting,owner_occupied,owner_occupied
381,1990,female,medium,4,southern_finland,0,5,41900,4,2.8,full_time,education,education,education,education,education,full_time,full_time,full_time,full_time,full_time,part_time,full_time,full_time,single_no_child,single_no_child,single_no_child,single_no_child,single_no_child,single_no_child,single_no_child,partnered_no_child,partnered_no_child,partnered_no_child,partnered_no_child,partnered_with_child,partnered_with_child,renting,renting,renting,renting,renting,renting,owner_occupied,owner_occupied,owner_occupied,owner_occupied,owner_occupied,owner_occupied,owner_occupied
382,1991,female,high,1,southern_finland,0,4,39700,3,8.5,full_time,education,education,education,full_time,education,full_time,full_time,full_time,full_time,full_time,full_time,full_time,full_time,single_no_child,single_no_child,single_no_child,single_no_child,single_no_child,single_no_child,single_no_child,single_no_child,single_no_child,partnered_with_child,partnered_with_child,partnered_with_child,partnered_with_child,parental_home,parental_home,parental_home,parental_home,parental_home,parental_home,parental_home,renting,renting,renting,renting,renting,renting
383,1990,female,medium,3,western_finland,0,4,49100,4,7.0,full_time,education,education,education,unemployed,unemployed,part_time,full_time,full_time,full_time,part_time,full_time,full_time,full_time,single_no_child,single_no_child,single_no_child,single_no_child,single_no_child,single_no_child,single_no_child,single_no_child,single_no_child,single_no_child,single_no_child,single_parent,single_parent,parental_home,parental_home,parental_home,parental_home,parental_home,parental_home,other_temporary,other_temporary,other_temporary,other_temporary,renting,renting,renting
384,1993,female,medium,1,capital_region,0,4,59000,4,8.3,full_time,education,education,full_time,education,education,full_time,full_time,full_time,full_time,full_time,full_time,part_time,full_time,single_no_child,single_no_child,single_no_child,single_parent,single_parent,single_parent,single_parent,single_parent,single_parent,single_parent,single_parent,single_parent,single_parent,parental_home,parental_home,parental_home,parental_home,parental_home,parental_home,renting,renting,renting,renting,renting,renting,renting
385,1993,female,medium,3,southern_finland,0,4,56300,5,3.4,full_time,education,education,full_time,full_time,full_time,full_time,part_time,full_time,full_time,full_time,full_time,full_time,inactive_care,single_no_child,single_no_child,single_no_child,single_no_child,single_no_child,single_no_child,single_no_child,partnered_no_child,partnered_no_child,partnered_with_child,partnered_with_child,partnered_with_child,partnered_with_child,parental_home,parental_home,parental_home,parental_home,renting,renting,renting,renting,renting,renting,renting,renting,renting
386,1990,male,low,4,eastern_northern_finland,0,5,30000,5,0.9,full_time,education,education,education,education,education,full_time,full_time,full_time,full_time,full_time,full_time,full_time,full_time,single_no_child,single_no_child,single_no_child,single_no_child,single_no_child,single_no_child,single_no_child,single_no_child,single_no_child,single_no_child,partnered_no_child,partnered_no_child,partnered_no_child,parental_home,parental_home,parental_home,parental_home,parental_home,parental_home,parental_home,renting,renting,renting,renting,renting,renting
387,1992,female,medium,4,western_finland,0,4,44300,5,9.7,full_time,education,full_time,education,education,education,full_time,full_time,full_time,full_time,full_time,full_time,full_time,full_time,single_no_child,partnered_no_child,partnered_no_child,partnered_no_child,partnered_no_child,partnered_no_child,partnered_no_child,partnered_no_child,partnered_no_child,partnered_no_child,partnered_no_child,partnered_no_child,partnered_with_child,parental_home,parental_home,renting,renting,renting,renting,renting,renting,renting,owner_occupied,owner_occupied,owner_occupied,owner_occupied
388,1990,male,medium,2,capital_region,0,3,26400,1,12.3,full_time,education,education,unemployed,part_time,unemployed,unemployed,full_time,part_time,unemployed,full_time,part_time,full_time,full_time,single_no_child,single_no_child,single_no_child,single_no_child,single_no_child,single_no_child,single_no_child,partnered_no_child,single_parent,single_parent,single_parent,single_parent,single_parent,renting,renting,renting,renting,renting,renting,renting,renting,renting,renting,renting,renting,renting
389,1992,female,high,4,capital_region,0,5,34000,5,9.7,full_time,education,education,education,unemployed,unemployed,part_time,part_time,full_time,full_time,full_time,education,unemployed,part_time,single_no_child,single_no_child,single_no_child,single_no_child,single_no_child,single_no_child,single_no_child,single_no_child,partnered_no_child,partnered_no_child,partnered_no_child,partnered_no_child,partnered_no_child,parental_home,parental_home,parental_home,parental_home,parental_home,parental_home,parental_home,parental_home,parental_home,renting,renting,renting,renting
390,1991,male,medium,3,capital_region,0,3,49100,4,3.2,full_time,education,education,full_time,full_time,full_time,full_time,full_time,inactive_care,inactive_care,part_time,full_time,full_time,full_time,single_no_child,single_no_child,single_no_child,single_no_child,single_no_child,single_no_child,single_no_child,single_no_child,single_no_child,single_no_child,single_no_child,single_no_child,partnered_no_child,parental_home,parental_home,parental_home,parental_home,parental_home,parental_home,parental_home,renting,renting,renting,renting,renting,renting
391,1992,male,medium,4,southern_finland,0,4,46900,4,7.4,full_time,education,education,education,unemployed,education,full_time,part_time,full_time,full_time,inactive_care,full_time,full_time,full_time,single_no_child,single_no_child,single_no_child,single_no_child,single_no_child,single_no_child,single_no_child,single_no_child,single_no_child,partnered_no_child,partnered_with_child,partnered_with_child,partnered_with_child,renting,renting,renting,renting,renting,renting,renting,renting,renting,renting,renting,renting,owner_occupied
392,1990,male,high,3,capital_region,0,4,9900,3,10.8,inactive_care,education,unemployed,unemployed,unemployed,part_time,unemployed,unemployed,inactive_care,unemployed,part_time,unemployed,full_time,part_time,single_no_child,single_no_child,single_no_child,single_no_child,single_no_child,single_no_child,single_no_child,single_no_child,single_no_child,single_no_child,single_no_child,single_no_child,single_no_child,renting,renting,renting,renting,renting,renting,renting,renting,renting,renting,renting,renting,renting
393,1994,male,low,2,western_finland,0,3,44200,2,5.3,unemployed,unemployed,education,full_time,full_time,full_time,full_time,full_time,full_time,full_time,full_time,full_time,full_time,unemployed,partnered_no_child,single_no_child,single_no_child,single_no_child,single_no_child,partnered_no_child,partnered_no_child,partnered_no_child,partnered_no_child,partnered_no_child,partnered_no_child,partnered_no_child,single_no_child,renting,renting,renting,renting,renting,renting,renting,renting,renting,renting,renting,renting,renting
394,1990,male,low,2,eastern_northern_finland,0,4,28700,3,6.4,part_time,education,education,unemployed,part_time,full_time,unemployed,full_time,part_time,unemployed,education,full_time,full_time,full_time,single_no_child,single_no_child,single_no_child,single_no_child,single_no_child,single_no_child,single_no_child,partnered_no_child,partnered_no_child,partnered_with_child,partnered_with_child,partnered_with_child,partnered_with_child,parental_home,parental_home,parental_home,renting,renting,renting,renting,renting,renting,renting,renting,renting,renting
395,1990,female,low,2,western_finland,0,4,36600,4,7.8,full_time,education,education,education,education,education,full_time,full_time,full_time,full_time,full_time,full_time,full_time,full_time,single_no_child,single_no_child,single_no_child,single_no_child,single_no_child,single_no_child,single_no_child,single_parent,single_parent,single_parent,single_parent,single_parent,single_parent,parental_home,parental_home,parental_home,parental_home,parental_home,renting,renting,renting,renting,renting,renting,owner_occupied,owner_occupied
396,1993,female,medium,4,western_finland,1,4,38200,4,7.5,full_time,education,education,education,education,education,full_time,full_time,full_time,full_time,full_time,full_time,full_time,full_time,single_no_child,single_no_child,single_no_child,single_no_child,single_no_child,single_no_child,single_no_child,single_no_child,single_no_child,single_no_child,partnered_no_child,partnered_no_child,partnered_no_child,renting,renting,renting,renting,renting,renting,renting,renting,renting,renting,renting,renting,renting
397,1990,male,medium,1,eastern_northern_finland,0,4,20500,3,11.6,full_time,education,education,unemployed,part_time,full_time,unemployed,full_time,part_time,unemployed,inactive_care,inactive_care,part_time,full_time,partnered_no_child,partnered_no_child,partnered_no_child,partnered_no_child,partnered_no_child,partnered_no_child,partnered_no_child,partnered_no_child,single_no_child,single_parent,single_parent,single_parent,partnered_with_child,parental_home,parental_home,renting,renting,renting,renting,renting,renting,renting,renting,renting,renting,renting
398,1992,male,medium,4,capital_region,0,4,36700,4,14.4,full_time,education,education,education,education,education,full_time,full_time,full_time,full_time,full_time,full_time,full_time,full_time,single_no_child,single_no_child,single_no_child,partnered_no_child,partnered_no_child,partnered_no_child,partnered_no_child,partnered_no_child,partnered_no_child,partnered_no_child,partnered_with_child,partnered_with_child,partnered_with_child,renting,renting,renting,renting,renting,renting,renting,renting,renting,renting,renting,owner_occupied,owner_occupied
399,1993,male,high,4,capital_region,0,4,41000,4,7.8,full_time,education,education,education,education,education,full_time,full_time,inactive_care,full_time,full_time,full_time,full_time,full_time,partnered_no_child,partnered_no_child,partnered_no_child,partnered_no_child,partnered_no_child,partnered_no_child,partnered_no_child,partnered_no_child,partnered_no_child,partnered_no_child,partnered_no_child,partnered_no_child,partnered_no_child,renting,renting,renting,renting,renting,renting,renting,renting,renting,owner_occupied,owner_occupied,owner_occupied,owner_occupied
400,1993,female,high,2,southern_finland,0,3,56700,3,4.3,full_time,education,education,education,education,education,full_time,full_time,full_time,full_time,full_time,full_time,full_time,full_time,single_no_child,single_no_child,single_no_child,single_no_child,single_no_child,single_no_child,single_no_child,single_no_child,single_no_child,single_no_child,single_no_child,single_no_child,single_no_child,parental_home,parental_home,parental_home,parental_home,parental_home,parental_home,parental_home,renting,renting,renting,renting,renting,renting
401,1990,female,medium,4,capital_region,0,4,49000,4,2.4,full_time,education,education,education,education,education,full_time,full_time,part_time,full_time,full_time,full_time,full_time,full_time,single_no_child,single_no_child,single_no_child,single_no_child,single_no_child,single_no_child,single_no_child,single_no_child,single_no_child,single_no_child,single_no_child,single_no_child,single_no_child,other_temporary,other_temporary,other_temporary,other_temporary,renting,renting,renting,renting,owner_occupied,owner_occupied,owner_occupied,owner_occupied,owner_occupied
402,1992,male,medium,3,capital_region,0,4,9300,3,8.5,unemployed,education,unemployed,unemployed,unemployed,part_time,unemployed,unemployed,inactive_care,unemployed,part_time,unemployed,full_time,part_time,single_no_child,single_no_child,single_no_child,single_no_child,single_no_child,single_no_child,single_no_child,single_no_child,single_no_child,single_no_child,single_no_child,single_no_child,single_no_child,parental_home,parental_home,parental_home,parental_home,parental_home,parental_home,renting,renting,renting,renting,renting,renting,renting
403,1994,female,low,3,western_finland,0,3,38800,4,1.5,full_time,education,education,education,full_time,full_time,full_time,full_time,inactive_care,inactive_care,part_time,part_time,full_time,full_time,single_no_child,single_no_child,single_no_child,single_no_child,single_no_child,single_no_child,single_no_child,single_no_child,single_no_child,single_no_child,single_no_child,partnered_no_child,partnered_no_child,parental_home,parental_home,parental_home,other_temporary,other_temporary,other_temporary,renting,renting,renting,renting,renting,renting,renting
404,1990,male,medium,4,southern_finland,0,4,36900,3,6.4,full_time,education,education,education,inactive_care,unemployed,full_time,full_time,full_time,full_time,full_time,full_time,full_time,full_time,single_no_child,single_no_child,single_no_child,single_no_child,single_no_child,single_no_child,single_no_child,single_no_child,single_no_child,partnered_no_child,partnered_no_child,partnered_with_child,partnered_with_child,parental_home,parental_home,parental_home,parental_home,parental_home,other_temporary,other_temporary,other_temporary,other_temporary,renting,renting,renting,renting
405,1994,male,medium,3,eastern_northern_finland,0,3,18600,1,6.5,unemployed,education,unemployed,unemployed,unemployed,part_time,unemployed,unemployed,inactive_care,unemployed,full_time,unemployed,full_time,part_time,single_no_child,single_no_child,single_no_child,single_no_child,partnered_no_child,partnered_no_child,partnered_no_child,partnered_no_child,partnered_no_child,partnered_no_child,partnered_no_child,partnered_with_child,partnered_with_child,parental_home,parental_home,parental_home,parental_home,renting,renting,renting,renting,renting,renting,renting,renting,renting
406,1992,female,medium,3,southern_finland,0,3,47100,4,2.0,full_time,unemployed,education,education,education,education,full_time,full_time,full_time,full_time,full_time,full_time,full_time,full_time,single_no_child,single_no_child,single_no_child,single_no_child,single_no_child,single_no_child,partnered_no_child,partnered_no_child,partnered_no_child,partnered_no_child,partnered_no_child,partnered_no_child,partnered_no_child,parental_home,parental_home,parental_home,parental_home,parental_home,parental_home,parental_home,parental_home,renting,renting,renting,renting,renting
407,1993,female,medium,1,southern_finland,1,5,43100,5,3.2,full_time,education,education,education,part_time,full_time,full_time,full_time,inactive_care,inactive_care,part_time,part_time,part_time,part_time,single_no_child,partnered_no_child,partnered_no_child,partnered_no_child,partnered_no_child,partnered_no_child,partnered_no_child,partnered_no_child,partnered_no_child,partnered_with_child,partnered_with_child,partnered_with_child,partnered_with_child,parental_home,parental_home,parental_home,parental_home,parental_home,parental_home,parental_home,parental_home,parental_home,renting,renting,renting,renting
408,1992,male,medium,1,southern_finland,1,5,21900,4,11.2,part_time,education,unemployed,unemployed,unemployed,part_time,unemployed,unemployed,inactive_care,unemployed,full_time,unemployed,full_time,part_time,single_no_child,single_no_child,single_no_child,single_no_child,single_no_child,single_no_child,partnered_no_child,partnered_with_child,partnered_with_child,partnered_with_child,partnered_with_child,partnered_with_child,partnered_with_child,parental_home,parental_home,parental_home,parental_home,parental_home,parental_home,parental_home,parental_home,parental_home,parental_home,renting,renting,renting
409,1992,male,medium,1,capital_region,1,4,31500,2,7.3,full_time,education,education,unemployed,part_time,inactive_care,unemployed,full_time,inactive_care,unemployed,full_time,part_time,full_time,full_time,single_no_child,single_no_child,single_no_child,single_no_child,single_no_child,partnered_no_child,partnered_no_child,partnered_no_child,partnered_no_child,partnered_no_child,partnered_no_child,partnered_no_child,partnered_no_child,parental_home,parental_home,parental_home,other_temporary,other_temporary,renting,renting,renting,other_temporary,renting,renting,renting,renting
410,1994,male,medium,3,capital_region,0,3,47200,3,11.2,full_time,education,education,education,education,education,part_time,full_time,full_time,full_time,full_time,full_time,full_time,full_time,single_no_child,single_no_child,single_no_child,single_no_child,single_no_child,single_no_child,single_no_child,single_no_child,single_parent,single_parent,single_parent,single_parent,single_parent,parental_home,parental_home,parental_home,parental_home,parental_home,parental_home,renting,renting,renting,renting,renting,renting,renting
411,1993,male,medium,2,western_finland,0,3,40600,2,8.4,full_time,education,education,unemployed,education,part_time,full_time,full_time,unemployed,full_time,full_time,full_time,full_time,full_time,single_no_child,single_no_child,single_no_child,single_no_child,single_no_child,single_no_child,single_no_child,single_no_child,single_no_child,single_no_child,single_no_child,single_parent,single_parent,renting,renting,renting,renting,renting,renting,renting,renting,renting,renting,renting,renting,renting
412,1994,female,high,4,western_finland,0,3,34600,3,13.6,full_time,education,education,unemployed,part_time,full_time,unemployed,full_time,part_time,unemployed,full_time,unemployed,full_time,full_time,single_no_child,single_no_child,single_no_child,partnered_no_child,partnered_no_child,partnered_no_child,partnered_no_child,partnered_no_child,partnered_with_child,partnered_with_child,partnered_with_child,partnered_with_child,partnered_with_child,parental_home,parental_home,parental_home,parental_home,renting,renting,renting,renting,renting,renting,renting,renting,renting
413,1993,male,high,3,southern_finland,0,3,43300,3,5.7,full_time,education,education,education,education,education,full_time,full_time,full_time,full_time,full_time,full_time,full_time,full_time,single_no_child,single_no_child,single_no_child,single_no_child,single_no_child,partnered_no_child,partnered_with_child,partnered_with_child,partnered_with_child,partnered_with_child,partnered_with_child,partnered_with_child,partnered_with_child,renting,renting,renting,renting,renting,renting,renting,renting,renting,renting,renting,renting,renting
414,1993,male,medium,2,southern_finland,0,2,37000,2,10.0,full_time,education,education,education,education,education,full_time,unemployed,inactive_care,full_time,part_time,full_time,full_time,inactive_care,single_no_child,single_no_child,single_no_child,single_no_child,single_no_child,single_no_child,single_no_child,single_parent,single_parent,single_parent,partnered_with_child,partnered_with_child,partnered_with_child,parental_home,parental_home,parental_home,parental_home,parental_home,parental_home,renting,renting,renting,renting,renting,renting,renting
415,1992,male,low,2,western_finland,1,4,25600,3,8.8,full_time,education,unemployed,unemployed,part_time,full_time,unemployed,full_time,part_time,unemployed,full_time,part_time,full_time,inactive_care,single_no_child,single_no_child,single_no_child,single_no_child,single_no_child,single_no_child,single_no_child,single_no_child,single_no_child,single_no_child,single_no_child,single_no_child,single_parent,parental_home,parental_home,parental_home,parental_home,parental_home,parental_home,parental_home,parental_home,parental_home,renting,renting,renting,renting
416,1993,male,medium,3,eastern_northern_finland,0,5,51500,5,6.3,full_time,education,education,education,education,education,full_time,full_time,full_time,full_time,full_time,full_time,full_time,full_time,single_no_child,single_no_child,single_no_child,single_no_child,single_no_child,single_no_child,single_no_child,single_no_child,single_no_child,single_no_child,single_parent,single_parent,single_parent,parental_home,parental_home,parental_home,parental_home,parental_home,parental_home,parental_home,parental_home,renting,renting,renting,renting,renting
417,1992,male,high,4,western_finland,0,3,42700,4,4.5,full_time,unemployed,education,education,education,education,full_time,full_time,full_time,full_time,full_time,full_time,part_time,full_time,single_no_child,partnered_no_child,partnered_no_child,partnered_no_child,partnered_no_child,partnered_no_child,partnered_no_child,partnered_no_child,partnered_no_child,partnered_no_child,partnered_no_child,partnered_no_child,partnered_no_child,renting,renting,renting,renting,renting,renting,renting,renting,renting,renting,renting,renting,renting
418,1992,female,high,4,eastern_northern_finland,0,5,59400,5,6.0,full_time,education,education,education,education,education,full_time,full_time,full_time,full_time,full_time,full_time,full_time,full_time,single_no_child,single_no_child,single_no_child,single_no_child,single_no_child,single_no_child,single_no_child,single_no_child,partnered_no_child,partnered_no_child,partnered_no_child,partnered_no_child,partnered_with_child,renting,renting,renting,renting,renting,renting,renting,renting,renting,renting,renting,renting,owner_occupied
419,1993,male,medium,3,western_finland,0,4,36600,4,4.4,full_time,education,education,education,full_time,full_time,full_time,full_time,inactive_care,inactive_care,part_time,part_time,part_time,full_time,single_no_child,single_no_child,partnered_no_child,partnered_no_child,partnered_no_child,partnered_no_child,partnered_no_child,partnered_no_child,partnered_no_child,single_no_child,single_no_child,partnered_no_child,partnered_no_child,parental_home,parental_home,parental_home,parental_home,parental_home,parental_home,parental_home,parental_home,parental_home,parental_home,renting,renting,owner_occupied
420,1993,female,medium,2,western_finland,0,3,39900,3,11.5,inactive_care,part_time,education,education,unemployed,unemployed,part_time,unemployed,full_time,full_time,part_time,unemployed,full_time,full_time,single_no_child,single_no_child,single_no_child,single_parent,single_parent,partnered_with_child,single_parent,single_parent,single_parent,single_parent,single_parent,single_parent,partnered_with_child,parental_home,parental_home,parental_home,renting,renting,renting,renting,owner_occupied,owner_occupied,owner_occupied,owner_occupied,renting,owner_occupied
421,1992,female,high,3,eastern_northern_finland,0,3,41100,2,10.4,full_time,education,education,education,part_time,education,full_time,full_time,full_time,full_time,full_time,full_time,full_time,full_time,single_no_child,single_no_child,single_no_child,partnered_no_child,partnered_with_child,partnered_with_child,single_parent,single_parent,single_parent,single_parent,single_parent,single_parent,single_parent,parental_home,parental_home,parental_home,parental_home,parental_home,parental_home,parental_home,other_temporary,other_temporary,other_temporary,other_temporary,other_temporary,other_temporary
422,1992,male,medium,3,eastern_northern_finland,0,4,24000,5,10.1,full_time,education,education,unemployed,part_time,full_time,unemployed,full_time,part_time,unemployed,full_time,part_time,full_time,full_time,single_no_child,single_no_child,single_no_child,partnered_no_child,partnered_no_child,partnered_no_child,partnered_no_child,partnered_no_child,partnered_no_child,partnered_no_child,partnered_no_child,partnered_no_child,partnered_no_child,parental_home,parental_home,other_temporary,other_temporary,renting,renting,renting,renting,renting,renting,renting,renting,renting
423,1993,female,medium,2,western_finland,1,4,35800,3,12.9,full_time,education,education,full_time,part_time,full_time,unemployed,full_time,part_time,unemployed,full_time,part_time,part_time,full_time,single_no_child,single_no_child,single_no_child,single_no_child,partnered_no_child,partnered_no_child,partnered_no_child,partnered_no_child,partnered_no_child,partnered_no_child,partnered_no_child,partnered_no_child,partnered_no_child,parental_home,parental_home,parental_home,parental_home,renting,renting,renting,renting,renting,renting,renting,renting,renting
424,1994,female,low,1,southern_finland,0,2,32800,1,9.1,full_time,education,unemployed,education,education,education,full_time,full_time,part_time,full_time,full_time,full_time,full_time,full_time,single_no_child,single_no_child,single_no_child,single_no_child,single_no_child,single_no_child,single_no_child,partnered_no_child,partnered_no_child,partnered_no_child,partnered_with_child,partnered_with_child,partnered_with_child,parental_home,parental_home,parental_home,parental_home,parental_home,parental_home,parental_home,parental_home,parental_home,renting,renting,renting,renting
425,1991,female,low,1,southern_finland,1,3,57400,3,6.5,full_time,education,education,education,education,unemployed,full_time,full_time,full_time,full_time,full_time,full_time,full_time,full_time,single_no_child,single_no_child,single_no_child,single_no_child,single_no_child,single_no_child,single_no_child,single_no_child,single_no_child,single_no_child,single_no_child,single_no_child,single_no_child,renting,renting,renting,renting,renting,renting,renting,renting,renting,renting,renting,renting,renting
426,1990,male,low,2,capital_region,0,3,52500,3,7.8,full_time,full_time,education,education,unemployed,unemployed,part_time,part_time,full_time,full_time,full_time,inactive_care,full_time,full_time,single_no_child,single_no_child,single_no_child,single_no_child,single_no_child,single_no_child,single_no_child,partnered_no_child,partnered_no_child,partnered_no_child,partnered_no_child,partnered_no_child,partnered_no_child,parental_home,renting,renting,renting,renting,renting,renting,renting,renting,renting,renting,renting,owner_occupied
427,1992,male,medium,2,southern_finland,0,4,44400,3,3.9,full_time,unemployed,education,education,education,education,full_time,full_time,full_time,full_time,full_time,full_time,full_time,full_time,single_no_child,single_no_child,single_no_child,single_no_child,single_no_child,partnered_no_child,partnered_with_child,partnered_with_child,partnered_with_child,partnered_with_child,partnered_with_child,partnered_with_child,partnered_with_child,parental_home,parental_home,parental_home,parental_home,parental_home,renting,renting,owner_occupied,owner_occupied,owner_occupied,owner_occupied,owner_occupied,owner_occupied
428,1991,male,low,1,capital_region,1,4,38500,4,8.5,inactive_care,education,education,unemployed,part_time,full_time,unemployed,full_time,part_time,unemployed,full_time,part_time,full_time,full_time,single_no_child,single_no_child,partnered_no_child,partnered_no_child,partnered_no_child,partnered_no_child,partnered_no_child,partnered_no_child,partnered_with_child,partnered_with_child,partnered_with_child,partnered_with_child,partnered_with_child,parental_home,parental_home,parental_home,renting,renting,renting,renting,renting,renting,renting,renting,renting,renting
429,1994,female,low,2,southern_finland,0,3,41800,2,8.3,full_time,education,education,full_time,full_time,full_time,full_time,full_time,full_time,full_time,full_time,full_time,full_time,full_time,single_no_child,single_no_child,single_no_child,single_no_child,single_no_child,single_no_child,single_no_child,single_no_child,single_no_child,single_no_child,single_parent,single_parent,single_parent,parental_home,parental_home,parental_home,parental_home,parental_home,parental_home,parental_home,parental_home,parental_home,parental_home,parental_home,parental_home,renting
430,1991,female,medium,4,capital_region,0,4,52300,3,2.2,full_time,education,education,education,education,education,full_time,full_time,full_time,full_time,full_time,full_time,full_time,full_time,single_no_child,single_no_child,single_no_child,single_no_child,single_no_child,single_no_child,single_no_child,single_no_child,single_no_child,single_no_child,single_no_child,single_no_child,partnered_no_child,parental_home,parental_home,other_temporary,renting,renting,renting,renting,renting,renting,renting,renting,renting,renting
431,1991,female,low,1,western_finland,0,3,46900,2,12.7,part_time,education,education,part_time,full_time,full_time,full_time,full_time,inactive_care,inactive_care,part_time,part_time,full_time,full_time,single_no_child,single_no_child,single_no_child,single_no_child,single_no_child,single_no_child,single_no_child,single_no_child,single_no_child,single_no_child,partnered_no_child,partnered_no_child,partnered_with_child,renting,renting,renting,renting,renting,renting,renting,renting,renting,renting,renting,renting,renting
432,1992,male,medium,2,capital_region,1,4,28400,2,15.7,unemployed,education,unemployed,inactive_care,unemployed,full_time,unemployed,unemployed,unemployed,unemployed,full_time,unemployed,full_time,part_time,single_no_child,single_no_child,single_no_child,single_no_child,single_parent,single_parent,single_parent,single_parent,single_parent,partnered_with_child,partnered_with_child,partnered_with_child,partnered_with_child,parental_home,parental_home,renting,renting,renting,renting,renting,renting,renting,renting,renting,renting,renting
433,1990,female,medium,1,capital_region,0,4,27900,3,6.5,full_time,education,education,unemployed,part_time,inactive_care,part_time,full_time,part_time,unemployed,full_time,part_time,full_time,full_time,single_no_child,single_no_child,single_no_child,single_no_child,single_no_child,single_no_child,single_no_child,single_no_child,single_no_child,single_no_child,single_parent,single_parent,partnered_with_child,parental_home,parental_home,parental_home,parental_home,other_temporary,renting,renting,renting,renting,renting,renting,renting,renting
434,1994,male,low,2,western_finland,0,3,40800,2,7.6,full_time,education,education,education,unemployed,unemployed,part_time,part_time,full_time,full_time,full_time,full_time,full_time,part_time,single_no_child,single_no_child,single_no_child,single_no_child,single_no_child,single_no_child,single_no_child,single_no_child,single_no_child,single_no_child,single_no_child,partnered_no_child,partnered_no_child,parental_home,parental_home,parental_home,parental_home,parental_home,parental_home,parental_home,parental_home,renting,renting,renting,renting,renting
435,1992,female,medium,1,eastern_northern_finland,0,3,17200,2,11.1,part_time,education,unemployed,unemployed,unemployed,part_time,inactive_care,unemployed,full_time,unemployed,part_time,unemployed,full_time,part_time,single_no_child,single_no_child,single_no_child,single_no_child,single_no_child,partnered_no_child,partnered_no_child,partnered_with_child,single_parent,single_parent,single_parent,single_parent,single_parent,renting,renting,renting,renting,renting,renting,renting,renting,renting,renting,renting,renting,renting
436,1992,female,medium,4,capital_region,0,3,40400,3,7.3,full_time,education,education,full_time,full_time,full_time,full_time,full_time,full_time,full_time,full_time,unemployed,full_time,full_time,single_no_child,single_no_child,single_no_child,single_no_child,single_no_child,single_no_child,single_no_child,single_no_child,single_no_child,partnered_no_child,partnered_no_child,partnered_no_child,partnered_no_child,parental_home,parental_home,parental_home,parental_home,parental_home,parental_home,parental_home,parental_home,parental_home,parental_home,parental_home,other_temporary,other_temporary
437,1991,male,low,1,southern_finland,0,2,26100,1,14.7,unemployed,education,unemployed,inactive_care,unemployed,part_time,unemployed,unemployed,inactive_care,unemployed,part_time,unemployed,full_time,part_time,single_no_child,single_no_child,single_no_child,single_no_child,single_no_child,single_no_child,single_no_child,single_no_child,single_no_child,partnered_no_child,partnered_no_child,partnered_no_child,partnered_no_child,renting,renting,renting,renting,renting,renting,other_temporary,other_temporary,renting,renting,renting,renting,renting
438,1994,female,medium,2,eastern_northern_finland,0,5,33400,5,7.6,full_time,education,education,part_time,part_time,full_time,unemployed,full_time,full_time,unemployed,full_time,part_time,full_time,full_time,single_no_child,single_no_child,single_no_child,single_parent,single_parent,single_parent,single_parent,single_parent,single_parent,single_parent,partnered_with_child,partnered_with_child,partnered_with_child,parental_home,parental_home,parental_home,parental_home,parental_home,parental_home,parental_home,parental_home,parental_home,parental_home,other_temporary,other_temporary,renting
439,1990,female,low,1,western_finland,0,3,29300,3,8.2,full_time,full_time,education,unemployed,part_time,full_time,unemployed,full_time,part_time,full_time,full_time,part_time,full_time,full_time,single_no_child,single_no_child,single_no_child,single_no_child,single_no_child,single_no_child,single_no_child,single_no_child,single_no_child,single_no_child,single_no_child,single_parent,single_parent,parental_home,renting,renting,renting,renting,renting,renting,renting,renting,renting,renting,renting,owner_occupied
440,1994,female,high,5,capital_region,0,5,48300,5,5.2,full_time,education,education,inactive_care,full_time,full_time,full_time,full_time,full_time,full_time,full_time,full_time,full_time,full_time,single_no_child,single_no_child,single_no_child,single_no_child,single_no_child,single_no_child,single_no_child,single_parent,single_parent,single_parent,single_parent,single_parent,partnered_with_child,parental_home,parental_home,parental_home,parental_home,parental_home,renting,renting,renting,renting,renting,renting,renting,renting
441,1993,female,high,3,western_finland,0,4,54600,4,5.0,full_time,education,education,education,part_time,education,full_time,full_time,full_time,full_time,part_time,full_time,full_time,full_time,single_no_child,single_no_child,single_no_child,single_no_child,single_no_child,single_no_child,single_no_child,single_no_child,single_no_child,single_no_child,single_no_child,single_parent,single_parent,parental_home,parental_home,parental_home,parental_home,parental_home,parental_home,parental_home,parental_home,parental_home,renting,renting,renting,renting
442,1992,male,medium,4,capital_region,0,4,49400,5,0.0,full_time,education,education,education,education,education,full_time,full_time,full_time,full_time,full_time,full_time,full_time,full_time,single_no_child,single_no_child,single_no_child,single_no_child,single_no_child,single_no_child,single_no_child,partnered_no_child,partnered_no_child,partnered_no_child,partnered_no_child,partnered_no_child,partnered_with_child,parental_home,renting,renting,renting,renting,renting,renting,renting,renting,renting,renting,renting,owner_occupied
443,1991,male,medium,4,southern_finland,1,4,48900,4,6.7,full_time,education,inactive_care,education,unemployed,unemployed,part_time,part_time,full_time,full_time,part_time,full_time,full_time,full_time,single_no_child,single_no_child,single_no_child,single_no_child,single_no_child,single_no_child,single_no_child,single_parent,single_parent,single_parent,single_parent,partnered_with_child,partnered_with_child,parental_home,parental_home,parental_home,parental_home,parental_home,parental_home,parental_home,parental_home,parental_home,parental_home,renting,renting,renting
444,1991,female,medium,4,eastern_northern_finland,0,4,22500,2,12.0,inactive_care,education,unemployed,unemployed,unemployed,part_time,unemployed,unemployed,inactive_care,unemployed,part_time,unemployed,full_time,part_time,single_no_child,single_no_child,single_no_child,single_no_child,single_no_child,single_no_child,single_no_child,single_no_child,single_no_child,single_no_child,single_parent,single_parent,single_parent,renting,other_temporary,other_temporary,other_temporary,renting,renting,renting,owner_occupied,owner_occupied,owner_occupied,owner_occupied,owner_occupied,owner_occupied
445,1994,female,medium,3,eastern_northern_finland,0,5,38500,5,11.6,full_time,education,education,education,full_time,full_time,full_time,full_time,inactive_care,part_time,part_time,part_time,full_time,full_time,single_no_child,single_no_child,single_no_child,single_no_child,single_no_child,single_no_child,single_no_child,single_no_child,single_no_child,single_no_child,single_no_child,partnered_no_child,partnered_no_child,parental_home,parental_home,parental_home,parental_home,parental_home,parental_home,renting,renting,renting,renting,renting,renting,renting
446,1993,male,high,4,western_finland,0,4,58200,3,7.7,full_time,education,education,full_time,education,education,full_time,full_time,full_time,full_time,full_time,full_time,full_time,full_time,single_no_child,single_no_child,single_no_child,single_no_child,single_no_child,partnered_no_child,partnered_no_child,partnered_with_child,partnered_with_child,partnered_with_child,partnered_with_child,partnered_with_child,partnered_with_child,parental_home,parental_home,renting,renting,renting,renting,renting,renting,renting,renting,renting,renting,renting
447,1993,female,medium,4,western_finland,0,4,25600,3,9.6,part_time,education,education,unemployed,part_time,full_time,unemployed,full_time,part_time,unemployed,full_time,part_time,education,full_time,single_no_child,single_no_child,single_no_child,single_no_child,single_no_child,single_no_child,single_no_child,single_no_child,single_no_child,single_no_child,single_no_child,single_no_child,single_no_child,parental_home,parental_home,parental_home,parental_home,parental_home,other_temporary,renting,renting,renting,renting,renting,renting,owner_occupied
448,1992,female,high,5,eastern_northern_finland,1,5,57400,5,4.6,full_time,full_time,education,education,education,education,full_time,full_time,full_time,full_time,full_time,full_time,full_time,full_time,single_no_child,single_no_child,single_no_child,single_no_child,single_no_child,single_no_child,single_no_child,single_parent,single_parent,single_parent,single_parent,single_parent,single_parent,renting,renting,renting,renting,renting,renting,renting,renting,renting,renting,owner_occupied,owner_occupied,owner_occupied
449,1992,female,medium,3,southern_finland,1,3,45000,3,5.3,full_time,part_time,education,education,education,education,full_time,full_time,full_time,full_time,full_time,full_time,full_time,full_time,single_no_child,single_no_child,single_no_child,single_no_child,single_no_child,single_no_child,partnered_no_child,partnered_no_child,partnered_no_child,partnered_no_child,partnered_no_child,partnered_no_child,partnered_no_child,parental_home,parental_home,parental_home,parental_home,parental_home,parental_home,parental_home,parental_home,parental_home,renting,renting,renting,owner_occupied
450,1990,female,low,2,capital_region,0,3,22200,2,10.4,unemployed,education,unemployed,unemployed,unemployed,part_time,unemployed,unemployed,inactive_care,unemployed,part_time,unemployed,full_time,part_time,single_no_child,single_no_child,single_no_child,single_no_child,single_no_child,single_no_child,partnered_no_child,partnered_no_child,single_no_child,partnered_no_child,partnered_no_child,partnered_no_child,partnered_no_child,parental_home,parental_home,parental_home,parental_home,parental_home,parental_home,parental_home,renting,renting,renting,renting,renting,renting
451,1990,male,medium,4,western_finland,0,4,43400,3,11.5,full_time,education,full_time,education,unemployed,unemployed,part_time,part_time,full_time,full_time,full_time,full_time,full_time,full_time,single_no_child,single_no_child,single_no_child,single_no_child,single_no_child,single_no_child,single_no_child,single_no_child,single_no_child,single_no_child,single_no_child,partnered_no_child,partnered_no_child,parental_home,parental_home,parental_home,parental_home,parental_home,parental_home,parental_home,parental_home,renting,renting,renting,renting,renting
452,1990,male,high,3,capital_region,1,4,56300,4,2.5,full_time,education,education,full_time,full_time,full_time,full_time,full_time,full_time,full_time,full_time,full_time,full_time,full_time,single_no_child,single_no_child,single_no_child,single_no_child,single_no_child,single_no_child,single_no_child,single_parent,single_parent,single_parent,single_parent,single_parent,partnered_with_child,parental_home,parental_home,parental_home,parental_home,parental_home,parental_home,parental_home,parental_home,parental_home,parental_home,parental_home,renting,owner_occupied
453,1993,male,low,1,western_finland,0,4,15800,2,3.8,full_time,education,unemployed,unemployed,unemployed,part_time,unemployed,unemployed,inactive_care,unemployed,part_time,unemployed,full_time,full_time,single_no_child,partnered_no_child,partnered_no_child,partnered_no_child,partnered_no_child,partnered_no_child,partnered_no_child,partnered_no_child,partnered_no_child,partnered_no_child,partnered_no_child,partnered_no_child,single_no_child,parental_home,parental_home,parental_home,parental_home,parental_home,parental_home,parental_home,parental_home,renting,renting,renting,renting,renting
454,1991,male,medium,2,eastern_northern_finland,0,4,56200,4,3.6,full_time,education,education,part_time,full_time,full_time,full_time,full_time,full_time,full_time,part_time,inactive_care,full_time,full_time,single_no_child,single_no_child,single_no_child,single_no_child,single_no_child,single_no_child,single_no_child,single_no_child,partnered_no_child,partnered_no_child,partnered_no_child,partnered_no_child,partnered_no_child,renting,renting,renting,renting,renting,renting,renting,renting,renting,renting,renting,renting,renting
455,1990,male,medium,3,eastern_northern_finland,0,3,52500,4,2.5,full_time,education,education,full_time,full_time,full_time,full_time,full_time,full_time,full_time,full_time,full_time,full_time,full_time,single_no_child,single_no_child,single_no_child,single_no_child,single_no_child,single_no_child,single_no_child,single_no_child,single_no_child,single_no_child,single_no_child,single_no_child,partnered_with_child,parental_home,parental_home,renting,renting,renting,renting,renting,renting,renting,renting,renting,renting,renting
456,1993,female,high,3,southern_finland,0,3,43400,2,7.9,full_time,unemployed,education,education,full_time,full_time,full_time,full_time,inactive_care,inactive_care,part_time,part_time,full_time,full_time,single_no_child,single_no_child,single_no_child,single_no_child,single_no_child,single_no_child,single_no_child,single_no_child,single_no_child,single_no_child,single_no_child,single_no_child,single_no_child,parental_home,parental_home,parental_home,parental_home,parental_home,parental_home,parental_home,parental_home,parental_home,parental_home,parental_home,renting,owner_occupied
457,1993,female,medium,4,eastern_northern_finland,1,4,35100,5,4.8,full_time,education,education,education,full_time,full_time,full_time,full_time,inactive_care,inactive_care,part_time,part_time,full_time,full_time,single_no_child,single_no_child,single_no_child,single_no_child,single_no_child,single_no_child,single_no_child,partnered_no_child,partnered_no_child,partnered_with_child,partnered_with_child,partnered_with_child,partnered_with_child,parental_home,parental_home,renting,renting,renting,renting,renting,renting,renting,renting,renting,renting,renting
458,1994,female,low,2,southern_finland,1,4,56400,5,6.7,full_time,education,education,full_time,part_time,full_time,full_time,full_time,full_time,full_time,inactive_care,full_time,full_time,full_time,single_no_child,single_no_child,single_no_child,single_no_child,single_no_child,partnered_no_child,partnered_no_child,partnered_with_child,single_parent,single_parent,single_parent,single_parent,single_parent,renting,renting,renting,renting,renting,renting,renting,renting,renting,renting,owner_occupied,owner_occupied,owner_occupied
459,1993,male,low,2,southern_finland,0,4,23000,3,12.7,part_time,education,education,full_time,full_time,full_time,unemployed,full_time,part_time,unemployed,full_time,part_time,full_time,part_time,single_no_child,single_no_child,single_no_child,single_no_child,single_parent,single_parent,single_parent,single_parent,single_parent,single_parent,single_parent,single_parent,single_parent,parental_home,parental_home,parental_home,parental_home,renting,renting,renting,renting,renting,renting,renting,renting,renting
460,1990,male,low,2,eastern_northern_finland,0,2,20800,1,9.2,part_time,education,education,unemployed,part_time,full_time,unemployed,full_time,part_time,unemployed,inactive_care,part_time,full_time,inactive_care,single_no_child,single_no_child,single_no_child,single_no_child,single_no_child,single_no_child,single_no_child,single_no_child,single_no_child,single_no_child,single_no_child,single_no_child,single_no_child,renting,renting,renting,renting,renting,renting,renting,renting,renting,renting,renting,renting,renting
461,1993,female,medium,2,southern_finland,0,3,19900,2,11.4,part_time,education,unemployed,unemployed,unemployed,part_time,unemployed,part_time,inactive_care,unemployed,part_time,unemployed,full_time,part_time,single_no_child,single_no_child,partnered_no_child,partnered_no_child,partnered_no_child,partnered_no_child,partnered_no_child,partnered_no_child,partnered_no_child,partnered_no_child,partnered_no_child,partnered_no_child,partnered_no_child,parental_home,parental_home,parental_home,parental_home,parental_home,parental_home,parental_home,parental_home,parental_home,parental_home,other_temporary,renting,renting
462,1993,female,high,4,southern_finland,0,4,9000,2,9.1,unemployed,education,unemployed,unemployed,unemployed,part_time,unemployed,unemployed,inactive_care,unemployed,part_time,unemployed,full_time,part_time,single_no_child,single_no_child,single_no_child,single_no_child,single_no_child,single_no_child,single_no_child,single_parent,single_parent,partnered_with_child,single_parent,single_parent,single_parent,parental_home,parental_home,parental_home,parental_home,parental_home,parental_home,parental_home,parental_home,parental_home,parental_home,renting,renting,renting
463,1991,female,medium,5,eastern_northern_finland,0,4,48700,3,9.6,full_time,education,education,full_time,full_time,full_time,full_time,full_time,full_time,full_time,full_time,full_time,full_time,full_time,single_no_child,single_no_child,single_no_child,single_no_child,single_no_child,single_no_child,single_no_child,single_no_child,single_parent,single_parent,single_parent,single_parent,single_parent,parental_home,parental_home,parental_home,parental_home,parental_home,renting,owner_occupied,owner_occupied,owner_occupied,owner_occupied,owner_occupied,owner_occupied,owner_occupied
464,1990,female,low,2,southern_finland,0,3,40600,4,4.7,full_time,education,education,education,education,education,full_time,full_time,full_time,full_time,part_time,full_time,full_time,full_time,single_no_child,single_no_child,single_no_child,partnered_no_child,partnered_no_child,partnered_no_child,partnered_no_child,partnered_no_child,partnered_no_child,partnered_no_child,partnered_no_child,partnered_no_child,partnered_no_child,parental_home,parental_home,parental_home,renting,renting,renting,renting,renting,renting,renting,renting,renting,renting
465,1991,female,low,1,capital_region,0,4,48000,5,6.4,full_time,education,education,education,education,education,full_time,full_time,full_time,part_time,full_time,full_time,full_time,full_time,single_no_child,single_no_child,single_no_child,single_no_child,single_no_child,single_no_child,single_no_child,single_parent,single_parent,single_parent,single_parent,single_parent,single_parent,parental_home,parental_home,parental_home,parental_home,parental_home,parental_home,parental_home,parental_home,parental_home,parental_home,parental_home,renting,renting
466,1994,male,low,2,capital_region,0,4,38900,4,1.5,full_time,education,education,education,education,education,part_time,part_time,full_time,full_time,full_time,full_time,part_time,full_time,single_no_child,single_no_child,single_no_child,single_no_child,single_no_child,single_no_child,single_no_child,single_no_child,single_no_child,single_no_child,partnered_no_child,partnered_no_child,partnered_with_child,renting,renting,renting,renting,renting,renting,renting,renting,renting,renting,renting,renting,renting
467,1992,female,high,4,eastern_northern_finland,1,4,56400,5,6.2,full_time,education,education,part_time,education,education,full_time,full_time,full_time,full_time,full_time,full_time,full_time,full_time,single_no_child,single_no_child,single_no_child,single_no_child,single_no_child,single_no_child,single_no_child,single_no_child,single_no_child,single_no_child,single_no_child,single_no_child,single_no_child,parental_home,parental_home,parental_home,parental_home,parental_home,parental_home,renting,renting,renting,renting,renting,renting,renting
468,1994,female,high,3,capital_region,1,3,45700,2,15.4,full_time,education,education,education,full_time,unemployed,part_time,part_time,unemployed,full_time,full_time,full_time,full_time,full_time,single_no_child,single_no_child,single_no_child,single_no_child,single_no_child,single_parent,single_parent,single_parent,single_parent,single_parent,single_parent,single_parent,partnered_with_child,other_temporary,renting,renting,renting,renting,renting,renting,renting,renting,renting,renting,renting,renting
469,1993,male,medium,4,southern_finland,0,3,52900,2,6.0,full_time,education,education,full_time,education,education,unemployed,full_time,full_time,full_time,full_time,full_time,full_time,full_time,single_no_child,single_no_child,single_no_child,single_no_child,single_no_child,single_no_child,single_no_child,single_no_child,single_no_child,single_parent,single_parent,single_parent,single_parent,parental_home,parental_home,parental_home,parental_home,renting,renting,owner_occupied,owner_occupied,owner_occupied,owner_occupied,owner_occupied,owner_occupied,owner_occupied
470,1991,female,high,4,western_finland,0,5,45100,4,10.7,full_time,education,education,full_time,full_time,full_time,full_time,full_time,full_time,full_time,education,full_time,full_time,unemployed,single_no_child,single_no_child,single_no_child,single_no_child,single_no_child,single_no_child,single_no_child,single_parent,single_parent,single_parent,single_parent,single_parent,single_parent,parental_home,parental_home,parental_home,renting,renting,renting,renting,renting,renting,renting,renting,renting,owner_occupied
471,1991,male,low,1,eastern_northern_finland,0,4,26400,3,8.5,full_time,education,education,unemployed,part_time,full_time,unemployed,full_time,part_time,unemployed,full_time,part_time,full_time,full_time,single_no_child,single_no_child,single_no_child,partnered_no_child,partnered_no_child,partnered_no_child,partnered_no_child,partnered_with_child,partnered_with_child,partnered_with_child,partnered_with_child,partnered_with_child,partnered_with_child,parental_home,parental_home,parental_home,parental_home,parental_home,parental_home,parental_home,renting,renting,renting,renting,renting,renting
472,1990,male,low,2,eastern_northern_finland,0,4,45500,3,9.0,full_time,education,education,full_time,full_time,full_time,full_time,unemployed,full_time,full_time,full_time,full_time,full_time,full_time,single_no_child,single_no_child,single_no_child,single_no_child,single_no_child,single_no_child,single_no_child,single_no_child,single_no_child,single_no_child,partnered_no_child,partnered_no_child,partnered_no_child,parental_home,parental_home,parental_home,parental_home,parental_home,parental_home,parental_home,parental_home,renting,renting,renting,renting,renting
473,1991,female,medium,3,capital_region,0,3,44600,3,12.1,full_time,education,education,education,full_time,education,full_time,part_time,full_time,unemployed,full_time,full_time,full_time,full_time,single_no_child,single_no_child,single_no_child,single_no_child,single_no_child,single_parent,single_parent,single_parent,single_parent,single_parent,single_parent,single_parent,partnered_with_child,renting,renting,renting,renting,renting,renting,renting,renting,renting,renting,renting,owner_occupied,owner_occupied
474,1991,male,high,3,eastern_northern_finland,0,4,19400,2,10.4,full_time,education,unemployed,unemployed,unemployed,part_time,unemployed,unemployed,inactive_care,unemployed,part_time,unemployed,full_time,full_time,single_no_child,single_no_child,single_no_child,single_no_child,single_no_child,single_no_child,single_no_child,partnered_no_child,partnered_no_child,partnered_no_child,partnered_no_child,partnered_no_child,partnered_no_child,parental_home,parental_home,parental_home,parental_home,parental_home,parental_home,parental_home,renting,renting,renting,renting,renting,renting
475,1990,male,medium,2,southern_finland,0,4,45700,5,6.6,full_time,education,education,education,unemployed,unemployed,part_time,part_time,full_time,full_time,full_time,full_time,full_time,full_time,single_no_child,single_no_child,single_no_child,single_no_child,single_no_child,single_no_child,single_no_child,single_no_child,single_no_child,single_no_child,single_no_child,single_no_child,single_no_child,parental_home,parental_home,parental_home,parental_home,parental_home,parental_home,renting,renting,renting,renting,renting,renting,renting
476,1991,female,low,3,capital_region,0,3,20800,2,6.5,full_time,education,unemployed,part_time,unemployed,unemployed,full_time,part_time,full_time,full_time,full_time,full_time,full_time,full_time,single_no_child,single_no_child,single_no_child,single_no_child,single_no_child,single_no_child,single_no_child,single_no_child,single_no_child,single_no_child,single_no_child,partnered_no_child,partnered_with_child,parental_home,parental_home,parental_home,renting,renting,renting,renting,renting,renting,renting,renting,renting,renting
477,1992,female,low,1,eastern_northern_finland,0,2,48200,2,4.3,full_time,education,education,education,education,unemployed,full_time,full_time,full_time,full_time,full_time,full_time,full_time,full_time,single_no_child,single_no_child,single_no_child,single_no_child,single_no_child,single_no_child,single_no_child,single_no_child,partnered_no_child,partnered_no_child,partnered_no_child,partnered_no_child,partnered_no_child,parental_home,parental_home,parental_home,parental_home,parental_home,parental_home,parental_home,renting,renting,renting,renting,renting,renting
478,1991,male,medium,4,eastern_northern_finland,0,4,37000,5,6.9,full_time,education,education,full_time,inactive_care,full_time,full_time,full_time,full_time,full_time,full_time,full_time,full_time,full_time,single_no_child,single_no_child,single_no_child,partnered_no_child,partnered_no_child,partnered_no_child,partnered_no_child,partnered_no_child,partnered_no_child,partnered_with_child,partnered_with_child,partnered_with_child,partnered_with_child,parental_home,parental_home,parental_home,parental_home,parental_home,parental_home,parental_home,parental_home,renting,renting,renting,renting,renting
479,1993,male,low,2,southern_finland,0,3,61200,4,6.6,full_time,education,education,education,education,education,inactive_care,full_time,full_time,full_time,full_time,part_time,full_time,full_time,single_no_child,single_no_child,single_no_child,single_no_child,single_no_child,single_no_child,single_no_child,single_no_child,single_no_child,single_no_child,partnered_no_child,partnered_no_child,partnered_with_child,parental_home,parental_home,parental_home,parental_home,parental_home,parental_home,parental_home,parental_home,parental_home,parental_home,other_temporary,renting,renting
480,1993,male,high,4,capital_region,0,3,54400,3,2.6,full_time,education,education,education,education,education,part_time,education,full_time,full_time,full_time,full_time,full_time,full_time,single_no_child,single_no_child,single_no_child,single_no_child,single_no_child,single_no_child,single_no_child,single_no_child,partnered_no_child,partnered_no_child,partnered_no_child,partnered_no_child,partnered_with_child,parental_home,parental_home,parental_home,parental_home,parental_home,parental_home,parental_home,renting,renting,renting,renting,renting,renting
481,1990,female,low,1,southern_finland,0,4,16900,3,11.0,full_time,education,unemployed,unemployed,unemployed,part_time,unemployed,unemployed,inactive_care,unemployed,part_time,unemployed,full_time,part_time,single_no_child,single_no_child,single_no_child,single_no_child,single_no_child,single_parent,single_parent,single_parent,single_parent,single_parent,single_parent,single_parent,single_parent,parental_home,parental_home,parental_home,parental_home,parental_home,renting,renting,renting,renting,renting,renting,renting,renting
482,1992,female,high,4,western_finland,1,3,62900,3,7.4,full_time,education,education,education,education,education,full_time,full_time,full_time,full_time,part_time,part_time,part_time,full_time,single_no_child,single_no_child,single_no_child,single_no_child,single_no_child,single_parent,single_parent,single_parent,single_parent,single_parent,single_parent,partnered_with_child,partnered_with_child,parental_home,parental_home,parental_home,parental_home,parental_home,renting,renting,renting,renting,renting,renting,renting,owner_occupied
483,1993,female,medium,3,southern_finland,0,3,37600,3,12.4,full_time,education,education,education,education,education,full_time,full_time,full_time,unemployed,full_time,full_time,full_time,full_time,single_no_child,single_no_child,single_no_child,single_no_child,single_no_child,single_no_child,single_no_child,single_no_child,single_no_child,single_no_child,partnered_no_child,partnered_no_child,partnered_no_child,other_temporary,other_temporary,renting,renting,renting,renting,renting,renting,renting,renting,renting,renting,renting
484,1993,female,medium,1,western_finland,0,4,30800,3,5.6,full_time,education,education,unemployed,part_time,full_time,unemployed,full_time,part_time,unemployed,full_time,part_time,full_time,full_time,partnered_no_child,partnered_no_child,partnered_no_child,partnered_no_child,partnered_with_child,partnered_with_child,partnered_with_child,partnered_with_child,partnered_with_child,partnered_with_child,partnered_with_child,partnered_with_child,single_parent,parental_home,renting,renting,renting,renting,renting,renting,renting,renting,renting,renting,renting,renting
485,1992,female,medium,4,eastern_northern_finland,1,5,61600,5,6.5,full_time,education,education,education,education,education,full_time,full_time,full_time,full_time,full_time,full_time,full_time,full_time,single_no_child,single_no_child,single_no_child,single_no_child,single_no_child,single_no_child,single_no_child,single_no_child,partnered_no_child,partnered_with_child,partnered_with_child,partnered_with_child,partnered_with_child,parental_home,parental_home,parental_home,parental_home,parental_home,renting,renting,renting,renting,renting,renting,renting,renting
486,1990,male,low,2,southern_finland,0,4,26900,3,8.1,full_time,education,education,unemployed,part_time,full_time,unemployed,inactive_care,part_time,unemployed,full_time,part_time,full_time,full_time,single_no_child,single_no_child,single_no_child,single_no_child,single_no_child,single_no_child,single_no_child,single_no_child,single_no_child,single_no_child,single_no_child,single_no_child,partnered_no_child,parental_home,parental_home,parental_home,parental_home,renting,renting,renting,renting,renting,renting,renting,renting,renting
487,1992,male,medium,4,eastern_northern_finland,0,4,55000,4,4.9,full_time,education,education,full_time,full_time,full_time,full_time,full_time,full_time,full_time,full_time,full_time,full_time,full_time,single_no_child,single_no_child,single_no_child,single_no_child,single_no_child,single_no_child,single_no_child,single_no_child,partnered_no_child,partnered_no_child,partnered_no_child,partnered_no_child,partnered_no_child,parental_home,parental_home,parental_home,parental_home,parental_home,renting,renting,renting,renting,renting,renting,renting,owner_occupied
488,1994,male,medium,4,capital_region,0,4,42100,3,11.6,full_time,education,education,education,education,education,full_time,full_time,inactive_care,full_time,unemployed,full_time,full_time,full_time,single_no_child,single_no_child,single_no_child,single_no_child,single_no_child,single_no_child,single_no_child,partnered_no_child,partnered_no_child,partnered_no_child,single_no_child,single_no_child,single_no_child,renting,renting,renting,renting,renting,renting,renting,renting,renting,renting,renting,renting,renting
489,1991,female,high,2,eastern_northern_finland,1,3,41900,3,3.8,full_time,education,education,full_time,full_time,full_time,part_time,unemployed,full_time,inactive_care,part_time,full_time,full_time,inactive_care,single_no_child,single_no_child,single_no_child,single_no_child,single_no_child,single_no_child,single_no_child,single_no_child,single_no_child,single_no_child,single_no_child,single_parent,single_parent,parental_home,parental_home,renting,renting,renting,renting,renting,renting,renting,renting,renting,renting,renting
490,1994,female,high,2,capital_region,0,4,52500,4,4.8,full_time,education,unemployed,part_time,education,inactive_care,full_time,full_time,full_time,full_time,full_time,full_time,full_time,full_time,single_no_child,single_no_child,single_no_child,single_no_child,single_no_child,single_no_child,single_no_child,partnered_no_child,partnered_no_child,partnered_no_child,partnered_no_child,partnered_no_child,partnered_no_child,parental_home,parental_home,parental_home,parental_home,parental_home,renting,renting,renting,owner_occupied,owner_occupied,owner_occupied,owner_occupied,owner_occupied
491,1991,female,high,2,southern_finland,0,3,40500,3,3.7,full_time,education,education,full_time,part_time,full_time,unemployed,full_time,part_time,unemployed,full_time,part_time,full_time,full_time,single_no_child,partnered_no_child,partnered_no_child,partnered_with_child,partnered_with_child,partnered_with_child,partnered_with_child,partnered_with_child,partnered_with_child,partnered_with_child,partnered_with_child,partnered_with_child,partnered_with_child,other_temporary,other_temporary,other_temporary,other_temporary,other_temporary,other_temporary,other_temporary,renting,renting,renting,renting,renting,owner_occupied
492,1992,female,medium,2,eastern_northern_finland,0,4,47400,3,5.8,inactive_care,education,education,education,full_time,full_time,full_time,full_time,inactive_care,inactive_care,part_time,part_time,full_time,full_time,single_no_child,single_no_child,single_no_child,single_no_child,single_no_child,partnered_with_child,single_parent,single_parent,single_parent,single_parent,single_parent,single_parent,single_parent,parental_home,parental_home,parental_home,parental_home,parental_home,renting,renting,renting,renting,renting,renting,renting,owner_occupied
493,1990,female,low,3,eastern_northern_finland,0,3,51700,3,7.5,full_time,education,education,full_time,full_time,full_time,full_time,full_time,full_time,full_time,part_time,full_time,part_time,inactive_care,single_no_child,single_no_child,single_no_child,single_no_child,single_no_child,single_no_child,single_no_child,partnered_no_child,partnered_with_child,partnered_with_child,partnered_with_child,partnered_with_child,partnered_with_child,parental_home,parental_home,parental_home,parental_home,parental_home,parental_home,other_temporary,other_temporary,renting,owner_occupied,owner_occupied,owner_occupied,owner_occupied
494,1990,male,high,4,capital_region,0,4,67400,3,3.9,full_time,education,part_time,education,education,education,full_time,full_time,full_time,full_time,full_time,full_time,full_time,full_time,single_no_child,single_no_child,single_no_child,single_no_child,single_no_child,single_no_child,single_no_child,single_no_child,single_no_child,single_no_child,single_no_child,partnered_no_child,partnered_no_child,parental_home,parental_home,parental_home,parental_home,parental_home,renting,renting,renting,renting,renting,renting,renting,renting
495,1994,male,high,4,western_finland,1,3,35800,4,3.8,full_time,education,education,education,education,part_time,full_time,full_time,full_time,full_time,full_time,full_time,full_time,full_time,single_no_child,single_no_child,single_no_child,single_no_child,single_no_child,single_no_child,single_no_child,single_no_child,partnered_with_child,partnered_with_child,partnered_with_child,partnered_with_child,partnered_with_child,parental_home,parental_home,parental_home,parental_home,parental_home,parental_home,parental_home,parental_home,renting,renting,renting,renting,renting
496,1990,male,medium,3,southern_finland,0,4,43200,4,5.4,part_time,education,education,education,education,education,full_time,full_time,full_time,full_time,full_time,full_time,full_time,full_time,single_no_child,single_no_child,single_no_child,single_no_child,single_parent,single_parent,single_parent,single_parent,single_parent,single_parent,single_parent,single_parent,single_parent,parental_home,parental_home,parental_home,parental_home,parental_home,parental_home,renting,renting,renting,renting,renting,renting,owner_occupied
497,1993,female,medium,2,eastern_northern_finland,0,4,35400,4,13.5,full_time,education,education,unemployed,part_time,full_time,unemployed,full_time,part_time,unemployed,full_time,part_time,full_time,full_time,single_no_child,single_no_child,single_no_child,single_no_child,single_no_child,single_no_child,partnered_no_child,partnered_no_child,single_no_child,partnered_no_child,partnered_no_child,partnered_no_child,partnered_no_child,other_temporary,other_temporary,other_temporary,other_temporary,renting,renting,renting,renting,renting,renting,renting,renting,renting
498,1994,male,high,4,capital_region,1,3,35800,2,3.7,full_time,full_time,education,education,part_time,education,full_time,full_time,full_time,full_time,full_time,full_time,full_time,inactive_care,single_no_child,single_no_child,single_no_child,single_no_child,single_no_child,single_no_child,single_no_child,partnered_no_child,partnered_no_child,partnered_no_child,partnered_no_child,partnered_with_child,partnered_with_child,parental_home,parental_home,parental_home,renting,renting,renting,renting,renting,renting,renting,renting,renting,renting
499,1992,male,medium,2,capital_region,0,4,53500,5,12.4,full_time,education,unemployed,education,full_time,full_time,full_time,full_time,part_time,inactive_care,part_time,part_time,full_time,full_time,single_no_child,single_no_child,single_no_child,single_parent,single_parent,single_parent,partnered_with_child,partnered_with_child,partnered_with_child,partnered_with_child,partnered_with_child,partnered_with_child,partnered_with_child,parental_home,parental_home,parental_home,parental_home,parental_home,parental_home,renting,renting,renting,renting,renting,renting,renting
500,1994,male,high,3,southern_finland,0,3,42000,2,7.3,full_time,unemployed,education,education,education,part_time,full_time,full_time,full_time,full_time,full_time,full_time,full_time,full_time,single_no_child,single_no_child,single_no_child,single_no_child,single_no_child,single_no_child,single_parent,single_parent,single_parent,single_parent,partnered_with_child,partnered_with_child,partnered_with_child,parental_home,renting,renting,renting,renting,renting,renting,renting,renting,renting,renting,owner_occupied,owner_occupied
501,1994,male,medium,3,western_finland,0,3,38800,3,9.3,full_time,education,unemployed,education,education,education,full_time,full_time,full_time,full_time,full_time,full_time,unemployed,full_time,single_no_child,single_no_child,single_no_child,single_no_child,single_no_child,single_no_child,single_no_child,single_no_child,single_no_child,single_no_child,single_no_child,single_no_child,single_parent,parental_home,other_temporary,renting,renting,renting,renting,renting,renting,renting,renting,renting,renting,owner_occupied
502,1991,female,medium,3,southern_finland,0,3,51700,2,6.9,inactive_care,education,education,education,part_time,unemployed,part_time,unemployed,full_time,full_time,full_time,full_time,full_time,inactive_care,single_no_child,single_no_child,single_no_child,single_no_child,single_no_child,single_no_child,single_no_child,single_no_child,single_no_child,single_no_child,single_no_child,single_no_child,single_no_child,parental_home,renting,renting,renting,renting,renting,renting,renting,renting,renting,renting,renting,renting
503,1991,male,high,3,southern_finland,0,3,24700,2,9.6,full_time,education,education,unemployed,part_time,full_time,unemployed,full_time,part_time,unemployed,full_time,part_time,full_time,full_time,single_no_child,single_no_child,single_no_child,partnered_no_child,partnered_no_child,partnered_no_child,partnered_with_child,partnered_with_child,single_parent,single_parent,single_parent,single_parent,single_parent,parental_home,parental_home,renting,renting,renting,renting,renting,renting,renting,renting,renting,renting,renting
504,1992,male,medium,1,capital_region,0,5,44800,5,2.2,full_time,education,unemployed,education,full_time,education,full_time,full_time,full_time,full_time,full_time,full_time,full_time,part_time,single_no_child,single_no_child,single_no_child,single_no_child,single_no_child,single_no_child,single_no_child,single_no_child,partnered_no_child,partnered_no_child,partnered_no_child,partnered_no_child,partnered_no_child,parental_home,parental_home,parental_home,parental_home,parental_home,parental_home,parental_home,parental_home,parental_home,parental_home,parental_home,renting,renting
505,1992,male,medium,1,capital_region,0,2,30900,2,7.1,full_time,education,education,unemployed,part_time,full_time,unemployed,inactive_care,part_time,full_time,full_time,part_time,part_time,full_time,single_no_child,single_no_child,single_no_child,single_no_child,partnered_no_child,single_no_child,partnered_no_child,partnered_no_child,single_parent,single_parent,partnered_with_child,partnered_with_child,partnered_with_child,parental_home,parental_home,parental_home,parental_home,parental_home,parental_home,renting,renting,renting,renting,renting,renting,renting
506,1991,female,medium,1,western_finland,0,4,37100,3,8.6,unemployed,education,unemployed,unemployed,unemployed,part_time,unemployed,unemployed,inactive_care,unemployed,part_time,unemployed,full_time,part_time,single_no_child,single_no_child,single_no_child,single_no_child,single_no_child,partnered_no_child,partnered_no_child,partnered_with_child,partnered_with_child,partnered_with_child,partnered_with_child,partnered_with_child,partnered_with_child,renting,renting,renting,renting,renting,renting,renting,renting,renting,renting,renting,renting,renting
507,1990,male,high,3,capital_region,1,4,36500,3,7.2,full_time,education,education,education,education,unemployed,full_time,unemployed,full_time,full_time,full_time,full_time,full_time,full_time,single_no_child,single_no_child,single_no_child,single_no_child,single_parent,single_parent,single_parent,single_parent,single_parent,single_parent,partnered_with_child,partnered_with_child,partnered_with_child,parental_home,parental_home,parental_home,parental_home,parental_home,parental_home,renting,renting,renting,renting,renting,owner_occupied,owner_occupied
508,1994,female,high,4,capital_region,0,4,48600,3,5.3,full_time,education,education,education,education,unemployed,full_time,full_time,full_time,full_time,full_time,full_time,full_time,full_time,single_no_child,single_no_child,single_no_child,single_no_child,single_no_child,single_no_child,single_no_child,single_no_child,single_no_child,single_parent,single_parent,single_parent,single_parent,parental_home,renting,renting,renting,renting,renting,renting,renting,renting,renting,owner_occupied,owner_occupied,owner_occupied
509,1992,male,medium,2,capital_region,1,3,18200,2,11.9,full_time,education,education,unemployed,part_time,full_time,unemployed,full_time,part_time,unemployed,full_time,part_time,part_time,full_time,single_no_child,single_no_child,single_no_child,single_no_child,single_no_child,single_no_child,partnered_no_child,partnered_no_child,partnered_no_child,partnered_no_child,partnered_with_child,partnered_with_child,partnered_with_child,renting,renting,renting,renting,renting,renting,renting,renting,renting,renting,renting,renting,renting
510,1990,female,high,2,southern_finland,0,4,56200,5,7.4,full_time,education,education,education,education,education,full_time,full_time,full_time,full_time,full_time,full_time,full_time,full_time,single_no_child,single_no_child,single_no_child,single_no_child,single_no_child,single_parent,single_parent,single_parent,single_parent,single_parent,single_parent,single_parent,single_parent,renting,renting,renting,renting,renting,renting,renting,renting,renting,renting,renting,renting,renting
511,1992,male,medium,3,eastern_northern_finland,1,3,58400,4,7.9,full_time,education,education,part_time,full_time,education,full_time,full_time,full_time,full_time,full_time,full_time,full_time,full_time,partnered_no_child,partnered_no_child,partnered_no_child,partnered_no_child,partnered_no_child,partnered_no_child,partnered_no_child,partnered_no_child,partnered_no_child,partnered_with_child,partnered_with_child,partnered_with_child,partnered_with_child,parental_home,parental_home,parental_home,parental_home,parental_home,parental_home,parental_home,other_temporary,other_temporary,renting,renting,renting,owner_occupied
512,1993,female,medium,4,capital_region,0,4,48400,5,4.9,full_time,education,education,full_time,full_time,full_time,full_time,full_time,full_time,full_time,full_time,full_time,full_time,full_time,single_no_child,single_no_child,single_no_child,single_no_child,single_no_child,single_no_child,single_no_child,single_no_child,partnered_no_child,partnered_no_child,partnered_no_child,partnered_no_child,partnered_no_child,parental_home,parental_home,parental_home,parental_home,parental_home,parental_home,renting,renting,renting,renting,renting,renting,renting
513,1993,female,medium,1,capital_region,0,3,44700,2,4.2,full_time,education,education,unemployed,part_time,full_time,unemployed,full_time,part_time,inactive_care,full_time,part_time,full_time,full_time,single_no_child,single_no_child,single_no_child,single_no_child,single_no_child,single_no_child,partnered_no_child,partnered_no_child,partnered_no_child,partnered_no_child,partnered_no_child,partnered_no_child,partnered_no_child,renting,renting,renting,renting,renting,renting,renting,renting,renting,owner_occupied,owner_occupied,owner_occupied,renting
514,1994,female,medium,3,southern_finland,0,4,61300,5,4.0,full_time,education,education,part_time,full_time,full_time,full_time,full_time,full_time,inactive_care,full_time,full_time,full_time,full_time,single_no_child,single_no_child,single_no_child,single_no_child,single_no_child,single_no_child,single_no_child,single_no_child,single_no_child,single_no_child,single_no_child,partnered_no_child,partnered_no_child,parental_home,parental_home,parental_home,parental_home,parental_home,parental_home,parental_home,renting,renting,owner_occupied,owner_occupied,owner_occupied,owner_occupied
515,1994,female,high,4,eastern_northern_finland,0,3,34900,3,11.2,full_time,full_time,education,education,unemployed,unemployed,part_time,part_time,full_time,full_time,inactive_care,full_time,full_time,full_time,single_no_child,single_no_child,single_no_child,single_no_child,single_no_child,single_no_child,single_no_child,single_no_child,single_no_child,single_no_child,partnered_no_child,partnered_no_child,partnered_no_child,other_temporary,other_temporary,other_temporary,renting,renting,renting,renting,renting,renting,renting,renting,renting,renting
516,1991,male,high,3,western_finland,0,4,48900,4,5.5,full_time,education,education,unemployed,education,education,full_time,full_time,full_time,full_time,full_time,full_time,full_time,full_time,single_no_child,single_no_child,single_no_child,single_no_child,single_no_child,single_no_child,partnered_with_child,partnered_with_child,partnered_with_child,partnered_with_child,partnered_with_child,partnered_with_child,partnered_with_child,renting,renting,renting,renting,renting,renting,renting,renting,owner_occupied,owner_occupied,owner_occupied,owner_occupied,owner_occupied
517,1992,male,low,1,capital_region,0,3,65000,3,4.3,full_time,education,education,full_time,full_time,full_time,full_time,full_time,full_time,full_time,full_time,full_time,full_time,full_time,single_no_child,single_no_child,single_no_child,single_no_child,partnered_no_child,partnered_no_child,partnered_no_child,partnered_no_child,partnered_with_child,partnered_with_child,partnered_with_child,partnered_with_child,partnered_with_child,parental_home,parental_home,renting,renting,renting,renting,renting,renting,renting,renting,renting,owner_occupied,owner_occupied
518,1993,male,high,4,southern_finland,0,5,52300,4,5.7,full_time,education,education,unemployed,part_time,full_time,part_time,full_time,part_time,unemployed,full_time,full_time,full_time,full_time,single_no_child,single_no_child,partnered_no_child,partnered_no_child,partnered_no_child,partnered_no_child,partnered_no_child,partnered_no_child,partnered_no_child,partnered_with_child,partnered_with_child,partnered_with_child,partnered_with_child,renting,renting,renting,renting,renting,renting,renting,renting,renting,renting,renting,renting,renting
519,1992,male,high,3,eastern_northern_finland,0,4,52500,3,12.4,full_time,education,education,education,education,part_time,full_time,full_time,full_time,part_time,full_time,unemployed,full_time,full_time,single_no_child,single_no_child,single_no_child,single_no_child,single_no_child,single_no_child,single_no_child,single_no_child,single_no_child,partnered_no_child,partnered_no_child,partnered_no_child,partnered_no_child,parental_home,parental_home,parental_home,parental_home,parental_home,parental_home,renting,renting,renting,renting,renting,renting,renting
520,1990,male,medium,2,capital_region,1,4,38300,5,9.0,full_time,education,education,full_time,full_time,full_time,full_time,full_time,full_time,full_time,full_time,full_time,part_time,full_time,single_no_child,single_no_child,single_no_child,partnered_no_child,partnered_no_child,partnered_no_child,partnered_no_child,partnered_no_child,partnered_with_child,partnered_with_child,partnered_with_child,partnered_with_child,partnered_with_child,parental_home,parental_home,renting,renting,renting,renting,renting,renting,renting,renting,renting,renting,renting
521,1990,male,medium,3,western_finland,0,4,63900,5,4.2,part_time,education,education,education,unemployed,part_time,inactive_care,part_time,full_time,full_time,full_time,full_time,full_time,full_time,single_no_child,single_no_child,single_no_child,single_no_child,single_no_child,single_no_child,single_no_child,single_no_child,single_no_child,single_no_child,single_no_child,single_no_child,partnered_no_child,parental_home,parental_home,renting,renting,renting,renting,renting,renting,renting,renting,renting,renting,renting
522,1993,male,medium,3,capital_region,0,5,35900,4,9.1,full_time,education,education,unemployed,unemployed,full_time,unemployed,full_time,part_time,inactive_care,full_time,part_time,full_time,full_time,single_no_child,single_no_child,single_no_child,single_no_child,single_no_child,single_no_child,single_no_child,single_parent,partnered_with_child,partnered_with_child,partnered_with_child,partnered_with_child,partnered_with_child,parental_home,renting,renting,renting,renting,renting,renting,renting,renting,renting,renting,renting,renting
523,1994,female,high,4,capital_region,0,5,58200,5,6.4,full_time,education,education,education,education,education,full_time,full_time,full_time,full_time,full_time,full_time,full_time,full_time,single_no_child,single_no_child,single_no_child,single_no_child,single_no_child,single_no_child,single_no_child,single_no_child,single_no_child,single_no_child,single_no_child,partnered_no_child,partnered_no_child,parental_home,parental_home,parental_home,parental_home,parental_home,renting,renting,renting,renting,renting,renting,renting,renting
524,1991,female,high,4,capital_region,0,4,48400,4,5.8,full_time,education,education,full_time,education,education,full_time,full_time,full_time,full_time,full_time,full_time,full_time,full_time,single_no_child,single_no_child,single_no_child,single_no_child,single_no_child,single_no_child,single_no_child,single_no_child,single_no_child,partnered_no_child,partnered_no_child,partnered_no_child,partnered_no_child,parental_home,parental_home,renting,renting,renting,renting,renting,renting,renting,renting,renting,renting,renting
525,1990,female,medium,3,southern_finland,0,4,24700,3,8.9,unemployed,education,unemployed,unemployed,unemployed,part_time,unemployed,unemployed,inactive_care,full_time,part_time,unemployed,full_time,part_time,single_no_child,single_no_child,single_no_child,single_no_child,single_no_child,single_no_child,single_no_child,single_no_child,single_no_child,single_no_child,single_no_child,partnered_no_child,partnered_no_child,parental_home,parental_home,parental_home,parental_home,renting,renting,renting,renting,renting,renting,renting,renting,renting
526,1994,male,low,2,western_finland,0,4,47900,5,4.9,unemployed,education,education,education,unemployed,unemployed,part_time,part_time,full_time,full_time,inactive_care,full_time,full_time,full_time,single_no_child,single_no_child,single_no_child,single_no_child,single_no_child,single_no_child,single_no_child,single_no_child,single_no_child,single_no_child,single_no_child,single_no_child,single_no_child,renting,renting,renting,renting,renting,renting,renting,renting,renting,renting,renting,renting,owner_occupied
527,1994,male,medium,3,capital_region,1,4,50800,4,6.6,full_time,full_time,education,part_time,education,education,full_time,full_time,full_time,full_time,full_time,full_time,full_time,full_time,single_no_child,single_no_child,single_no_child,single_no_child,single_no_child,single_no_child,partnered_no_child,partnered_no_child,partnered_no_child,partnered_no_child,partnered_no_child,partnered_with_child,partnered_with_child,parental_home,other_temporary,renting,renting,renting,renting,renting,renting,renting,renting,renting,renting,renting
528,1993,male,low,1,capital_region,0,2,41700,1,11.9,full_time,education,full_time,full_time,full_time,full_time,full_time,full_time,full_time,full_time,full_time,full_time,inactive_care,full_time,single_no_child,single_no_child,single_no_child,single_parent,single_parent,single_parent,single_parent,single_parent,single_parent,single_parent,single_parent,single_parent,single_parent,parental_home,renting,renting,renting,renting,renting,renting,renting,renting,renting,renting,renting,renting
529,1994,female,medium,5,capital_region,1,3,38500,3,8.4,full_time,education,education,education,education,education,full_time,full_time,full_time,full_time,full_time,part_time,full_time,full_time,single_no_child,single_no_child,single_no_child,single_no_child,single_no_child,single_no_child,single_no_child,single_no_child,single_parent,single_parent,single_parent,single_parent,single_parent,parental_home,parental_home,parental_home,other_temporary,renting,renting,renting,renting,owner_occupied,owner_occupied,owner_occupied,owner_occupied,owner_occupied
530,1992,female,medium,3,western_finland,0,4,25700,3,6.2,full_time,education,education,education,education,education,full_time,part_time,full_time,full_time,full_time,full_time,full_time,full_time,single_no_child,single_no_child,single_no_child,single_no_child,single_no_child,single_no_child,single_no_child,single_no_child,single_no_child,single_no_child,single_no_child,single_no_child,partnered_no_child,parental_home,parental_home,parental_home,parental_home,parental_home,parental_home,parental_home,other_temporary,other_temporary,renting,owner_occupied,owner_occupied,owner_occupied
531,1991,male,low,1,eastern_northern_finland,0,4,12300,3,9.0,unemployed,education,unemployed,part_time,unemployed,part_time,unemployed,unemployed,inactive_care,unemployed,full_time,part_time,full_time,part_time,single_no_child,single_no_child,single_no_child,single_no_child,single_no_child,single_no_child,single_no_child,single_no_child,single_no_child,single_parent,single_parent,single_parent,single_parent,parental_home,parental_home,renting,renting,renting,renting,renting,renting,renting,renting,renting,renting,renting
532,1992,female,low,1,southern_finland,0,3,28200,2,13.4,full_time,education,part_time,unemployed,part_time,unemployed,part_time,unemployed,inactive_care,unemployed,part_time,unemployed,part_time,part_time,single_no_child,single_no_child,single_no_child,partnered_no_child,partnered_no_child,partnered_no_child,partnered_no_child,partnered_with_child,partnered_with_child,partnered_with_child,partnered_with_child,partnered_with_child,partnered_with_child,parental_home,parental_home,parental_home,renting,renting,renting,renting,renting,renting,renting,renting,renting,renting
533,1990,female,high,3,capital_region,0,3,43000,2,16.2,full_time,education,education,full_time,unemployed,full_time,full_time,full_time,full_time,full_time,full_time,full_time,full_time,full_time,single_no_child,single_no_child,single_no_child,single_no_child,single_parent,single_parent,single_parent,single_parent,single_parent,single_parent,single_parent,partnered_with_child,single_parent,parental_home,parental_home,parental_home,other_temporary,renting,renting,renting,renting,renting,renting,renting,renting,renting
534,1994,female,high,4,capital_region,0,3,28400,3,6.0,full_time,education,education,full_time,education,education,full_time,full_time,full_time,full_time,full_time,part_time,full_time,full_time,single_no_child,single_no_child,single_no_child,single_no_child,single_no_child,partnered_with_child,partnered_with_child,partnered_with_child,partnered_with_child,partnered_with_child,partnered_with_child,partnered_with_child,partnered_with_child,parental_home,parental_home,parental_home,parental_home,parental_home,other_temporary,other_temporary,renting,renting,renting,renting,renting,renting
535,1994,male,low,3,capital_region,0,4,20600,3,7.8,full_time,education,education,education,unemployed,unemployed,part_time,part_time,full_time,full_time,full_time,full_time,full_time,full_time,single_no_child,single_no_child,single_no_child,single_no_child,single_no_child,single_no_child,single_parent,single_parent,single_parent,single_parent,single_parent,single_parent,single_parent,parental_home,parental_home,parental_home,parental_home,parental_home,parental_home,renting,renting,renting,renting,renting,renting,renting
536,1993,male,low,1,capital_region,0,2,51900,2,6.7,full_time,education,education,full_time,full_time,full_time,full_time,full_time,full_time,full_time,full_time,full_time,full_time,full_time,single_no_child,single_no_child,single_no_child,single_no_child,single_no_child,single_no_child,partnered_no_child,partnered_no_child,partnered_no_child,partnered_no_child,partnered_no_child,partnered_no_child,partnered_no_child,parental_home,parental_home,parental_home,parental_home,parental_home,parental_home,parental_home,renting,owner_occupied,owner_occupied,owner_occupied,owner_occupied,owner_occupied
537,1993,male,medium,2,capital_region,0,3,34800,2,12.3,full_time,education,education,education,unemployed,unemployed,full_time,unemployed,full_time,full_time,unemployed,full_time,full_time,part_time,single_no_child,single_no_child,single_no_child,single_parent,single_parent,single_parent,single_parent,single_parent,single_parent,single_parent,single_parent,single_parent,single_parent,parental_home,parental_home,parental_home,parental_home,parental_home,parental_home,parental_home,parental_home,parental_home,parental_home,parental_home,parental_home,parental_home
538,1993,female,medium,2,southern_finland,1,4,32400,3,3.6,full_time,education,education,education,inactive_care,unemployed,full_time,full_time,full_time,full_time,full_time,full_time,full_time,full_time,single_no_child,single_no_child,single_no_child,single_no_child,single_no_child,single_parent,single_parent,single_parent,single_parent,single_parent,single_parent,single_parent,single_parent,parental_home,parental_home,parental_home,parental_home,parental_home,parental_home,renting,renting,renting,renting,renting,owner_occupied,owner_occupied
539,1991,male,medium,3,capital_region,0,4,45300,3,10.1,full_time,education,education,unemployed,full_time,full_time,unemployed,full_time,part_time,unemployed,full_time,part_time,full_time,full_time,single_no_child,single_no_child,single_no_child,single_no_child,single_no_child,single_no_child,single_no_child,single_no_child,single_no_child,single_no_child,single_no_child,single_no_child,single_no_child,parental_home,parental_home,parental_home,parental_home,parental_home,parental_home,parental_home,parental_home,parental_home,parental_home,parental_home,renting,renting
540,1991,male,high,3,southern_finland,0,4,57400,5,2.0,full_time,education,full_time,full_time,full_time,full_time,full_time,full_time,full_time,full_time,full_time,full_time,full_time,full_time,single_no_child,single_no_child,single_no_child,single_no_child,single_no_child,single_no_child,single_no_child,single_no_child,partnered_no_child,partnered_no_child,partnered_no_child,partnered_no_child,partnered_no_child,parental_home,parental_home,other_temporary,other_temporary,renting,renting,renting,renting,renting,renting,renting,renting,renting
541,1990,male,low,2,capital_region,1,3,38200,3,9.6,full_time,full_time,education,education,full_time,unemployed,part_time,part_time,full_time,full_time,full_time,full_time,full_time,full_time,single_no_child,single_no_child,single_no_child,single_parent,single_parent,single_parent,single_parent,single_parent,single_parent,single_parent,partnered_with_child,partnered_with_child,partnered_with_child,parental_home,other_temporary,other_temporary,other_temporary,renting,renting,renting,renting,renting,renting,renting,renting,renting
542,1990,female,medium,3,southern_finland,0,5,37300,4,0.8,full_time,education,education,education,education,education,full_time,full_time,full_time,full_time,full_time,full_time,full_time,full_time,single_no_child,single_no_child,single_no_child,single_no_child,single_no_child,partnered_no_child,partnered_no_child,partnered_no_child,partnered_no_child,partnered_no_child,partnered_no_child,partnered_no_child,partnered_no_child,parental_home,parental_home,parental_home,renting,renting,renting,renting,renting,renting,renting,renting,renting,renting
543,1992,female,high,4,eastern_northern_finland,0,3,50500,2,12.8,full_time,education,education,education,unemployed,unemployed,part_time,part_time,full_time,full_time,part_time,full_time,full_time,full_time,single_no_child,single_no_child,single_no_child,single_no_child,single_no_child,partnered_no_child,partnered_no_child,partnered_no_child,partnered_no_child,partnered_no_child,partnered_with_child,partnered_with_child,partnered_with_child,renting,renting,renting,renting,renting,renting,renting,renting,renting,renting,owner_occupied,owner_occupied,owner_occupied
544,1993,female,high,3,capital_region,0,5,43600,4,3.3,full_time,education,education,education,full_time,education,full_time,full_time,inactive_care,full_time,full_time,full_time,full_time,full_time,single_no_child,single_no_child,single_no_child,single_no_child,single_no_child,single_no_child,single_no_child,single_parent,single_parent,partnered_with_child,partnered_with_child,partnered_with_child,partnered_with_child,renting,renting,renting,renting,renting,renting,owner_occupied,owner_occupied,owner_occupied,owner_occupied,owner_occupied,owner_occupied,owner_occupied
545,1991,female,low,1,eastern_northern_finland,0,4,51300,3,14.1,full_time,education,education,education,education,education,full_time,full_time,full_time,full_time,full_time,part_time,part_time,full_time,single_no_child,single_no_child,single_no_child,single_no_child,single_no_child,single_no_child,single_no_child,single_no_child,single_no_child,single_no_child,single_no_child,partnered_no_child,partnered_no_child,parental_home,parental_home,parental_home,parental_home,parental_home,parental_home,parental_home,parental_home,parental_home,parental_home,renting,renting,renting
546,1990,male,high,5,eastern_northern_finland,0,4,47800,3,5.8,full_time,education,education,education,full_time,education,full_time,full_time,full_time,full_time,full_time,part_time,full_time,full_time,single_no_child,single_no_child,single_no_child,single_no_child,single_no_child,single_no_child,single_no_child,single_no_child,single_no_child,single_no_child,single_no_child,single_no_child,partnered_no_child,parental_home,parental_home,parental_home,parental_home,parental_home,parental_home,renting,renting,renting,renting,renting,renting,renting
547,1992,female,medium,3,western_finland,0,2,32000,3,18.2,unemployed,education,unemployed,part_time,unemployed,part_time,unemployed,part_time,inactive_care,unemployed,part_time,unemployed,full_time,part_time,single_no_child,single_no_child,single_no_child,single_no_child,single_no_child,single_no_child,single_parent,single_parent,partnered_with_child,partnered_with_child,partnered_with_child,partnered_with_child,partnered_with_child,parental_home,parental_home,parental_home,parental_home,renting,renting,renting,renting,renting,renting,owner_occupied,owner_occupied,owner_occupied
548,1994,female,medium,3,eastern_northern_finland,0,4,70400,4,1.2,full_time,education,education,full_time,full_time,full_time,full_time,full_time,full_time,full_time,full_time,full_time,full_time,full_time,single_no_child,single_no_child,single_no_child,single_no_child,single_no_child,single_no_child,single_no_child,single_no_child,single_no_child,single_no_child,single_no_child,single_no_child,partnered_no_child,parental_home,parental_home,renting,renting,renting,renting,renting,renting,renting,renting,renting,renting,owner_occupied
549,1994,female,medium,4,western_finland,1,3,53000,3,0.1,full_time,education,education,education,full_time,education,full_time,full_time,unemployed,full_time,full_time,full_time,full_time,full_time,single_no_child,single_no_child,single_no_child,single_no_child,single_no_child,single_no_child,partnered_no_child,partnered_no_child,partnered_no_child,partnered_no_child,partnered_no_child,partnered_no_child,partnered_with_child,parental_home,parental_home,parental_home,parental_home,parental_home,parental_home,parental_home,parental_home,renting,renting,renting,renting,renting
550,1991,female,high,2,capital_region,1,4,41000,4,3.8,full_time,education,education,education,full_time,full_time,full_time,full_time,inactive_care,inactive_care,part_time,part_time,full_time,full_time,single_no_child,single_no_child,single_no_child,single_no_child,single_no_child,single_no_child,single_no_child,single_no_child,single_no_child,single_no_child,single_no_child,single_no_child,partnered_no_child,parental_home,parental_home,parental_home,parental_home,parental_home,parental_home,parental_home,renting,renting,renting,renting,renting,renting
551,1990,female,medium,3,eastern_northern_finland,1,4,41200,3,5.3,full_time,education,unemployed,full_time,full_time,full_time,full_time,full_time,unemployed,part_time,full_time,full_time,full_time,full_time,single_no_child,single_no_child,single_no_child,single_no_child,single_no_child,single_no_child,single_no_child,single_no_child,single_no_child,single_no_child,partnered_no_child,partnered_no_child,single_parent,parental_home,parental_home,parental_home,parental_home,parental_home,renting,renting,renting,renting,renting,renting,renting,renting
552,1992,male,high,4,eastern_northern_finland,0,5,67200,5,7.1,full_time,education,education,education,education,education,full_time,full_time,full_time,full_time,full_time,full_time,full_time,full_time,single_no_child,single_no_child,single_no_child,single_no_child,single_no_child,single_no_child,single_no_child,single_no_child,single_no_child,single_no_child,partnered_no_child,partnered_no_child,partnered_no_child,parental_home,parental_home,parental_home,renting,renting,renting,renting,renting,renting,renting,renting,renting,renting
553,1990,female,high,3,southern_finland,0,4,47800,3,6.9,full_time,education,education,education,education,education,full_time,full_time,full_time,full_time,full_time,full_time,full_time,inactive_care,single_no_child,single_no_child,single_no_child,single_no_child,single_parent,single_parent,partnered_with_child,partnered_with_child,partnered_with_child,partnered_with_child,partnered_with_child,partnered_with_child,partnered_with_child,parental_home,parental_home,parental_home,parental_home,parental_home,renting,owner_occupied,owner_occupied,owner_occupied,owner_occupied,owner_occupied,owner_occupied,owner_occupied
554,1993,male,high,5,eastern_northern_finland,0,3,54400,3,6.7,full_time,education,education,education,education,education,full_time,full_time,full_time,full_time,full_time,unemployed,full_time,full_time,single_no_child,single_no_child,single_no_child,single_no_child,single_no_child,single_no_child,single_no_child,single_no_child,single_no_child,single_no_child,single_no_child,partnered_no_child,partnered_no_child,parental_home,parental_home,parental_home,parental_home,parental_home,parental_home,renting,renting,renting,renting,renting,renting,renting
555,1991,female,low,1,eastern_northern_finland,0,4,36400,4,9.1,full_time,education,education,education,education,education,full_time,full_time,inactive_care,full_time,full_time,full_time,full_time,full_time,single_no_child,single_no_child,single_no_child,single_no_child,single_no_child,single_no_child,single_parent,single_parent,single_parent,single_parent,single_parent,single_parent,single_parent,renting,renting,renting,renting,renting,renting,renting,renting,renting,renting,renting,renting,renting
556,1994,female,medium,2,western_finland,0,4,44900,4,1.5,full_time,education,education,education,education,education,full_time,full_time,full_time,full_time,full_time,full_time,full_time,full_time,single_no_child,single_no_child,single_no_child,single_no_child,single_no_child,single_no_child,single_no_child,single_no_child,single_no_child,single_no_child,single_no_child,single_no_child,single_no_child,parental_home,parental_home,parental_home,parental_home,parental_home,parental_home,parental_home,parental_home,renting,renting,renting,renting,renting
557,1992,male,high,2,western_finland,0,4,41800,4,9.2,full_time,unemployed,education,education,education,education,full_time,full_time,full_time,full_time,full_time,full_time,full_time,full_time,single_no_child,single_no_child,single_no_child,partnered_no_child,partnered_no_child,partnered_no_child,partnered_no_child,partnered_no_child,partnered_no_child,partnered_no_child,partnered_no_child,partnered_no_child,partnered_with_child,parental_home,parental_home,parental_home,parental_home,parental_home,parental_home,parental_home,renting,renting,renting,renting,renting,renting
558,1993,male,high,2,capital_region,0,4,69800,4,5.7,full_time,education,education,full_time,full_time,full_time,full_time,full_time,full_time,full_time,full_time,full_time,full_time,full_time,single_no_child,single_no_child,single_no_child,single_no_child,single_no_child,single_no_child,single_no_child,single_no_child,single_no_child,partnered_no_child,partnered_no_child,partnered_no_child,partnered_no_child,parental_home,parental_home,renting,renting,renting,renting,renting,renting,renting,renting,renting,renting,renting
559,1993,male,high,4,southern_finland,0,4,57800,4,4.1,full_time,education,education,education,education,education,full_time,full_time,full_time,full_time,full_time,inactive_care,full_time,full_time,single_no_child,single_no_child,single_no_child,single_no_child,partnered_no_child,partnered_no_child,partnered_no_child,partnered_no_child,partnered_no_child,partnered_no_child,partnered_with_child,partnered_with_child,partnered_with_child,renting,renting,renting,renting,renting,renting,renting,owner_occupied,owner_occupied,owner_occupied,owner_occupied,owner_occupied,owner_occupied
560,1991,female,high,4,western_finland,0,5,37500,3,1.9,full_time,education,part_time,education,unemployed,unemployed,part_time,part_time,full_time,full_time,full_time,unemployed,full_time,full_time,single_no_child,single_no_child,single_no_child,single_no_child,partnered_no_child,partnered_no_child,partnered_no_child,partnered_no_child,partnered_no_child,partnered_no_child,partnered_with_child,partnered_with_child,partnered_with_child,parental_home,parental_home,parental_home,parental_home,renting,renting,renting,renting,renting,renting,renting,renting,renting
561,1991,female,low,2,capital_region,0,3,35900,4,13.0,full_time,education,education,education,unemployed,unemployed,part_time,part_time,full_time,full_time,part_time,full_time,full_time,full_time,single_no_child,single_no_child,partnered_no_child,partnered_no_child,partnered_no_child,partnered_no_child,partnered_with_child,partnered_with_child,partnered_with_child,partnered_with_child,partnered_with_child,single_parent,single_parent,renting,renting,renting,renting,renting,renting,renting,renting,renting,renting,renting,renting,renting
562,1991,male,low,2,capital_region,1,1,51900,1,8.4,full_time,education,part_time,education,education,education,full_time,full_time,part_time,full_time,full_time,part_time,full_time,part_time,single_no_child,single_no_child,single_no_child,single_no_child,single_no_child,partnered_no_child,partnered_no_child,partnered_no_child,partnered_with_child,partnered_with_child,partnered_with_child,partnered_with_child,partnered_with_child,parental_home,renting,renting,renting,renting,renting,renting,renting,renting,renting,renting,renting,renting
563,1990,female,high,3,capital_region,0,3,41900,2,4.3,full_time,education,education,education,unemployed,full_time,full_time,full_time,inactive_care,inactive_care,full_time,part_time,full_time,full_time,single_no_child,single_no_child,single_no_child,single_no_child,partnered_no_child,partnered_no_child,partnered_no_child,partnered_no_child,partnered_no_child,partnered_no_child,partnered_with_child,single_parent,single_parent,renting,renting,renting,renting,renting,renting,renting,renting,renting,renting,renting,renting,renting
564,1994,male,medium,3,eastern_northern_finland,0,3,52600,4,7.4,full_time,education,education,education,education,education,full_time,full_time,full_time,full_time,full_time,full_time,full_time,full_time,single_no_child,single_no_child,single_no_child,single_no_child,single_no_child,single_no_child,single_no_child,partnered_no_child,partnered_no_child,partnered_no_child,partnered_no_child,partnered_with_child,partnered_with_child,renting,renting,renting,renting,renting,renting,renting,renting,renting,renting,renting,renting,owner_occupied
565,1990,male,medium,2,western_finland,0,3,40900,4,10.6,full_time,education,education,part_time,full_time,full_time,full_time,full_time,full_time,full_time,full_time,full_time,full_time,full_time,single_no_child,single_no_child,partnered_no_child,partnered_no_child,partnered_no_child,partnered_no_child,partnered_no_child,partnered_no_child,partnered_no_child,partnered_no_child,partnered_no_child,partnered_no_child,partnered_no_child,parental_home,parental_home,parental_home,parental_home,parental_home,parental_home,parental_home,renting,renting,renting,renting,renting,renting
566,1993,female,low,1,eastern_northern_finland,1,4,12400,3,8.7,inactive_care,education,unemployed,education,full_time,part_time,unemployed,unemployed,inactive_care,inactive_care,part_time,unemployed,part_time,part_time,single_no_child,single_no_child,single_no_child,single_no_child,single_no_child,single_no_child,single_no_child,single_no_child,single_no_child,partnered_no_child,partnered_no_child,partnered_no_child,partnered_no_child,parental_home,parental_home,parental_home,parental_home,parental_home,parental_home,parental_home,other_temporary,renting,renting,renting,renting,renting
567,1990,male,high,3,southern_finland,0,5,31900,5,13.6,full_time,education,education,inactive_care,part_time,full_time,unemployed,full_time,unemployed,unemployed,full_time,part_time,full_time,full_time,single_no_child,single_no_child,single_no_child,single_no_child,single_no_child,single_no_child,single_no_child,single_parent,single_parent,single_parent,single_parent,single_parent,single_parent,parental_home,parental_home,parental_home,parental_home,parental_home,parental_home,parental_home,parental_home,parental_home,parental_home,parental_home,parental_home,renting
568,1993,female,high,5,capital_region,0,5,34900,4,3.9,full_time,education,education,unemployed,part_time,full_time,unemployed,full_time,part_time,unemployed,full_time,part_time,full_time,full_time,single_no_child,single_no_child,single_no_child,single_no_child,single_no_child,single_no_child,single_no_child,single_no_child,single_no_child,single_no_child,single_no_child,single_no_child,partnered_no_child,renting,renting,renting,renting,renting,renting,renting,renting,renting,renting,renting,renting,renting
569,1991,male,high,5,eastern_northern_finland,0,3,39900,2,2.5,full_time,education,education,education,education,education,full_time,full_time,full_time,full_time,full_time,part_time,full_time,full_time,single_no_child,single_no_child,single_no_child,single_no_child,single_no_child,single_no_child,partnered_no_child,partnered_no_child,partnered_no_child,partnered_no_child,partnered_no_child,partnered_no_child,partnered_no_child,parental_home,parental_home,parental_home,parental_home,renting,renting,renting,renting,renting,owner_occupied,owner_occupied,owner_occupied,owner_occupied
570,1991,male,high,3,southern_finland,0,3,45600,3,0.9,full_time,education,unemployed,education,education,education,full_time,full_time,full_time,full_time,full_time,full_time,full_time,full_time,single_no_child,single_no_child,single_no_child,single_no_child,single_no_child,single_no_child,single_no_child,single_no_child,partnered_no_child,partnered_no_child,partnered_no_child,partnered_no_child,partnered_no_child,renting,renting,renting,renting,renting,renting,renting,renting,renting,renting,renting,renting,renting
571,1994,female,medium,2,southern_finland,0,3,40300,3,7.7,full_time,education,education,education,full_time,full_time,full_time,full_time,inactive_care,inactive_care,part_time,part_time,full_time,full_time,single_no_child,single_no_child,single_no_child,single_no_child,single_no_child,partnered_no_child,partnered_no_child,partnered_no_child,partnered_no_child,partnered_no_child,single_no_child,single_no_child,single_no_child,parental_home,parental_home,parental_home,parental_home,parental_home,parental_home,parental_home,parental_home,parental_home,parental_home,parental_home,parental_home,parental_home
572,1994,male,medium,4,eastern_northern_finland,0,3,43300,3,10.3,full_time,education,education,education,education,full_time,part_time,full_time,full_time,full_time,full_time,full_time,education,full_time,single_no_child,single_no_child,single_no_child,single_no_child,partnered_no_child,partnered_no_child,partnered_no_child,partnered_no_child,partnered_no_child,partnered_with_child,partnered_with_child,partnered_with_child,partnered_with_child,renting,renting,renting,renting,renting,renting,owner_occupied,owner_occupied,owner_occupied,owner_occupied,owner_occupied,owner_occupied,owner_occupied
573,1992,female,medium,4,western_finland,0,4,26900,3,8.8,full_time,education,education,education,education,education,full_time,full_time,full_time,education,full_time,full_time,full_time,full_time,single_no_child,single_no_child,single_no_child,partnered_no_child,partnered_no_child,partnered_no_child,partnered_no_child,partnered_no_child,partnered_no_child,partnered_no_child,partnered_no_child,partnered_no_child,partnered_no_child,parental_home,parental_home,parental_home,parental_home,parental_home,parental_home,parental_home,other_temporary,other_temporary,other_temporary,other_temporary,other_temporary,owner_occupied
574,1994,male,low,2,southern_finland,0,3,36300,2,8.3,full_time,education,education,education,unemployed,unemployed,part_time,part_time,full_time,full_time,full_time,full_time,full_time,full_time,single_no_child,single_no_child,single_no_child,single_no_child,single_no_child,single_no_child,partnered_no_child,partnered_no_child,partnered_no_child,partnered_no_child,partnered_no_child,partnered_no_child,partnered_with_child,parental_home,parental_home,parental_home,parental_home,parental_home,parental_home,parental_home,parental_home,parental_home,renting,renting,renting,renting
575,1990,male,medium,4,southern_finland,0,4,33400,4,1.5,full_time,education,education,education,unemployed,unemployed,part_time,unemployed,full_time,full_time,full_time,full_time,full_time,full_time,single_no_child,single_no_child,single_no_child,single_no_child,single_no_child,single_no_child,partnered_no_child,partnered_no_child,partnered_no_child,partnered_no_child,partnered_no_child,partnered_no_child,partnered_no_child,parental_home,parental_home,parental_home,parental_home,parental_home,parental_home,parental_home,renting,renting,renting,owner_occupied,owner_occupied,owner_occupied
576,1994,male,medium,4,western_finland,0,3,48100,2,5.6,full_time,education,education,unemployed,full_time,full_time,full_time,full_time,full_time,part_time,full_time,full_time,full_time,full_time,single_no_child,single_no_child,single_no_child,single_no_child,single_no_child,single_no_child,single_no_child,single_no_child,single_no_child,single_no_child,single_parent,partnered_with_child,partnered_with_child,parental_home,parental_home,parental_home,parental_home,renting,renting,renting,renting,renting,renting,renting,renting,renting
577,1993,male,medium,3,eastern_northern_finland,0,3,47400,3,7.8,full_time,education,education,education,education,education,full_time,full_time,education,full_time,full_time,full_time,full_time,part_time,single_no_child,single_no_child,single_no_child,partnered_no_child,partnered_no_child,partnered_no_child,partnered_no_child,partnered_with_child,partnered_with_child,partnered_with_child,partnered_with_child,partnered_with_child,partnered_with_child,parental_home,parental_home,parental_home,parental_home,parental_home,parental_home,parental_home,parental_home,parental_home,parental_home,renting,renting,renting
578,1994,female,low,2,eastern_northern_finland,0,3,9000,1,7.1,unemployed,education,unemployed,unemployed,unemployed,part_time,unemployed,inactive_care,inactive_care,unemployed,part_time,unemployed,full_time,part_time,single_no_child,single_no_child,single_no_child,single_no_child,single_no_child,partnered_no_child,partnered_no_child,partnered_no_child,partnered_no_child,partnered_with_child,partnered_with_child,partnered_with_child,partnered_with_child,parental_home,parental_home,parental_home,parental_home,parental_home,parental_home,parental_home,renting,renting,renting,renting,owner_occupied,owner_occupied
579,1993,female,medium,3,southern_finland,0,4,28500,3,3.5,full_time,education,education,unemployed,part_time,full_time,unemployed,full_time,part_time,unemployed,full_time,part_time,full_time,full_time,single_no_child,single_no_child,single_no_child,partnered_no_child,partnered_no_child,partnered_no_child,partnered_no_child,partnered_no_child,partnered_no_child,partnered_no_child,partnered_no_child,partnered_no_child,partnered_with_child,parental_home,parental_home,parental_home,parental_home,parental_home,parental_home,renting,renting,renting,renting,renting,renting,renting
580,1993,female,high,4,western_finland,0,4,48900,4,4.8,full_time,education,education,education,education,education,full_time,full_time,full_time,full_time,full_time,full_time,full_time,full_time,single_no_child,single_no_child,single_no_child,single_no_child,single_no_child,single_no_child,single_no_child,single_no_child,single_parent,single_parent,single_parent,partnered_with_child,partnered_with_child,parental_home,parental_home,parental_home,parental_home,parental_home,parental_home,parental_home,parental_home,parental_home,renting,renting,renting,owner_occupied
581,1991,male,high,3,capital_region,1,3,32800,2,9.5,full_time,education,education,education,unemployed,unemployed,part_time,part_time,full_time,full_time,full_time,full_time,full_time,full_time,single_no_child,single_no_child,single_no_child,single_no_child,single_no_child,single_no_child,single_no_child,single_no_child,partnered_no_child,partnered_with_child,partnered_with_child,partnered_with_child,partnered_with_child,parental_home,parental_home,parental_home,parental_home,parental_home,parental_home,parental_home,renting,renting,renting,renting,owner_occupied,owner_occupied
582,1991,male,medium,4,capital_region,0,4,43400,4,7.7,full_time,education,education,education,education,unemployed,full_time,full_time,full_time,full_time,part_time,full_time,full_time,full_time,single_no_child,partnered_no_child,single_no_child,single_no_child,single_no_child,single_no_child,single_no_child,single_no_child,single_no_child,single_no_child,single_no_child,partnered_no_child,partnered_no_child,parental_home,renting,renting,renting,renting,renting,renting,renting,renting,renting,renting,renting,renting
583,1994,female,low,2,eastern_northern_finland,0,4,41200,3,7.8,full_time,education,education,unemployed,part_time,full_time,unemployed,full_time,full_time,unemployed,part_time,part_time,full_time,full_time,single_no_child,single_no_child,single_no_child,single_no_child,single_no_child,partnered_no_child,partnered_no_child,partnered_no_child,partnered_no_child,partnered_no_child,partnered_no_child,partnered_with_child,partnered_with_child,parental_home,parental_home,parental_home,parental_home,parental_home,parental_home,parental_home,parental_home,parental_home,parental_home,renting,renting,owner_occupied
584,1993,female,low,1,eastern_northern_finland,0,5,43800,5,2.8,full_time,education,full_time,full_time,full_time,full_time,full_time,full_time,full_time,full_time,full_time,inactive_care,full_time,full_time,single_no_child,single_no_child,single_no_child,single_no_child,single_no_child,single_no_child,single_no_child,partnered_no_child,partnered_no_child,single_no_child,single_no_child,partnered_no_child,partnered_no_child,parental_home,parental_home,parental_home,parental_home,parental_home,parental_home,parental_home,renting,renting,renting,renting,renting,renting
585,1994,male,high,2,western_finland,1,3,40600,3,13.2,full_time,education,education,education,education,education,part_time,full_time,full_time,full_time,full_time,unemployed,full_time,full_time,single_no_child,single_no_child,single_no_child,single_no_child,single_no_child,single_no_child,partnered_no_child,partnered_no_child,partnered_no_child,partnered_no_child,partnered_no_child,partnered_no_child,partnered_no_child,parental_home,parental_home,parental_home,parental_home,parental_home,parental_home,renting,renting,renting,renting,renting,renting,renting
586,1993,female,medium,3,capital_region,0,3,49600,2,10.6,full_time,education,education,unemployed,part_time,full_time,unemployed,full_time,part_time,unemployed,full_time,part_time,full_time,full_time,single_no_child,single_no_child,single_no_child,single_no_child,single_no_child,single_no_child,single_no_child,single_no_child,single_no_child,partnered_no_child,partnered_no_child,partnered_no_child,partnered_with_child,parental_home,parental_home,parental_home,parental_home,parental_home,parental_home,parental_home,parental_home,renting,renting,renting,renting,owner_occupied
587,1992,female,medium,2,eastern_northern_finland,0,5,28300,5,9.5,unemployed,education,education,education,unemployed,unemployed,part_time,part_time,full_time,full_time,full_time,full_time,full_time,full_time,single_no_child,single_no_child,single_no_child,single_no_child,single_no_child,single_no_child,single_no_child,single_no_child,single_no_child,single_no_child,single_no_child,single_no_child,partnered_no_child,parental_home,renting,renting,renting,renting,renting,renting,renting,renting,renting,renting,renting,renting
588,1994,female,low,2,western_finland,1,4,42100,4,3.3,full_time,education,education,education,full_time,full_time,full_time,full_time,inactive_care,inactive_care,part_time,part_time,full_time,full_time,single_no_child,single_no_child,single_no_child,single_no_child,single_no_child,single_no_child,single_no_child,single_no_child,single_no_child,partnered_no_child,partnered_with_child,partnered_with_child,partnered_with_child,parental_home,renting,renting,renting,renting,renting,renting,renting,renting,renting,renting,renting,renting
589,1994,female,low,3,eastern_northern_finland,0,3,24300,2,9.1,unemployed,education,education,unemployed,full_time,part_time,unemployed,full_time,part_time,unemployed,inactive_care,part_time,part_time,full_time,single_no_child,single_no_child,single_no_child,single_no_child,single_no_child,single_no_child,single_no_child,single_no_child,single_no_child,single_no_child,single_no_child,single_no_child,single_no_child,renting,renting,renting,renting,renting,renting,renting,renting,renting,renting,renting,renting,renting
590,1993,female,medium,3,capital_region,0,4,31200,5,7.8,full_time,education,education,education,unemployed,inactive_care,part_time,part_time,full_time,full_time,full_time,full_time,full_time,full_time,single_no_child,single_no_child,single_no_child,partnered_no_child,partnered_no_child,partnered_with_child,partnered_with_child,partnered_with_child,single_parent,single_parent,single_parent,single_parent,single_parent,renting,renting,renting,renting,renting,renting,renting,renting,renting,renting,renting,renting,renting
591,1992,male,medium,3,capital_region,0,5,34200,5,7.9,inactive_care,education,education,inactive_care,part_time,full_time,unemployed,full_time,part_time,unemployed,full_time,part_time,full_time,inactive_care,single_no_child,single_no_child,single_no_child,single_no_child,single_parent,single_parent,single_parent,single_parent,single_parent,single_parent,single_parent,single_parent,partnered_with_child,parental_home,parental_home,parental_home,parental_home,parental_home,renting,renting,renting,renting,owner_occupied,owner_occupied,owner_occupied,owner_occupied
592,1994,female,high,4,capital_region,0,3,39100,2,5.0,full_time,education,inactive_care,full_time,full_time,full_time,full_time,full_time,full_time,full_time,full_time,full_time,full_time,full_time,single_no_child,single_no_child,single_no_child,single_no_child,single_no_child,single_no_child,single_no_child,partnered_no_child,partnered_no_child,partnered_with_child,partnered_with_child,partnered_with_child,partnered_with_child,renting,renting,renting,renting,renting,renting,owner_occupied,owner_occupied,owner_occupied,owner_occupied,owner_occupied,owner_occupied,owner_occupied
593,1992,female,low,1,western_finland,0,3,44400,3,9.9,full_time,education,education,full_time,full_time,full_time,part_time,full_time,full_time,full_time,full_time,full_time,full_time,full_time,single_no_child,single_no_child,single_no_child,single_no_child,single_no_child,single_no_child,single_no_child,single_no_child,single_no_child,single_no_child,single_no_child,single_no_child,partnered_no_child,parental_home,parental_home,parental_home,parental_home,parental_home,parental_home,renting,renting,renting,renting,renting,renting,renting
594,1992,female,high,4,western_finland,0,4,68900,5,9.7,full_time,education,education,education,education,education,full_time,full_time,full_time,full_time,full_time,part_time,unemployed,full_time,single_no_child,single_no_child,single_no_child,single_no_child,single_no_child,single_no_child,single_no_child,single_no_child,single_no_child,single_no_child,partnered_no_child,partnered_with_child,partnered_with_child,parental_home,parental_home,parental_home,parental_home,parental_home,parental_home,parental_home,parental_home,parental_home,renting,renting,renting,renting
595,1994,female,medium,1,capital_region,0,3,26600,2,8.5,full_time,education,education,education,unemployed,unemployed,part_time,part_time,full_time,full_time,full_time,full_time,full_time,full_time,single_no_child,single_no_child,single_no_child,single_no_child,single_no_child,single_no_child,partnered_with_child,partnered_with_child,partnered_with_child,partnered_with_child,partnered_with_child,partnered_with_child,partnered_with_child,parental_home,parental_home,parental_home,parental_home,parental_home,parental_home,parental_home,parental_home,other_temporary,other_temporary,renting,renting,renting
596,1992,male,high,3,capital_region,0,4,59700,4,1.8,full_time,education,education,full_time,full_time,full_time,full_time,full_time,full_time,full_time,full_time,full_time,full_time,full_time,single_no_child,single_no_child,single_no_child,single_no_child,single_no_child,partnered_no_child,partnered_no_child,partnered_no_child,partnered_no_child,partnered_no_child,partnered_no_child,partnered_no_child,partnered_no_child,parental_home,renting,renting,renting,renting,renting,renting,renting,renting,renting,renting,renting,renting
597,1990,female,medium,2,capital_region,1,4,18100,3,9.4,full_time,education,unemployed,unemployed,unemployed,part_time,unemployed,unemployed,inactive_care,full_time,part_time,unemployed,full_time,part_time,single_no_child,single_no_child,single_no_child,single_no_child,single_no_child,single_no_child,single_no_child,partnered_no_child,partnered_no_child,partnered_with_child,partnered_with_child,partnered_with_child,partnered_with_child,parental_home,parental_home,parental_home,parental_home,parental_home,parental_home,parental_home,parental_home,renting,renting,renting,renting,renting
598,1992,female,high,2,capital_region,0,2,48800,3,9.9,full_time,unemployed,education,full_time,full_time,full_time,full_time,full_time,full_time,full_time,full_time,full_time,full_time,inactive_care,single_no_child,single_no_child,single_no_child,single_no_child,single_no_child,single_no_child,single_no_child,single_no_child,single_no_child,single_no_child,single_no_child,single_no_child,single_no_child,parental_home,parental_home,parental_home,parental_home,parental_home,parental_home,parental_home,parental_home,parental_home,parental_home,renting,renting,renting
599,1991,female,medium,2,western_finland,0,3,18400,2,7.0,full_time,unemployed,full_time,unemployed,part_time,full_time,unemployed,full_time,part_time,unemployed,full_time,part_time,full_time,full_time,single_no_child,partnered_no_child,partnered_no_child,partnered_no_child,partnered_no_child,partnered_no_child,partnered_no_child,partnered_no_child,partnered_no_child,partnered_no_child,partnered_no_child,partnered_no_child,partnered_no_child,parental_home,parental_home,parental_home,parental_home,parental_home,renting,owner_occupied,owner_occupied,owner_occupied,owner_occupied,owner_occupied,owner_occupied,owner_occupied
600,1992,male,high,4,capital_region,0,4,60300,5,3.0,full_time,education,education,full_time,unemployed,full_time,full_time,full_time,full_time,full_time,full_time,full_time,full_time,full_time,single_no_child,single_no_child,single_no_child,single_no_child,single_no_child,single_no_child,single_no_child,single_no_child,single_no_child,single_no_child,single_no_child,single_parent,single_parent,parental_home,parental_home,parental_home,parental_home,parental_home,renting,renting,renting,renting,renting,renting,renting,renting
601,1993,male,medium,4,capital_region,0,4,38300,3,17.1,unemployed,part_time,unemployed,unemployed,unemployed,unemployed,unemployed,unemployed,inactive_care,inactive_care,part_time,unemployed,full_time,part_time,single_no_child,single_no_child,single_no_child,single_no_child,single_no_child,single_no_child,single_no_child,single_no_child,single_no_child,partnered_no_child,partnered_no_child,partnered_no_child,partnered_no_child,parental_home,parental_home,parental_home,parental_home,parental_home,parental_home,renting,renting,renting,renting,renting,renting,renting
602,1993,female,medium,3,eastern_northern_finland,0,3,39300,2,2.2,full_time,education,education,education,education,education,part_time,full_time,full_time,full_time,full_time,full_time,full_time,full_time,single_no_child,single_no_child,single_no_child,single_no_child,single_no_child,single_no_child,partnered_no_child,partnered_no_child,partnered_no_child,partnered_with_child,partnered_with_child,partnered_with_child,partnered_with_child,parental_home,parental_home,renting,renting,renting,renting,renting,renting,renting,renting,renting,renting,renting
603,1991,female,medium,2,capital_region,0,3,64000,4,8.4,full_time,education,education,full_time,full_time,full_time,full_time,full_time,full_time,full_time,part_time,full_time,full_time,full_time,single_no_child,single_no_child,single_no_child,single_no_child,single_no_child,single_no_child,single_no_child,single_no_child,single_no_child,partnered_with_child,partnered_with_child,partnered_with_child,partnered_with_child,parental_home,parental_home,parental_home,parental_home,parental_home,parental_home,parental_home,parental_home,parental_home,other_temporary,other_temporary,other_temporary,other_temporary
604,1990,male,medium,3,capital_region,0,5,49200,5,3.9,full_time,education,education,education,full_time,full_time,full_time,full_time,inactive_care,inactive_care,part_time,part_time,inactive_care,full_time,single_no_child,single_no_child,single_no_child,single_no_child,single_no_child,single_no_child,single_no_child,single_no_child,single_no_child,single_no_child,single_no_child,single_no_child,single_no_child,parental_home,parental_home,parental_home,parental_home,parental_home,parental_home,parental_home,parental_home,parental_home,parental_home,parental_home,parental_home,parental_home
605,1990,male,low,3,southern_finland,0,3,60100,3,10.6,full_time,unemployed,full_time,full_time,full_time,full_time,full_time,full_time,full_time,full_time,full_time,full_time,full_time,full_time,single_no_child,single_no_child,single_no_child,single_no_child,single_no_child,single_no_child,single_parent,single_parent,single_parent,single_parent,single_parent,partnered_with_child,partnered_with_child,parental_home,parental_home,parental_home,parental_home,parental_home,parental_home,parental_home,parental_home,renting,renting,renting,renting,renting
606,1992,female,medium,2,western_finland,0,4,44600,4,4.9,full_time,education,education,education,education,unemployed,full_time,full_time,full_time,inactive_care,full_time,full_time,full_time,full_time,single_no_child,single_no_child,single_no_child,single_no_child,single_no_child,single_no_child,single_no_child,single_no_child,single_no_child,single_no_child,single_no_child,single_no_child,partnered_no_child,renting,renting,renting,renting,renting,renting,renting,renting,renting,renting,renting,renting,renting
607,1993,female,high,5,western_finland,0,4,49500,5,2.3,full_time,education,education,education,full_time,full_time,full_time,full_time,inactive_care,inactive_care,part_time,part_time,full_time,full_time,single_no_child,single_no_child,single_no_child,single_no_child,single_no_child,single_no_child,single_no_child,single_no_child,single_no_child,single_no_child,single_no_child,single_no_child,partnered_no_child,parental_home,parental_home,parental_home,renting,renting,renting,renting,renting,renting,renting,renting,renting,renting
608,1992,male,low,2,eastern_northern_finland,0,4,46800,3,7.6,full_time,education,unemployed,education,education,education,full_time,part_time,full_time,full_time,full_time,full_time,full_time,full_time,single_no_child,single_no_child,single_no_child,single_no_child,single_no_child,single_no_child,single_parent,single_parent,single_parent,single_parent,single_parent,single_parent,single_parent,parental_home,parental_home,parental_home,parental_home,parental_home,parental_home,parental_home,renting,renting,renting,renting,renting,renting
609,1994,male,low,2,capital_region,1,4,26800,3,3.4,full_time,education,education,education,education,education,full_time,full_time,full_time,full_time,full_time,full_time,full_time,full_time,single_no_child,single_no_child,single_no_child,partnered_no_child,partnered_no_child,partnered_no_child,partnered_with_child,partnered_with_child,partnered_with_child,partnered_with_child,partnered_with_child,partnered_with_child,partnered_with_child,other_temporary,renting,renting,renting,renting,renting,renting,renting,renting,renting,renting,renting,renting
610,1993,female,medium,3,capital_region,0,3,48400,3,0.0,full_time,full_time,education,education,education,education,full_time,part_time,full_time,full_time,full_time,full_time,full_time,full_time,single_no_child,single_no_child,single_no_child,single_no_child,single_no_child,partnered_no_child,partnered_no_child,single_no_child,single_no_child,single_no_child,single_no_child,single_no_child,partnered_with_child,parental_home,parental_home,parental_home,parental_home,parental_home,parental_home,parental_home,parental_home,parental_home,parental_home,renting,renting,renting
611,1994,female,medium,2,western_finland,0,4,33900,3,7.2,full_time,education,education,education,education,education,full_time,full_time,full_time,full_time,full_time,full_time,full_time,part_time,single_no_child,single_no_child,single_no_child,partnered_no_child,partnered_no_child,partnered_no_child,partnered_no_child,partnered_no_child,partnered_no_child,partnered_no_child,partnered_no_child,partnered_no_child,partnered_no_child,renting,renting,renting,renting,renting,renting,renting,renting,renting,renting,owner_occupied,owner_occupied,owner_occupied
612,1994,female,high,3,western_finland,1,5,43200,5,4.9,full_time,education,education,education,education,education,full_time,full_time,full_time,full_time,full_time,full_time,part_time,full_time,single_no_child,single_no_child,single_no_child,single_no_child,single_no_child,single_no_child,single_no_child,partnered_no_child,partnered_no_child,partnered_no_child,partnered_with_child,partnered_with_child,partnered_with_child,other_temporary,other_temporary,other_temporary,renting,renting,renting,owner_occupied,owner_occupied,owner_occupied,owner_occupied,owner_occupied,owner_occupied,owner_occupied
613,1994,female,medium,3,southern_finland,0,4,35400,3,8.5,full_time,unemployed,education,education,education,part_time,full_time,full_time,full_time,full_time,full_time,full_time,full_time,full_time,single_no_child,single_no_child,single_no_child,single_no_child,single_no_child,single_no_child,single_no_child,single_no_child,single_no_child,single_no_child,single_no_child,single_no_child,single_no_child,parental_home,parental_home,parental_home,parental_home,renting,renting,renting,renting,renting,renting,renting,renting,renting
614,1990,female,high,4,eastern_northern_finland,0,4,58800,4,8.3,full_time,education,education,education,education,education,full_time,full_time,full_time,full_time,full_time,full_time,full_time,full_time,single_no_child,single_no_child,single_no_child,single_parent,single_parent,single_parent,single_parent,single_parent,single_parent,single_parent,single_parent,single_parent,single_parent,parental_home,parental_home,parental_home,parental_home,parental_home,renting,renting,renting,renting,renting,renting,renting,renting
615,1992,male,medium,3,western_finland,0,4,33300,5,8.3,full_time,education,education,education,unemployed,unemployed,part_time,part_time,full_time,full_time,full_time,full_time,full_time,education,single_no_child,single_no_child,single_no_child,single_no_child,single_no_child,single_parent,single_parent,single_parent,single_parent,single_parent,partnered_with_child,partnered_with_child,single_parent,parental_home,parental_home,parental_home,parental_home,parental_home,parental_home,renting,renting,renting,renting,renting,renting,renting
616,1994,female,high,2,capital_region,0,3,32200,2,9.9,inactive_care,education,education,unemployed,part_time,full_time,unemployed,full_time,part_time,unemployed,full_time,part_time,full_time,inactive_care,single_no_child,single_no_child,single_no_child,single_no_child,single_no_child,single_no_child,single_no_child,single_no_child,single_no_child,single_no_child,single_parent,single_parent,single_parent,parental_home,parental_home,parental_home,parental_home,parental_home,parental_home,parental_home,parental_home,renting,renting,renting,renting,renting
617,1994,female,high,5,southern_finland,0,3,68800,2,6.7,full_time,education,education,education,education,education,full_time,full_time,full_time,full_time,part_time,full_time,full_time,full_time,single_no_child,single_no_child,single_no_child,single_no_child,single_no_child,single_no_child,single_no_child,single_no_child,single_no_child,single_no_child,single_no_child,single_no_child,single_no_child,parental_home,parental_home,renting,renting,renting,renting,owner_occupied,owner_occupied,owner_occupied,owner_occupied,owner_occupied,owner_occupied,owner_occupied
618,1991,female,high,3,capital_region,0,4,59500,5,2.4,full_time,education,education,education,education,education,part_time,part_time,full_time,full_time,full_time,full_time,full_time,full_time,single_no_child,single_no_child,single_no_child,single_no_child,partnered_no_child,partnered_no_child,partnered_with_child,partnered_with_child,partnered_with_child,partnered_with_child,partnered_with_child,partnered_with_child,partnered_with_child,other_temporary,other_temporary,renting,renting,renting,renting,renting,renting,renting,renting,renting,renting,owner_occupied
619,1994,male,medium,3,eastern_northern_finland,0,4,20100,3,4.8,full_time,education,education,unemployed,part_time,full_time,unemployed,full_time,part_time,unemployed,full_time,part_time,full_time,full_time,single_no_child,single_no_child,single_no_child,single_no_child,single_no_child,single_no_child,single_no_child,single_no_child,single_no_child,single_no_child,single_no_child,single_no_child,single_no_child,parental_home,renting,renting,renting,renting,renting,renting,renting,renting,renting,renting,renting,renting
620,1990,male,medium,3,western_finland,0,5,45100,5,7.5,full_time,education,education,full_time,part_time,full_time,full_time,full_time,education,full_time,full_time,unemployed,full_time,full_time,single_no_child,single_no_child,single_no_child,single_no_child,single_no_child,single_no_child,single_no_child,single_parent,single_parent,single_parent,single_parent,partnered_with_child,partnered_with_child,parental_home,parental_home,parental_home,parental_home,parental_home,parental_home,renting,renting,renting,renting,renting,renting,renting
621,1991,male,low,3,southern_finland,0,4,49700,3,4.9,full_time,education,education,full_time,full_time,unemployed,full_time,full_time,full_time,full_time,full_time,full_time,full_time,full_time,single_no_child,single_no_child,single_no_child,single_no_child,single_no_child,single_no_child,single_no_child,single_no_child,single_no_child,single_no_child,single_parent,single_parent,single_parent,parental_home,parental_home,renting,renting,renting,renting,renting,renting,renting,renting,owner_occupied,owner_occupied,owner_occupied
622,1991,male,medium,4,southern_finland,0,5,47500,5,0.0,full_time,education,education,full_time,full_time,unemployed,full_time,full_time,full_time,full_time,full_time,full_time,full_time,full_time,partnered_no_child,partnered_no_child,partnered_no_child,partnered_no_child,partnered_no_child,partnered_no_child,partnered_no_child,partnered_no_child,partnered_no_child,partnered_no_child,partnered_no_child,partnered_no_child,partnered_with_child,other_temporary,other_temporary,renting,renting,renting,renting,renting,renting,renting,renting,renting,renting,renting
623,1994,female,medium,1,capital_region,0,3,33600,2,1.6,full_time,education,education,education,unemployed,unemployed,part_time,part_time,full_time,inactive_care,full_time,full_time,full_time,full_time,single_no_child,single_no_child,partnered_no_child,partnered_no_child,partnered_no_child,partnered_no_child,partnered_no_child,partnered_no_child,partnered_no_child,partnered_no_child,partnered_no_child,partnered_no_child,partnered_no_child,parental_home,parental_home,parental_home,parental_home,renting,renting,renting,renting,renting,renting,renting,renting,renting
624,1993,male,low,3,southern_finland,0,2,47600,1,12.4,full_time,education,education,full_time,full_time,full_time,full_time,full_time,full_time,full_time,full_time,full_time,full_time,full_time,single_no_child,single_no_child,single_no_child,single_no_child,single_no_child,partnered_no_child,partnered_no_child,partnered_no_child,partnered_no_child,partnered_no_child,partnered_no_child,single_parent,single_parent,parental_home,parental_home,parental_home,parental_home,parental_home,parental_home,renting,renting,renting,renting,owner_occupied,owner_occupied,owner_occupied
625,1993,male,medium,4,capital_region,0,5,50600,5,5.6,full_time,education,education,education,education,education,full_time,full_time,full_time,full_time,full_time,full_time,full_time,full_time,single_no_child,single_no_child,single_no_child,single_no_child,single_no_child,partnered_no_child,partnered_no_child,partnered_no_child,partnered_no_child,partnered_no_child,partnered_no_child,partnered_no_child,partnered_no_child,parental_home,parental_home,parental_home,renting,renting,renting,renting,renting,renting,renting,renting,renting,renting
626,1990,male,medium,3,eastern_northern_finland,0,3,46600,3,9.1,full_time,education,education,full_time,full_time,full_time,full_time,full_time,unemployed,full_time,inactive_care,full_time,full_time,full_time,single_no_child,single_no_child,single_no_child,single_no_child,single_no_child,single_no_child,single_no_child,single_no_child,single_no_child,single_no_child,single_no_child,partnered_no_child,partnered_no_child,parental_home,parental_home,parental_home,parental_home,parental_home,parental_home,parental_home,parental_home,parental_home,parental_home,parental_home,parental_home,other_temporary
627,1990,male,medium,4,southern_finland,0,3,53300,3,2.3,full_time,education,education,education,education,education,full_time,full_time,full_time,full_time,full_time,full_time,full_time,full_time,single_no_child,single_no_child,single_no_child,single_no_child,single_no_child,single_no_child,single_no_child,single_no_child,single_no_child,single_no_child,partnered_with_child,partnered_with_child,partnered_with_child,parental_home,parental_home,parental_home,parental_home,parental_home,parental_home,renting,renting,renting,renting,renting,renting,renting
628,1994,male,medium,3,eastern_northern_finland,0,3,34900,3,11.6,full_time,inactive_care,education,unemployed,part_time,full_time,unemployed,part_time,part_time,unemployed,full_time,part_time,full_time,full_time,single_no_child,single_no_child,partnered_no_child,partnered_no_child,partnered_no_child,partnered_no_child,partnered_no_child,partnered_no_child,partnered_with_child,partnered_with_child,partnered_with_child,partnered_with_child,partnered_with_child,parental_home,parental_home,parental_home,parental_home,parental_home,parental_home,parental_home,parental_home,parental_home,parental_home,renting,renting,renting
629,1994,male,high,3,western_finland,0,3,35200,3,8.7,full_time,education,education,education,unemployed,unemployed,part_time,part_time,full_time,full_time,full_time,full_time,full_time,full_time,single_no_child,single_no_child,single_no_child,single_no_child,single_no_child,single_no_child,single_no_child,partnered_no_child,partnered_no_child,partnered_no_child,partnered_no_child,partnered_no_child,partnered_no_child,renting,renting,renting,renting,renting,renting,renting,renting,renting,renting,owner_occupied,owner_occupied,owner_occupied
630,1993,male,low,2,southern_finland,1,4,43100,3,9.4,full_time,education,education,education,full_time,full_time,full_time,full_time,inactive_care,inactive_care,part_time,unemployed,full_time,full_time,single_no_child,partnered_no_child,partnered_no_child,partnered_with_child,partnered_with_child,partnered_with_child,partnered_with_child,partnered_with_child,partnered_with_child,partnered_with_child,partnered_with_child,partnered_with_child,partnered_with_child,renting,renting,renting,renting,renting,renting,renting,renting,renting,renting,renting,renting,renting
631,1990,female,high,2,capital_region,0,3,36900,2,11.7,full_time,education,unemployed,unemployed,part_time,part_time,inactive_care,unemployed,inactive_care,unemployed,part_time,unemployed,full_time,inactive_care,single_no_child,single_no_child,single_no_child,single_no_child,single_no_child,single_no_child,single_no_child,partnered_no_child,partnered_no_child,partnered_no_child,partnered_no_child,partnered_no_child,partnered_with_child,parental_home,parental_home,parental_home,parental_home,parental_home,renting,renting,renting,renting,owner_occupied,owner_occupied,owner_occupied,owner_occupied
632,1994,female,medium,2,capital_region,0,3,35400,2,13.7,part_time,education,unemployed,unemployed,part_time,part_time,unemployed,unemployed,inactive_care,inactive_care,part_time,full_time,full_time,part_time,single_no_child,single_no_child,partnered_no_child,single_no_child,single_no_child,single_no_child,single_no_child,single_parent,single_parent,single_parent,partnered_with_child,partnered_with_child,partnered_with_child,parental_home,parental_home,parental_home,parental_home,parental_home,parental_home,parental_home,other_temporary,renting,renting,renting,renting,renting
633,1993,male,medium,4,eastern_northern_finland,1,4,42400,4,7.6,full_time,education,part_time,education,unemployed,unemployed,part_time,part_time,full_time,full_time,full_time,full_time,full_time,full_time,single_no_child,single_no_child,single_no_child,single_no_child,single_no_child,partnered_no_child,partnered_no_child,partnered_no_child,partnered_no_child,partnered_no_child,partnered_no_child,partnered_no_child,partnered_no_child,parental_home,parental_home,parental_home,parental_home,parental_home,parental_home,renting,renting,renting,renting,renting,renting,renting
634,1994,female,medium,3,southern_finland,0,5,52900,5,5.4,full_time,education,education,education,unemployed,full_time,part_time,part_time,full_time,full_time,full_time,full_time,full_time,full_time,single_no_child,single_no_child,single_no_child,single_no_child,single_no_child,single_no_child,single_no_child,single_no_child,single_no_child,single_no_child,partnered_with_child,partnered_with_child,partnered_with_child,parental_home,parental_home,parental_home,parental_home,renting,renting,renting,renting,renting,owner_occupied,owner_occupied,owner_occupied,owner_occupied
635,1991,female,medium,4,capital_region,0,4,39400,2,8.1,part_time,education,unemployed,unemployed,unemployed,part_time,unemployed,unemployed,inactive_care,unemployed,part_time,unemployed,full_time,part_time,single_no_child,partnered_no_child,partnered_no_child,partnered_no_child,partnered_no_child,partnered_no_child,partnered_no_child,partnered_no_child,partnered_no_child,partnered_no_child,partnered_no_child,partnered_no_child,partnered_with_child,renting,renting,renting,renting,renting,renting,renting,renting,renting,renting,renting,renting,renting
636,1991,female,low,3,southern_finland,0,4,32900,4,10.5,full_time,education,education,education,unemployed,unemployed,part_time,unemployed,full_time,full_time,inactive_care,full_time,full_time,full_time,single_no_child,single_no_child,single_no_child,single_no_child,single_no_child,single_no_child,partnered_no_child,partnered_with_child,partnered_with_child,partnered_with_child,partnered_with_child,partnered_with_child,partnered_with_child,renting,renting,renting,renting,renting,renting,renting,renting,renting,renting,renting,renting,renting
637,1992,male,medium,2,western_finland,0,5,30700,5,4.9,full_time,education,part_time,unemployed,part_time,inactive_care,unemployed,full_time,part_time,unemployed,full_time,part_time,full_time,full_time,single_no_child,single_no_child,single_no_child,single_no_child,single_no_child,single_no_child,single_no_child,single_no_child,single_no_child,single_no_child,single_no_child,single_no_child,single_no_child,parental_home,parental_home,parental_home,parental_home,renting,renting,renting,renting,renting,renting,renting,renting,renting
638,1992,male,low,2,eastern_northern_finland,1,3,44000,3,10.8,full_time,education,education,full_time,part_time,full_time,unemployed,full_time,part_time,unemployed,full_time,part_time,full_time,full_time,single_no_child,single_no_child,single_no_child,single_no_child,single_no_child,single_no_child,single_no_child,single_no_child,single_no_child,single_no_child,single_no_child,single_no_child,single_no_child,parental_home,parental_home,parental_home,parental_home,parental_home,renting,renting,renting,renting,renting,renting,renting,renting
639,1994,female,high,4,southern_finland,0,4,52000,4,4.9,full_time,education,education,education,education,part_time,full_time,full_time,full_time,full_time,full_time,full_time,full_time,unemployed,single_no_child,single_no_child,single_no_child,single_no_child,single_no_child,single_parent,single_parent,partnered_with_child,partnered_with_child,partnered_with_child,partnered_with_child,partnered_with_child,partnered_with_child,renting,renting,renting,renting,renting,renting,renting,renting,renting,renting,renting,renting,renting
640,1991,male,high,3,eastern_northern_finland,0,3,48400,4,6.6,full_time,education,education,education,education,education,full_time,full_time,full_time,full_time,full_time,full_time,full_time,full_time,single_no_child,single_no_child,single_no_child,single_no_child,single_no_child,single_no_child,single_no_child,single_no_child,single_no_child,single_no_child,single_parent,single_parent,single_parent,parental_home,parental_home,parental_home,parental_home,parental_home,parental_home,parental_home,renting,owner_occupied,owner_occupied,owner_occupied,owner_occupied,owner_occupied
641,1993,female,medium,2,eastern_northern_finland,0,5,39600,4,12.9,full_time,education,education,unemployed,part_time,full_time,unemployed,full_time,part_time,unemployed,full_time,part_time,full_time,full_time,single_no_child,single_no_child,single_no_child,single_no_child,single_parent,single_parent,single_parent,single_parent,single_parent,single_parent,single_parent,single_parent,single_parent,renting,renting,renting,renting,renting,renting,renting,renting,renting,renting,renting,renting,renting
642,1991,male,high,2,western_finland,0,3,42300,3,4.4,full_time,education,education,education,education,education,full_time,full_time,full_time,full_time,full_time,full_time,full_time,unemployed,single_no_child,single_no_child,partnered_no_child,partnered_no_child,partnered_no_child,partnered_no_child,partnered_no_child,partnered_no_child,partnered_no_child,partnered_with_child,single_parent,single_parent,single_parent,parental_home,parental_home,parental_home,parental_home,parental_home,renting,renting,renting,renting,renting,renting,renting,renting
643,1990,male,low,1,eastern_northern_finland,0,4,9000,2,8.8,unemployed,education,unemployed,unemployed,unemployed,part_time,unemployed,unemployed,inactive_care,unemployed,part_time,unemployed,full_time,part_time,single_no_child,single_no_child,single_no_child,single_no_child,single_no_child,partnered_no_child,partnered_no_child,partnered_no_child,partnered_no_child,partnered_no_child,partnered_no_child,partnered_no_child,single_no_child,parental_home,parental_home,parental_home,parental_home,renting,renting,renting,renting,renting,renting,renting,renting,renting
644,1993,male,medium,2,capital_region,0,3,20200,2,5.4,full_time,education,unemployed,unemployed,part_time,full_time,unemployed,full_time,part_time,unemployed,full_time,part_time,full_time,full_time,single_no_child,single_no_child,single_no_child,single_no_child,single_no_child,single_no_child,partnered_no_child,partnered_no_child,partnered_no_child,partnered_no_child,partnered_no_child,partnered_no_child,partnered_no_child,renting,renting,renting,renting,renting,renting,renting,renting,renting,renting,renting,renting,renting
645,1994,female,medium,2,capital_region,0,5,52200,5,6.0,full_time,education,education,full_time,full_time,full_time,full_time,full_time,part_time,full_time,full_time,full_time,full_time,full_time,single_no_child,single_no_child,single_no_child,single_no_child,single_parent,single_parent,single_parent,single_parent,single_parent,single_parent,single_parent,single_parent,partnered_with_child,parental_home,parental_home,parental_home,parental_home,parental_home,parental_home,renting,renting,renting,renting,renting,renting,renting
646,1992,female,medium,3,capital_region,0,3,27300,2,6.5,full_time,education,full_time,education,full_time,full_time,full_time,full_time,inactive_care,inactive_care,part_time,part_time,full_time,full_time,single_no_child,partnered_no_child,partnered_no_child,partnered_no_child,partnered_no_child,partnered_no_child,partnered_no_child,partnered_no_child,partnered_no_child,partnered_no_child,partnered_no_child,partnered_with_child,partnered_with_child,parental_home,parental_home,parental_home,parental_home,parental_home,parental_home,other_temporary,other_temporary,other_temporary,other_temporary,renting,renting,renting
647,1991,female,low,3,capital_region,0,4,49300,4,3.3,full_time,education,education,unemployed,part_time,full_time,unemployed,full_time,unemployed,unemployed,full_time,full_time,full_time,full_time,single_no_child,single_no_child,partnered_no_child,partnered_no_child,partnered_no_child,partnered_no_child,partnered_no_child,partnered_no_child,partnered_with_child,partnered_with_child,partnered_with_child,partnered_with_child,partnered_with_child,parental_home,parental_home,parental_home,renting,renting,renting,renting,renting,renting,renting,renting,renting,renting
648,1990,male,medium,1,southern_finland,0,3,37500,2,10.9,full_time,full_time,education,education,unemployed,unemployed,part_time,unemployed,full_time,full_time,full_time,full_time,full_time,full_time,single_no_child,single_no_child,single_no_child,single_no_child,single_no_child,single_no_child,partnered_no_child,partnered_no_child,partnered_no_child,partnered_no_child,partnered_with_child,partnered_with_child,partnered_with_child,parental_home,parental_home,parental_home,renting,renting,renting,renting,renting,renting,renting,renting,renting,renting
649,1992,female,medium,1,capital_region,0,5,38300,3,7.0,full_time,education,education,education,full_time,education,full_time,full_time,full_time,full_time,full_time,part_time,full_time,full_time,single_no_child,single_no_child,single_no_child,partnered_with_child,partnered_with_child,partnered_with_child,partnered_with_child,partnered_with_child,single_parent,partnered_with_child,partnered_with_child,partnered_with_child,partnered_with_child,parental_home,parental_home,parental_home,parental_home,parental_home,parental_home,parental_home,parental_home,parental_home,renting,renting,renting,renting
650,1992,female,high,4,western_finland,0,3,67600,2,0.7,full_time,education,education,full_time,full_time,full_time,full_time,full_time,full_time,full_time,full_time,full_time,full_time,full_time,single_no_child,single_no_child,single_no_child,single_no_child,single_no_child,single_no_child,single_no_child,single_no_child,single_no_child,single_no_child,single_parent,single_parent,single_parent,parental_home,parental_home,parental_home,parental_home,renting,renting,renting,renting,renting,renting,renting,renting,renting
651,1991,female,medium,2,southern_finland,0,4,35400,3,10.5,full_time,education,education,unemployed,part_time,inactive_care,full_time,full_time,part_time,unemployed,full_time,part_time,full_time,full_time,single_no_child,single_no_child,single_no_child,partnered_no_child,partnered_no_child,partnered_no_child,partnered_with_child,partnered_with_child,partnered_with_child,partnered_with_child,partnered_with_child,partnered_with_child,partnered_with_child,renting,renting,renting,renting,renting,renting,renting,renting,other_temporary,renting,renting,renting,renting
652,1994,male,high,3,capital_region,0,3,53400,4,4.4,full_time,education,education,part_time,part_time,full_time,full_time,full_time,full_time,full_time,full_time,full_time,full_time,inactive_care,single_no_child,single_no_child,single_no_child,single_no_child,partnered_no_child,partnered_with_child,partnered_with_child,partnered_with_child,partnered_with_child,partnered_with_child,partnered_with_child,partnered_with_child,partnered_with_child,renting,renting,renting,renting,renting,renting,renting,renting,renting,renting,renting,renting,renting
653,1993,female,medium,3,capital_region,0,4,57800,5,5.2,full_time,education,education,education,part_time,full_time,full_time,full_time,inactive_care,inactive_care,part_time,full_time,part_time,full_time,single_no_child,single_no_child,single_no_child,partnered_no_child,partnered_no_child,partnered_no_child,partnered_no_child,partnered_no_child,partnered_no_child,partnered_no_child,partnered_no_child,partnered_no_child,partnered_no_child,parental_home,parental_home,parental_home,parental_home,parental_home,parental_home,other_temporary,other_temporary,other_temporary,other_temporary,other_temporary,renting,renting
654,1994,male,low,2,western_finland,0,2,19500,1,10.6,full_time,unemployed,unemployed,unemployed,unemployed,part_time,unemployed,unemployed,inactive_care,unemployed,full_time,unemployed,full_time,part_time,single_no_child,single_no_child,partnered_no_child,partnered_no_child,partnered_no_child,partnered_no_child,partnered_no_child,partnered_no_child,partnered_no_child,partnered_no_child,partnered_no_child,partnered_no_child,partnered_no_child,parental_home,parental_home,parental_home,parental_home,renting,renting,renting,renting,renting,renting,renting,renting,renting
655,1992,male,medium,3,eastern_northern_finland,0,4,32800,3,9.8,full_time,education,education,education,unemployed,education,full_time,full_time,full_time,full_time,full_time,full_time,full_time,part_time,single_no_child,single_no_child,single_no_child,single_no_child,single_no_child,single_no_child,single_no_child,single_no_child,single_no_child,single_no_child,single_no_child,partnered_with_child,partnered_with_child,parental_home,parental_home,other_temporary,other_temporary,renting,renting,renting,renting,renting,renting,renting,renting,renting
656,1991,female,medium,1,western_finland,0,4,51300,5,6.7,full_time,part_time,education,education,education,education,full_time,full_time,full_time,full_time,full_time,full_time,full_time,full_time,single_no_child,single_no_child,single_no_child,single_no_child,single_no_child,single_no_child,single_no_child,partnered_no_child,partnered_no_child,partnered_no_child,partnered_no_child,partnered_no_child,partnered_no_child,renting,renting,renting,renting,renting,renting,renting,renting,renting,renting,renting,renting,renting
657,1991,male,medium,4,western_finland,0,4,24900,4,11.5,unemployed,education,part_time,unemployed,part_time,full_time,unemployed,full_time,part_time,unemployed,full_time,part_time,unemployed,full_time,single_no_child,partnered_no_child,partnered_no_child,partnered_no_child,partnered_no_child,partnered_no_child,partnered_no_child,partnered_no_child,partnered_no_child,partnered_no_child,partnered_no_child,partnered_no_child,single_no_child,parental_home,parental_home,parental_home,parental_home,parental_home,parental_home,parental_home,parental_home,parental_home,parental_home,renting,renting,renting
658,1993,female,medium,3,capital_region,0,4,51200,4,9.1,full_time,education,education,education,full_time,full_time,full_time,full_time,part_time,inactive_care,part_time,part_time,full_time,full_time,single_no_child,single_no_child,single_no_child,single_no_child,single_no_child,partnered_no_child,partnered_no_child,partnered_no_child,partnered_with_child,partnered_with_child,partnered_with_child,partnered_with_child,partnered_with_child,parental_home,parental_home,other_temporary,other_temporary,other_temporary,renting,renting,renting,renting,renting,renting,renting,renting
659,1990,female,low,2,capital_region,0,4,28100,3,7.6,full_time,education,education,unemployed,part_time,full_time,unemployed,inactive_care,part_time,unemployed,full_time,part_time,full_time,full_time,single_no_child,single_no_child,single_no_child,single_no_child,single_no_child,partnered_with_child,partnered_with_child,partnered_with_child,partnered_with_child,partnered_with_child,partnered_with_child,partnered_with_child,partnered_with_child,parental_home,parental_home,parental_home,parental_home,renting,renting,renting,renting,renting,renting,renting,renting,renting
660,1993,male,low,2,western_finland,0,2,47900,1,8.6,full_time,education,education,education,part_time,unemployed,part_time,part_time,full_time,full_time,full_time,full_time,full_time,full_time,single_no_child,single_no_child,single_no_child,single_parent,single_parent,single_parent,single_parent,single_parent,single_parent,single_parent,single_parent,single_parent,single_parent,renting,renting,renting,renting,renting,renting,renting,renting,renting,renting,renting,renting,renting
661,1994,male,low,2,southern_finland,0,4,29100,4,13.0,full_time,education,education,unemployed,part_time,full_time,unemployed,full_time,part_time,unemployed,part_time,part_time,full_time,full_time,single_no_child,single_no_child,single_no_child,single_no_child,single_no_child,single_no_child,partnered_no_child,single_no_child,single_no_child,single_no_child,single_no_child,single_no_child,single_no_child,parental_home,parental_home,parental_home,parental_home,parental_home,parental_home,parental_home,parental_home,renting,renting,renting,renting,renting
662,1990,male,medium,3,eastern_northern_finland,1,4,47800,4,5.8,full_time,education,education,education,education,education,full_time,full_time,full_time,full_time,full_time,full_time,full_time,full_time,single_no_child,partnered_no_child,partnered_no_child,partnered_no_child,partnered_no_child,partnered_no_child,partnered_with_child,partnered_with_child,partnered_with_child,partnered_with_child,partnered_with_child,partnered_with_child,partnered_with_child,parental_home,parental_home,parental_home,renting,renting,renting,renting,renting,renting,renting,renting,owner_occupied,owner_occupied
663,1991,female,medium,3,southern_finland,0,3,49300,4,8.2,full_time,education,education,education,education,unemployed,inactive_care,part_time,full_time,full_time,full_time,full_time,full_time,full_time,single_no_child,single_no_child,single_no_child,single_no_child,partnered_no_child,partnered_with_child,partnered_with_child,partnered_with_child,partnered_with_child,partnered_with_child,partnered_with_child,partnered_with_child,partnered_with_child,parental_home,parental_home,parental_home,parental_home,parental_home,renting,renting,renting,renting,renting,owner_occupied,owner_occupied,owner_occupied
664,1990,female,high,3,western_finland,0,4,41600,5,4.0,full_time,education,education,education,education,education,full_time,full_time,full_time,full_time,full_time,full_time,full_time,part_time,single_no_child,single_no_child,single_no_child,single_no_child,single_no_child,single_no_child,single_no_child,single_no_child,partnered_no_child,partnered_with_child,partnered_with_child,partnered_with_child,partnered_with_child,parental_home,parental_home,parental_home,renting,renting,renting,renting,renting,renting,renting,owner_occupied,owner_occupied,owner_occupied
665,1993,female,high,4,capital_region,0,2,67200,2,6.8,full_time,education,education,full_time,full_time,full_time,full_time,full_time,full_time,full_time,full_time,full_time,full_time,full_time,single_no_child,single_no_child,single_no_child,single_no_child,single_no_child,single_no_child,single_no_child,partnered_no_child,partnered_no_child,partnered_no_child,partnered_no_child,partnered_no_child,partnered_no_child,parental_home,parental_home,parental_home,parental_home,parental_home,parental_home,parental_home,parental_home,renting,owner_occupied,owner_occupied,owner_occupied,owner_occupied
666,1992,female,low,3,western_finland,0,4,52800,5,7.0,full_time,education,education,full_time,unemployed,full_time,full_time,full_time,full_time,full_time,full_time,full_time,inactive_care,full_time,single_no_child,single_no_child,single_no_child,single_no_child,single_no_child,single_no_child,single_no_child,single_no_child,single_no_child,single_parent,partnered_with_child,partnered_with_child,partnered_with_child,parental_home,parental_home,parental_home,parental_home,parental_home,parental_home,parental_home,parental_home,parental_home,other_temporary,other_temporary,renting,owner_occupied
667,1993,male,medium,1,western_finland,0,4,25900,2,13.8,full_time,education,unemployed,part_time,unemployed,part_time,unemployed,unemployed,inactive_care,unemployed,part_time,unemployed,full_time,part_time,single_no_child,single_no_child,single_no_child,single_no_child,single_no_child,single_no_child,single_no_child,single_parent,single_parent,single_parent,single_parent,partnered_with_child,partnered_with_child,parental_home,parental_home,parental_home,parental_home,parental_home,parental_home,parental_home,parental_home,renting,renting,renting,renting,renting
668,1992,female,medium,4,capital_region,0,4,40800,4,5.9,full_time,education,education,education,education,education,full_time,full_time,full_time,full_time,full_time,full_time,full_time,part_time,single_no_child,single_no_child,single_no_child,single_no_child,single_no_child,single_no_child,single_no_child,single_no_child,partnered_no_child,partnered_no_child,partnered_no_child,single_no_child,single_no_child,parental_home,parental_home,parental_home,parental_home,renting,renting,renting,renting,renting,renting,renting,renting,renting
669,1990,female,medium,4,eastern_northern_finland,0,4,51000,5,3.9,full_time,education,education,education,education,education,full_time,full_time,full_time,full_time,full_time,full_time,full_time,full_time,single_no_child,single_no_child,single_no_child,single_no_child,single_no_child,single_parent,single_parent,single_parent,single_parent,single_parent,single_parent,single_parent,single_parent,renting,renting,renting,renting,renting,renting,renting,renting,renting,owner_occupied,owner_occupied,owner_occupied,owner_occupied
670,1990,male,high,3,capital_region,0,4,35100,2,10.6,full_time,education,education,unemployed,part_time,full_time,part_time,full_time,part_time,unemployed,full_time,part_time,full_time,full_time,single_no_child,single_no_child,single_no_child,single_no_child,single_no_child,partnered_no_child,partnered_no_child,partnered_no_child,partnered_no_child,partnered_no_child,partnered_no_child,partnered_no_child,partnered_with_child,parental_home,renting,renting,renting,renting,renting,renting,renting,renting,renting,renting,renting,renting
671,1994,female,high,5,western_finland,0,5,41300,5,4.0,full_time,education,education,education,education,full_time,full_time,full_time,full_time,full_time,unemployed,full_time,full_time,full_time,single_no_child,single_no_child,single_no_child,single_no_child,single_no_child,single_no_child,single_no_child,partnered_no_child,partnered_with_child,partnered_with_child,partnered_with_child,partnered_with_child,partnered_with_child,other_temporary,other_temporary,renting,renting,renting,renting,renting,renting,renting,renting,renting,renting,renting
672,1994,male,high,1,capital_region,0,4,33900,3,12.9,part_time,unemployed,education,education,unemployed,unemployed,part_time,part_time,full_time,part_time,full_time,full_time,part_time,full_time,single_no_child,single_no_child,single_no_child,single_no_child,single_no_child,single_no_child,single_no_child,single_no_child,single_no_child,single_no_child,single_no_child,single_no_child,single_no_child,renting,renting,renting,renting,renting,renting,renting,renting,renting,owner_occupied,owner_occupied,owner_occupied,owner_occupied
673,1994,female,low,1,capital_region,1,4,24200,3,10.2,full_time,education,education,unemployed,part_time,full_time,unemployed,full_time,part_time,unemployed,full_time,part_time,full_time,full_time,single_no_child,single_no_child,partnered_no_child,partnered_no_child,partnered_no_child,partnered_no_child,partnered_no_child,partnered_no_child,partnered_no_child,partnered_no_child,partnered_no_child,partnered_no_child,partnered_no_child,parental_home,parental_home,parental_home,parental_home,parental_home,parental_home,parental_home,other_temporary,other_temporary,renting,owner_occupied,owner_occupied,owner_occupied
674,1994,male,low,1,eastern_northern_finland,0,3,20500,2,4.9,full_time,education,unemployed,unemployed,unemployed,part_time,inactive_care,unemployed,inactive_care,part_time,part_time,unemployed,full_time,part_time,partnered_no_child,partnered_no_child,partnered_no_child,single_no_child,single_no_child,single_no_child,single_no_child,single_no_child,single_no_child,single_no_child,single_no_child,single_no_child,partnered_no_child,renting,renting,renting,renting,renting,renting,renting,renting,renting,renting,renting,renting,renting
675,1992,female,low,1,capital_region,0,3,39000,3,9.6,full_time,unemployed,education,education,unemployed,full_time,part_time,part_time,full_time,full_time,full_time,full_time,full_time,full_time,single_no_child,single_no_child,single_no_child,partnered_no_child,partnered_with_child,single_parent,single_parent,partnered_with_child,partnered_with_child,partnered_with_child,partnered_with_child,partnered_with_child,partnered_with_child,parental_home,parental_home,other_temporary,other_temporary,renting,renting,renting,renting,renting,renting,renting,renting,renting
676,1991,male,medium,3,capital_region,0,5,43000,5,9.4,full_time,education,part_time,unemployed,part_time,full_time,unemployed,full_time,part_time,unemployed,full_time,part_time,full_time,full_time,single_no_child,single_no_child,single_no_child,single_no_child,single_no_child,single_no_child,single_no_child,single_no_child,single_no_child,partnered_no_child,partnered_no_child,partnered_no_child,partnered_no_child,parental_home,parental_home,parental_home,parental_home,renting,renting,renting,renting,renting,renting,renting,renting,renting
677,1992,male,low,1,capital_region,0,4,9800,3,6.3,part_time,education,unemployed,unemployed,unemployed,part_time,unemployed,unemployed,inactive_care,unemployed,part_time,unemployed,full_time,part_time,single_no_child,single_no_child,single_no_child,single_no_child,single_no_child,single_no_child,single_no_child,single_no_child,single_no_child,single_no_child,single_no_child,single_no_child,single_no_child,parental_home,parental_home,parental_home,parental_home,parental_home,parental_home,parental_home,parental_home,parental_home,parental_home,renting,renting,renting
678,1994,female,medium,3,western_finland,0,3,37600,3,13.9,full_time,education,unemployed,education,unemployed,unemployed,part_time,part_time,full_time,full_time,full_time,full_time,full_time,full_time,single_no_child,single_no_child,single_no_child,partnered_with_child,single_parent,single_parent,single_parent,single_parent,single_parent,single_parent,single_parent,single_parent,single_parent,renting,renting,renting,renting,other_temporary,other_temporary,other_temporary,other_temporary,other_temporary,other_temporary,other_temporary,other_temporary,renting
679,1991,male,low,3,capital_region,0,3,39400,2,10.5,full_time,unemployed,education,unemployed,part_time,full_time,unemployed,full_time,part_time,unemployed,inactive_care,part_time,full_time,full_time,single_no_child,single_no_child,single_no_child,partnered_no_child,partnered_no_child,partnered_no_child,partnered_no_child,partnered_with_child,partnered_with_child,partnered_with_child,partnered_with_child,partnered_with_child,partnered_with_child,parental_home,renting,renting,renting,renting,renting,renting,renting,renting,renting,renting,owner_occupied,owner_occupied
680,1994,female,high,3,eastern_northern_finland,0,3,50400,2,2.8,full_time,education,education,education,education,education,full_time,part_time,full_time,full_time,full_time,full_time,full_time,full_time,single_no_child,single_no_child,single_no_child,single_no_child,single_no_child,partnered_no_child,partnered_no_child,partnered_no_child,partnered_no_child,partnered_no_child,partnered_no_child,partnered_no_child,partnered_no_child,parental_home,parental_home,parental_home,parental_home,renting,renting,renting,renting,renting,renting,renting,renting,renting
681,1993,female,medium,2,southern_finland,0,3,32600,3,11.2,full_time,education,education,education,full_time,part_time,full_time,full_time,inactive_care,inactive_care,part_time,part_time,full_time,full_time,single_no_child,single_no_child,single_no_child,single_no_child,single_no_child,single_no_child,single_no_child,partnered_no_child,partnered_with_child,partnered_with_child,partnered_with_child,partnered_with_child,partnered_with_child,parental_home,parental_home,parental_home,parental_home,parental_home,parental_home,parental_home,parental_home,parental_home,parental_home,parental_home,parental_home,renting
682,1994,male,medium,3,eastern_northern_finland,0,3,21900,2,9.3,full_time,education,education,education,unemployed,full_time,full_time,full_time,inactive_care,inactive_care,part_time,part_time,full_time,full_time,single_no_child,single_no_child,single_no_child,single_no_child,partnered_no_child,partnered_no_child,partnered_no_child,partnered_no_child,partnered_no_child,partnered_no_child,partnered_no_child,partnered_no_child,single_no_child,parental_home,renting,renting,renting,renting,renting,renting,renting,renting,renting,renting,renting,renting
683,1994,female,medium,2,capital_region,1,3,32700,3,7.6,full_time,education,education,education,education,part_time,part_time,part_time,full_time,full_time,full_time,full_time,full_time,full_time,single_no_child,single_no_child,single_no_child,single_no_child,single_no_child,single_no_child,partnered_no_child,partnered_no_child,partnered_no_child,partnered_no_child,partnered_no_child,partnered_no_child,partnered_no_child,parental_home,parental_home,parental_home,parental_home,renting,renting,renting,renting,renting,renting,renting,renting,renting
684,1992,male,high,2,capital_region,1,3,40200,3,11.6,full_time,education,full_time,education,full_time,education,full_time,full_time,inactive_care,full_time,full_time,full_time,part_time,full_time,single_no_child,single_no_child,single_no_child,single_no_child,single_no_child,partnered_no_child,partnered_no_child,partnered_no_child,partnered_no_child,partnered_no_child,partnered_no_child,partnered_no_child,partnered_no_child,parental_home,parental_home,parental_home,parental_home,parental_home,parental_home,other_temporary,other_temporary,other_temporary,renting,renting,renting,renting
685,1994,female,high,3,capital_region,0,4,59500,5,0.0,full_time,education,education,education,education,education,full_time,full_time,full_time,full_time,full_time,part_time,full_time,full_time,single_no_child,single_no_child,single_no_child,single_no_child,partnered_no_child,partnered_no_child,partnered_no_child,partnered_no_child,partnered_no_child,partnered_no_child,partnered_with_child,partnered_with_child,partnered_with_child,parental_home,parental_home,parental_home,parental_home,parental_home,parental_home,parental_home,parental_home,parental_home,parental_home,parental_home,parental_home,renting
686,1994,male,high,4,eastern_northern_finland,0,4,52900,4,6.6,full_time,education,education,full_time,full_time,full_time,full_time,part_time,full_time,full_time,full_time,full_time,full_time,full_time,single_no_child,single_no_child,single_no_child,single_no_child,partnered_no_child,partnered_no_child,partnered_no_child,partnered_no_child,partnered_no_child,partnered_no_child,partnered_no_child,partnered_no_child,partnered_with_child,parental_home,parental_home,parental_home,parental_home,renting,renting,renting,renting,renting,renting,owner_occupied,owner_occupied,owner_occupied
687,1994,male,medium,1,capital_region,1,3,31600,4,11.9,full_time,education,education,education,part_time,full_time,full_time,full_time,inactive_care,inactive_care,part_time,part_time,full_time,full_time,single_no_child,single_no_child,single_no_child,single_no_child,single_no_child,single_no_child,single_no_child,single_no_child,single_no_child,single_no_child,single_no_child,single_no_child,single_no_child,renting,renting,renting,renting,renting,renting,renting,renting,renting,renting,renting,renting,renting
688,1994,male,high,3,eastern_northern_finland,0,5,47800,5,2.3,full_time,education,education,education,education,education,full_time,full_time,full_time,full_time,full_time,full_time,full_time,full_time,single_no_child,single_no_child,single_no_child,single_no_child,single_no_child,single_no_child,single_no_child,partnered_no_child,partnered_no_child,partnered_no_child,single_no_child,single_no_child,single_no_child,parental_home,parental_home,parental_home,parental_home,parental_home,parental_home,renting,renting,renting,renting,renting,renting,renting
689,1994,male,high,4,southern_finland,0,5,40900,5,8.1,full_time,education,education,education,full_time,full_time,full_time,full_time,part_time,inactive_care,part_time,part_time,full_time,full_time,single_no_child,single_no_child,single_no_child,single_no_child,single_no_child,single_no_child,single_no_child,single_no_child,single_no_child,single_parent,single_parent,single_parent,single_parent,parental_home,parental_home,parental_home,parental_home,parental_home,parental_home,parental_home,parental_home,renting,renting,owner_occupied,owner_occupied,owner_occupied
690,1991,male,medium,3,capital_region,1,3,39000,3,11.1,full_time,education,education,education,education,education,inactive_care,full_time,full_time,full_time,part_time,full_time,full_time,full_time,single_no_child,single_no_child,single_no_child,single_no_child,single_no_child,single_no_child,single_no_child,single_no_child,single_no_child,single_no_child,single_no_child,partnered_no_child,partnered_with_child,parental_home,renting,renting,renting,renting,renting,renting,renting,renting,renting,renting,renting,renting
691,1994,male,medium,4,western_finland,0,3,44100,2,3.5,full_time,education,education,full_time,full_time,full_time,full_time,full_time,full_time,full_time,full_time,full_time,full_time,full_time,single_no_child,single_no_child,single_no_child,single_no_child,partnered_no_child,partnered_no_child,partnered_no_child,partnered_no_child,partnered_no_child,partnered_with_child,partnered_with_child,partnered_with_child,partnered_with_child,parental_home,parental_home,parental_home,parental_home,parental_home,parental_home,renting,renting,renting,renting,renting,renting,renting
692,1993,male,low,2,capital_region,0,3,47200,3,13.3,inactive_care,education,education,education,unemployed,education,full_time,full_time,full_time,full_time,full_time,full_time,full_time,part_time,single_no_child,single_no_child,single_no_child,single_no_child,single_no_child,single_parent,single_parent,single_parent,single_parent,single_parent,single_parent,single_parent,single_parent,parental_home,renting,renting,renting,renting,renting,renting,renting,renting,renting,renting,renting,renting
693,1992,female,high,2,capital_region,1,3,51600,3,10.8,full_time,education,education,education,education,education,full_time,full_time,full_time,full_time,full_time,full_time,full_time,full_time,single_no_child,single_no_child,partnered_no_child,partnered_no_child,partnered_no_child,partnered_no_child,partnered_no_child,partnered_no_child,partnered_no_child,partnered_no_child,partnered_no_child,partnered_no_child,partnered_no_child,parental_home,renting,renting,renting,renting,renting,renting,renting,renting,renting,renting,renting,renting
694,1993,male,high,3,eastern_northern_finland,0,5,73200,5,0.0,full_time,education,education,education,education,education,full_time,full_time,full_time,full_time,full_time,full_time,full_time,full_time,single_no_child,single_no_child,single_no_child,single_no_child,single_no_child,single_no_child,single_no_child,single_no_child,partnered_no_child,partnered_no_child,partnered_no_child,partnered_no_child,partnered_no_child,parental_home,parental_home,renting,renting,renting,renting,renting,renting,renting,renting,renting,owner_occupied,owner_occupied
695,1992,female,low,3,southern_finland,0,4,44700,4,3.2,full_time,education,education,unemployed,education,education,full_time,full_time,full_time,full_time,full_time,full_time,full_time,full_time,single_no_child,single_no_child,single_no_child,single_no_child,single_no_child,single_no_child,single_no_child,single_no_child,single_no_child,single_no_child,single_parent,single_parent,single_parent,parental_home,parental_home,parental_home,parental_home,parental_home,parental_home,parental_home,parental_home,parental_home,parental_home,parental_home,parental_home,parental_home
696,1990,female,low,1,capital_region,0,4,19800,3,7.3,full_time,education,education,unemployed,part_time,inactive_care,unemployed,full_time,part_time,unemployed,part_time,full_time,full_time,full_time,single_no_child,single_no_child,single_no_child,single_no_child,single_no_child,single_no_child,partnered_no_child,partnered_no_child,partnered_no_child,partnered_no_child,partnered_no_child,partnered_no_child,partnered_with_child,renting,renting,renting,renting,renting,renting,renting,renting,renting,renting,renting,renting,renting
697,1991,male,medium,2,capital_region,0,3,34700,4,14.8,full_time,education,unemployed,education,full_time,full_time,full_time,full_time,inactive_care,inactive_care,part_time,part_time,full_time,full_time,single_no_child,single_no_child,single_no_child,single_no_child,single_no_child,single_no_child,single_no_child,single_no_child,partnered_no_child,partnered_no_child,partnered_no_child,partnered_with_child,partnered_with_child,other_temporary,other_temporary,other_temporary,renting,renting,renting,renting,renting,renting,renting,renting,renting,renting
698,1991,male,medium,2,western_finland,1,5,51100,4,6.4,full_time,education,education,education,education,education,full_time,full_time,full_time,full_time,full_time,full_time,full_time,full_time,single_no_child,single_no_child,single_no_child,single_no_child,single_no_child,single_no_child,single_parent,single_parent,single_parent,single_parent,partnered_with_child,partnered_with_child,partnered_with_child,parental_home,parental_home,parental_home,parental_home,parental_home,parental_home,parental_home,parental_home,parental_home,parental_home,other_temporary,other_temporary,other_temporary
699,1994,female,medium,3,western_finland,1,3,32000,2,10.0,full_time,education,education,education,full_time,unemployed,part_time,part_time,full_time,full_time,part_time,full_time,part_time,full_time,single_no_child,single_no_child,single_no_child,single_no_child,single_no_child,single_no_child,single_parent,single_parent,single_parent,single_parent,partnered_with_child,partnered_with_child,partnered_with_child,renting,renting,renting,renting,renting,renting,renting,renting,renting,renting,renting,renting,renting
700,1992,male,medium,3,southern_finland,0,4,61200,5,3.7,full_time,education,education,education,education,education,full_time,full_time,full_time,full_time,full_time,full_time,full_time,full_time,single_no_child,single_no_child,single_no_child,single_no_child,single_no_child,partnered_no_child,partnered_no_child,partnered_no_child,partnered_with_child,partnered_with_child,partnered_with_child,partnered_with_child,partnered_with_child,parental_home,parental_home,parental_home,parental_home,parental_home,parental_home,renting,renting,renting,renting,renting,renting,renting
701,1994,male,low,1,eastern_northern_finland,0,4,26700,3,14.1,part_time,education,unemployed,unemployed,unemployed,part_time,unemployed,unemployed,inactive_care,unemployed,part_time,unemployed,full_time,part_time,single_no_child,single_no_child,partnered_no_child,partnered_no_child,partnered_no_child,single_no_child,single_no_child,single_no_child,single_no_child,single_no_child,single_no_child,single_no_child,single_parent,parental_home,parental_home,parental_home,parental_home,parental_home,parental_home,parental_home,parental_home,parental_home,parental_home,renting,renting,renting
702,1993,female,high,3,southern_finland,0,4,57700,3,6.5,full_time,education,full_time,education,unemployed,unemployed,part_time,part_time,full_time,full_time,full_time,full_time,full_time,full_time,single_no_child,single_no_child,single_no_child,single_no_child,single_parent,single_parent,single_parent,single_parent,single_parent,single_parent,single_parent,single_parent,single_parent,renting,renting,renting,renting,renting,renting,renting,renting,renting,renting,renting,renting,renting
703,1994,female,low,2,eastern_northern_finland,0,3,37500,3,4.7,full_time,education,education,full_time,full_time,full_time,full_time,full_time,full_time,part_time,full_time,full_time,inactive_care,full_time,single_no_child,single_no_child,single_no_child,single_no_child,single_no_child,single_no_child,single_no_child,single_no_child,single_no_child,single_no_child,partnered_no_child,partnered_no_child,partnered_no_child,parental_home,parental_home,parental_home,parental_home,parental_home,renting,renting,renting,renting,renting,renting,renting,renting
704,1991,female,medium,3,western_finland,0,4,49400,5,4.7,full_time,education,education,education,education,education,full_time,full_time,full_time,full_time,full_time,inactive_care,full_time,part_time,single_no_child,single_no_child,single_no_child,single_no_child,single_no_child,single_no_child,single_no_child,single_no_child,single_no_child,single_no_child,single_no_child,single_no_child,single_parent,renting,renting,renting,renting,renting,renting,renting,renting,renting,renting,renting,renting,renting
705,1994,female,low,1,southern_finland,0,3,39400,3,10.6,full_time,full_time,education,unemployed,part_time,full_time,unemployed,full_time,part_time,unemployed,full_time,part_time,full_time,full_time,single_no_child,single_no_child,single_no_child,single_no_child,partnered_no_child,partnered_with_child,partnered_with_child,partnered_with_child,partnered_with_child,partnered_with_child,partnered_with_child,partnered_with_child,partnered_with_child,renting,renting,renting,renting,renting,renting,renting,renting,renting,renting,renting,renting,renting
706,1991,female,low,4,southern_finland,0,5,43300,5,13.2,full_time,education,education,part_time,part_time,full_time,inactive_care,full_time,part_time,unemployed,full_time,part_time,full_time,full_time,single_no_child,single_no_child,single_no_child,partnered_no_child,partnered_no_child,partnered_no_child,partnered_no_child,partnered_no_child,partnered_with_child,partnered_with_child,partnered_with_child,partnered_with_child,partnered_with_child,renting,renting,renting,renting,renting,renting,renting,renting,renting,renting,renting,owner_occupied,owner_occupied
707,1992,female,medium,3,capital_region,1,3,46800,3,2.9,full_time,education,education,education,unemployed,full_time,part_time,part_time,full_time,full_time,full_time,full_time,full_time,full_time,single_no_child,single_no_child,single_no_child,single_no_child,single_no_child,single_no_child,single_no_child,single_no_child,partnered_no_child,partnered_no_child,partnered_no_child,partnered_with_child,partnered_with_child,parental_home,parental_home,parental_home,parental_home,parental_home,renting,renting,renting,renting,renting,renting,renting,renting
708,1990,male,low,2,eastern_northern_finland,1,2,38100,1,0.4,full_time,education,education,education,part_time,education,full_time,full_time,full_time,full_time,full_time,full_time,full_time,unemployed,single_no_child,single_no_child,single_no_child,single_parent,partnered_with_child,partnered_with_child,partnered_with_child,partnered_with_child,partnered_with_child,partnered_with_child,partnered_with_child,partnered_with_child,partnered_with_child,parental_home,parental_home,parental_home,parental_home,parental_home,parental_home,parental_home,other_temporary,other_temporary,owner_occupied,owner_occupied,owner_occupied,owner_occupied
709,1991,male,medium,3,capital_region,0,3,49000,2,10.3,full_time,education,education,full_time,full_time,full_time,full_time,full_time,full_time,full_time,full_time,full_time,full_time,full_time,single_no_child,single_no_child,single_no_child,single_no_child,single_no_child,single_no_child,single_no_child,partnered_with_child,single_parent,single_parent,single_parent,single_parent,single_parent,parental_home,parental_home,parental_home,parental_home,parental_home,renting,renting,renting,renting,renting,renting,renting,renting
710,1992,female,low,4,western_finland,0,4,36500,4,7.6,full_time,education,unemployed,education,full_time,full_time,full_time,full_time,inactive_care,inactive_care,part_time,part_time,full_time,full_time,single_no_child,single_no_child,single_no_child,single_no_child,single_no_child,partnered_no_child,partnered_no_child,partnered_no_child,partnered_no_child,partnered_no_child,partnered_no_child,partnered_no_child,partnered_with_child,parental_home,parental_home,parental_home,parental_home,parental_home,parental_home,parental_home,parental_home,parental_home,renting,renting,renting,renting
711,1991,male,medium,2,southern_finland,0,4,38500,3,4.7,full_time,education,education,education,education,education,full_time,full_time,full_time,full_time,full_time,full_time,full_time,full_time,single_no_child,single_no_child,single_no_child,single_no_child,single_no_child,single_no_child,single_no_child,single_no_child,single_no_child,single_no_child,single_no_child,single_no_child,single_no_child,parental_home,parental_home,parental_home,parental_home,parental_home,parental_home,other_temporary,other_temporary,renting,renting,renting,renting,renting
712,1991,female,high,5,capital_region,0,4,54200,4,4.6,full_time,education,education,education,education,part_time,full_time,full_time,part_time,full_time,full_time,full_time,full_time,full_time,single_no_child,single_no_child,single_no_child,single_no_child,single_no_child,single_no_child,partnered_no_child,partnered_no_child,partnered_no_child,partnered_no_child,partnered_no_child,partnered_no_child,single_no_child,parental_home,parental_home,parental_home,parental_home,parental_home,parental_home,parental_home,parental_home,renting,renting,owner_occupied,owner_occupied,owner_occupied
713,1994,male,medium,4,western_finland,1,5,35000,4,1.8,full_time,education,education,unemployed,part_time,full_time,unemployed,full_time,part_time,unemployed,full_time,part_time,full_time,full_time,single_no_child,single_no_child,single_no_child,single_no_child,partnered_no_child,partnered_no_child,partnered_no_child,partnered_no_child,partnered_no_child,partnered_with_child,single_parent,single_parent,single_parent,renting,renting,renting,renting,renting,renting,renting,renting,renting,renting,renting,renting,renting
714,1990,male,medium,2,capital_region,0,4,54700,5,5.2,unemployed,education,education,full_time,full_time,full_time,full_time,full_time,full_time,full_time,full_time,full_time,full_time,unemployed,single_no_child,single_no_child,single_no_child,partnered_with_child,partnered_with_child,partnered_with_child,partnered_with_child,partnered_with_child,partnered_with_child,partnered_with_child,partnered_with_child,partnered_with_child,partnered_with_child,renting,renting,renting,renting,renting,renting,renting,renting,renting,renting,renting,renting,renting
715,1990,male,high,2,eastern_northern_finland,1,4,55800,4,7.7,full_time,education,education,full_time,full_time,full_time,full_time,full_time,full_time,full_time,full_time,full_time,full_time,full_time,single_no_child,single_no_child,single_no_child,single_no_child,single_no_child,single_no_child,single_no_child,single_no_child,single_parent,single_parent,single_parent,single_parent,single_parent,parental_home,parental_home,parental_home,parental_home,parental_home,parental_home,parental_home,parental_home,other_temporary,other_temporary,other_temporary,other_temporary,renting
716,1991,female,medium,2,capital_region,0,4,58900,5,10.1,full_time,education,education,full_time,full_time,full_time,full_time,full_time,part_time,full_time,full_time,full_time,full_time,full_time,single_no_child,single_no_child,single_no_child,single_no_child,single_no_child,single_no_child,single_no_child,single_no_child,partnered_no_child,partnered_no_child,partnered_no_child,partnered_no_child,partnered_no_child,other_temporary,renting,renting,renting,renting,renting,renting,renting,owner_occupied,owner_occupied,owner_occupied,owner_occupied,owner_occupied
717,1994,female,high,3,southern_finland,0,3,37300,3,4.1,full_time,education,education,education,unemployed,education,full_time,full_time,full_time,full_time,full_time,full_time,full_time,full_time,single_no_child,single_no_child,single_no_child,single_no_child,single_no_child,single_no_child,single_no_child,single_no_child,single_no_child,single_no_child,single_no_child,single_no_child,single_no_child,parental_home,parental_home,renting,renting,renting,renting,renting,renting,renting,renting,renting,renting,renting
718,1990,female,low,2,western_finland,0,3,29900,2,7.5,full_time,education,education,unemployed,part_time,full_time,unemployed,full_time,part_time,unemployed,full_time,part_time,full_time,full_time,single_no_child,single_no_child,single_no_child,single_no_child,single_no_child,single_no_child,single_no_child,single_no_child,single_no_child,partnered_no_child,partnered_no_child,partnered_no_child,partnered_no_child,renting,renting,renting,renting,renting,renting,renting,renting,renting,renting,renting,renting,renting
719,1992,female,high,3,capital_region,0,3,37500,1,7.8,full_time,full_time,education,full_time,full_time,full_time,full_time,part_time,full_time,full_time,full_time,full_time,full_time,full_time,single_no_child,single_no_child,single_no_child,single_no_child,single_no_child,single_no_child,single_no_child,partnered_no_child,partnered_no_child,partnered_no_child,partnered_no_child,partnered_no_child,partnered_no_child,parental_home,parental_home,renting,renting,renting,renting,renting,renting,renting,renting,renting,renting,owner_occupied
720,1993,female,medium,3,southern_finland,0,4,34400,5,7.4,full_time,education,education,education,unemployed,unemployed,part_time,part_time,full_time,full_time,full_time,full_time,full_time,full_time,single_no_child,single_no_child,single_no_child,single_no_child,single_no_child,single_no_child,single_no_child,single_no_child,single_no_child,single_no_child,single_no_child,single_parent,single_parent,parental_home,parental_home,parental_home,parental_home,parental_home,parental_home,other_temporary,other_temporary,renting,renting,renting,renting,renting
721,1994,male,high,5,western_finland,0,5,40900,4,2.0,full_time,education,education,unemployed,part_time,full_time,unemployed,full_time,part_time,unemployed,full_time,part_time,part_time,full_time,single_no_child,single_no_child,single_no_child,single_no_child,partnered_no_child,partnered_no_child,partnered_no_child,partnered_no_child,partnered_no_child,partnered_no_child,partnered_no_child,partnered_no_child,partnered_no_child,renting,renting,renting,renting,renting,renting,renting,renting,renting,renting,renting,renting,renting
722,1992,female,high,4,western_finland,1,5,42200,4,4.5,full_time,unemployed,education,unemployed,full_time,full_time,part_time,full_time,inactive_care,inactive_care,part_time,part_time,full_time,full_time,single_no_child,single_no_child,single_no_child,single_no_child,single_no_child,single_no_child,single_no_child,single_no_child,single_no_child,single_no_child,single_no_child,single_no_child,single_no_child,parental_home,parental_home,parental_home,parental_home,renting,renting,renting,renting,renting,renting,renting,renting,renting
723,1994,female,high,5,western_finland,0,4,55700,5,1.3,full_time,education,education,education,education,education,full_time,full_time,full_time,full_time,full_time,full_time,full_time,full_time,single_no_child,single_no_child,single_no_child,single_no_child,single_no_child,single_no_child,single_parent,single_parent,single_parent,single_parent,single_parent,single_parent,single_parent,parental_home,parental_home,parental_home,parental_home,parental_home,parental_home,parental_home,parental_home,renting,owner_occupied,owner_occupied,owner_occupied,owner_occupied
724,1991,male,high,5,capital_region,0,4,54200,4,6.8,full_time,education,education,education,full_time,full_time,full_time,full_time,inactive_care,inactive_care,full_time,part_time,full_time,full_time,single_no_child,single_no_child,single_no_child,single_no_child,partnered_with_child,partnered_with_child,partnered_with_child,partnered_with_child,partnered_with_child,partnered_with_child,partnered_with_child,partnered_with_child,single_parent,parental_home,parental_home,parental_home,renting,renting,renting,renting,renting,renting,renting,renting,renting,renting
725,1994,male,low,1,eastern_northern_finland,0,5,47400,4,8.9,full_time,education,education,full_time,full_time,full_time,full_time,full_time,full_time,full_time,full_time,full_time,full_time,full_time,single_no_child,single_no_child,single_no_child,single_no_child,single_no_child,partnered_no_child,partnered_no_child,partnered_no_child,partnered_with_child,partnered_with_child,partnered_with_child,partnered_with_child,partnered_with_child,parental_home,parental_home,parental_home,renting,renting,renting,renting,renting,renting,renting,renting,renting,renting
726,1994,female,medium,2,southern_finland,0,4,51300,4,6.7,inactive_care,education,education,education,part_time,education,full_time,full_time,full_time,full_time,full_time,full_time,full_time,part_time,single_no_child,single_no_child,single_no_child,single_no_child,single_no_child,single_no_child,single_parent,single_parent,single_parent,single_parent,single_parent,single_parent,single_parent,parental_home,parental_home,parental_home,parental_home,parental_home,parental_home,parental_home,renting,renting,renting,renting,renting,renting
727,1992,female,low,3,capital_region,0,3,39200,1,9.5,full_time,education,education,education,unemployed,unemployed,part_time,part_time,full_time,full_time,full_time,part_time,full_time,full_time,single_no_child,single_no_child,single_no_child,single_no_child,single_no_child,single_no_child,single_no_child,single_no_child,single_no_child,single_no_child,single_parent,single_parent,single_parent,renting,renting,renting,renting,renting,renting,renting,renting,renting,renting,renting,renting,renting
728,1990,female,high,3,eastern_northern_finland,0,4,52200,4,3.0,full_time,education,education,education,education,education,full_time,full_time,unemployed,full_time,full_time,full_time,full_time,full_time,single_no_child,single_no_child,single_no_child,single_no_child,single_no_child,single_no_child,partnered_no_child,partnered_with_child,partnered_with_child,partnered_with_child,partnered_with_child,partnered_with_child,partnered_with_child,parental_home,renting,renting,renting,renting,renting,renting,renting,renting,renting,renting,renting,renting
729,1992,male,high,3,western_finland,0,4,29200,3,6.0,full_time,education,education,unemployed,part_time,full_time,unemployed,full_time,part_time,unemployed,full_time,part_time,inactive_care,full_time,single_no_child,single_no_child,single_no_child,single_no_child,single_no_child,single_no_child,single_no_child,single_no_child,single_no_child,single_no_child,partnered_with_child,partnered_with_child,single_parent,parental_home,parental_home,parental_home,parental_home,parental_home,parental_home,parental_home,parental_home,renting,renting,renting,renting,renting
730,1991,female,medium,3,southern_finland,0,4,41700,3,12.3,full_time,education,inactive_care,education,full_time,full_time,full_time,full_time,inactive_care,inactive_care,part_time,part_time,full_time,full_time,single_no_child,single_no_child,single_no_child,single_no_child,single_no_child,single_no_child,single_no_child,single_no_child,single_no_child,single_no_child,single_no_child,single_no_child,single_no_child,parental_home,renting,renting,renting,renting,renting,renting,renting,renting,renting,renting,renting,renting
731,1993,male,high,3,southern_finland,0,4,51700,3,7.8,full_time,education,education,education,part_time,part_time,full_time,full_time,full_time,full_time,full_time,full_time,full_time,full_time,single_no_child,single_no_child,single_no_child,single_no_child,single_no_child,single_no_child,single_no_child,single_no_child,single_no_child,single_no_child,single_parent,single_parent,single_parent,renting,renting,renting,renting,renting,renting,renting,renting,renting,renting,renting,renting,renting
732,1993,male,high,3,capital_region,0,4,17300,2,12.5,unemployed,education,inactive_care,full_time,unemployed,part_time,unemployed,unemployed,inactive_care,part_time,unemployed,unemployed,unemployed,part_time,single_no_child,single_no_child,single_no_child,single_no_child,single_parent,single_parent,single_parent,single_parent,single_parent,single_parent,partnered_with_child,partnered_with_child,single_parent,parental_home,parental_home,parental_home,parental_home,parental_home,renting,renting,renting,renting,renting,renting,renting,renting
733,1991,female,high,5,southern_finland,0,3,61400,3,6.7,full_time,education,education,education,unemployed,education,full_time,full_time,part_time,full_time,full_time,full_time,full_time,full_time,single_no_child,single_no_child,single_no_child,single_no_child,single_no_child,single_no_child,single_no_child,single_no_child,partnered_no_child,partnered_no_child,partnered_no_child,partnered_with_child,partnered_with_child,parental_home,parental_home,parental_home,renting,renting,renting,renting,renting,renting,renting,renting,owner_occupied,owner_occupied
734,1993,female,high,5,capital_region,0,5,52700,5,4.6,full_time,education,education,education,education,education,full_time,full_time,full_time,full_time,full_time,full_time,part_time,full_time,single_no_child,single_no_child,single_no_child,single_no_child,single_no_child,single_no_child,single_no_child,single_no_child,single_no_child,single_no_child,single_no_child,single_no_child,single_no_child,parental_home,parental_home,parental_home,parental_home,parental_home,renting,renting,renting,renting,renting,renting,renting,renting
735,1992,female,high,3,eastern_northern_finland,0,5,60400,5,2.2,full_time,education,education,education,full_time,full_time,full_time,full_time,inactive_care,inactive_care,part_time,part_time,full_time,full_time,single_no_child,single_no_child,single_no_child,single_no_child,single_no_child,partnered_no_child,partnered_no_child,partnered_no_child,partnered_no_child,partnered_no_child,partnered_no_child,partnered_no_child,partnered_with_child,parental_home,parental_home,other_temporary,other_temporary,renting,renting,renting,renting,renting,renting,renting,renting,renting
736,1991,female,medium,3,eastern_northern_finland,0,3,33400,2,9.9,full_time,education,education,full_time,full_time,unemployed,full_time,full_time,full_time,full_time,full_time,full_time,full_time,full_time,single_no_child,single_no_child,single_no_child,single_no_child,single_no_child,single_no_child,single_no_child,single_parent,single_parent,single_parent,single_parent,single_parent,single_parent,parental_home,parental_home,parental_home,parental_home,parental_home,parental_home,parental_home,parental_home,parental_home,parental_home,renting,renting,renting
737,1993,male,high,3,southern_finland,0,2,37900,2,2.3,full_time,education,education,education,unemployed,part_time,part_time,part_time,full_time,full_time,full_time,full_time,full_time,full_time,single_no_child,single_no_child,single_no_child,single_no_child,partnered_no_child,partnered_no_child,partnered_no_child,partnered_no_child,partnered_no_child,partnered_no_child,partnered_no_child,partnered_no_child,partnered_no_child,parental_home,renting,renting,renting,renting,renting,renting,renting,renting,owner_occupied,owner_occupied,owner_occupied,owner_occupied
738,1992,male,medium,3,eastern_northern_finland,0,3,19000,3,7.3,full_time,education,education,unemployed,full_time,full_time,unemployed,full_time,part_time,unemployed,full_time,part_time,full_time,full_time,single_no_child,single_no_child,single_no_child,single_no_child,single_no_child,single_no_child,single_no_child,single_no_child,single_no_child,single_no_child,single_no_child,single_no_child,partnered_no_child,renting,renting,renting,renting,renting,renting,owner_occupied,owner_occupied,owner_occupied,owner_occupied,owner_occupied,owner_occupied,owner_occupied
739,1994,female,medium,3,western_finland,0,2,34600,2,10.8,full_time,education,education,full_time,full_time,full_time,unemployed,full_time,full_time,full_time,full_time,full_time,full_time,full_time,single_no_child,single_no_child,single_no_child,single_no_child,partnered_no_child,partnered_no_child,partnered_no_child,partnered_no_child,partnered_no_child,single_parent,partnered_with_child,partnered_with_child,partnered_with_child,parental_home,parental_home,renting,renting,renting,renting,renting,renting,renting,renting,renting,renting,renting
740,1992,male,low,3,western_finland,0,4,44600,4,9.3,full_time,education,education,full_time,full_time,full_time,full_time,full_time,full_time,full_time,full_time,full_time,full_time,full_time,single_no_child,single_no_child,single_no_child,partnered_no_child,partnered_no_child,partnered_no_child,partnered_no_child,partnered_with_child,partnered_with_child,partnered_with_child,partnered_with_child,partnered_with_child,partnered_with_child,parental_home,parental_home,parental_home,parental_home,renting,renting,renting,renting,renting,renting,renting,renting,renting
741,1990,female,high,4,southern_finland,1,4,24000,3,8.8,full_time,education,unemployed,unemployed,unemployed,part_time,unemployed,unemployed,inactive_care,unemployed,part_time,unemployed,full_time,full_time,single_no_child,single_no_child,single_no_child,single_no_child,single_no_child,single_no_child,single_no_child,single_no_child,single_no_child,single_no_child,single_no_child,single_no_child,single_parent,parental_home,parental_home,renting,renting,renting,other_temporary,other_temporary,renting,renting,renting,renting,renting,renting
742,1994,male,high,3,western_finland,0,3,32600,1,12.1,inactive_care,education,unemployed,part_time,full_time,part_time,unemployed,unemployed,inactive_care,unemployed,part_time,unemployed,full_time,part_time,single_no_child,single_no_child,single_no_child,single_no_child,single_no_child,single_no_child,single_no_child,single_parent,single_parent,single_parent,single_parent,partnered_with_child,partnered_with_child,parental_home,parental_home,parental_home,parental_home,parental_home,other_temporary,other_temporary,renting,renting,renting,renting,renting,renting
743,1993,female,medium,1,southern_finland,0,2,39300,2,7.8,full_time,education,education,education,full_time,full_time,full_time,full_time,inactive_care,inactive_care,part_time,unemployed,full_time,part_time,single_no_child,single_no_child,single_no_child,single_no_child,single_no_child,single_no_child,single_no_child,single_no_child,single_no_child,single_no_child,single_no_child,single_no_child,single_no_child,parental_home,parental_home,parental_home,parental_home,parental_home,parental_home,parental_home,renting,renting,renting,renting,renting,renting
744,1990,male,medium,3,capital_region,0,3,28400,4,3.7,full_time,education,education,education,education,education,full_time,full_time,full_time,full_time,full_time,part_time,full_time,full_time,single_no_child,single_no_child,single_no_child,single_no_child,single_no_child,single_no_child,single_no_child,single_no_child,single_no_child,single_no_child,single_no_child,single_no_child,partnered_with_child,parental_home,parental_home,parental_home,parental_home,parental_home,parental_home,parental_home,parental_home,parental_home,parental_home,parental_home,parental_home,other_temporary
745,1991,male,high,3,western_finland,0,5,30400,4,3.2,full_time,education,full_time,education,unemployed,unemployed,part_time,part_time,full_time,full_time,part_time,full_time,full_time,full_time,single_no_child,single_no_child,single_no_child,single_no_child,single_no_child,single_no_child,single_no_child,partnered_no_child,partnered_no_child,partnered_no_child,partnered_no_child,partnered_with_child,partnered_with_child,parental_home,parental_home,renting,renting,renting,renting,renting,renting,renting,renting,renting,owner_occupied,owner_occupied
746,1991,male,high,4,southern_finland,0,5,40400,5,1.0,full_time,unemployed,education,part_time,education,education,full_time,full_time,full_time,full_time,full_time,full_time,full_time,full_time,single_no_child,single_no_child,single_no_child,single_no_child,partnered_no_child,partnered_no_child,partnered_no_child,partnered_no_child,partnered_with_child,partnered_with_child,partnered_with_child,partnered_with_child,partnered_with_child,parental_home,parental_home,parental_home,parental_home,parental_home,parental_home,parental_home,other_temporary,other_temporary,other_temporary,other_temporary,other_temporary,other_temporary
747,1990,female,high,5,eastern_northern_finland,0,3,61700,3,1.8,full_time,education,education,education,education,education,full_time,full_time,full_time,full_time,full_time,full_time,full_time,full_time,single_no_child,single_no_child,single_no_child,single_no_child,single_no_child,single_no_child,partnered_no_child,partnered_no_child,partnered_no_child,partnered_no_child,partnered_no_child,partnered_no_child,partnered_no_child,parental_home,parental_home,parental_home,parental_home,parental_home,renting,renting,owner_occupied,owner_occupied,owner_occupied,owner_occupied,owner_occupied,owner_occupied
748,1992,male,medium,2,capital_region,0,2,22600,1,7.0,full_time,education,education,unemployed,part_time,full_time,part_time,full_time,inactive_care,unemployed,full_time,part_time,full_time,full_time,single_no_child,single_no_child,single_no_child,single_no_child,single_no_child,single_no_child,single_no_child,partnered_no_child,partnered_no_child,partnered_no_child,partnered_no_child,partnered_no_child,partnered_no_child,parental_home,parental_home,parental_home,parental_home,parental_home,parental_home,other_temporary,renting,renting,renting,renting,renting,renting
749,1991,male,low,3,capital_region,0,4,46200,5,4.5,full_time,education,education,education,unemployed,unemployed,part_time,part_time,full_time,full_time,full_time,full_time,full_time,full_time,single_no_child,single_no_child,single_no_child,single_no_child,single_no_child,single_no_child,single_no_child,single_no_child,single_no_child,partnered_no_child,partnered_no_child,partnered_no_child,partnered_no_child,parental_home,parental_home,parental_home,parental_home,parental_home,parental_home,parental_home,parental_home,parental_home,parental_home,renting,renting,renting
750,1994,female,low,1,southern_finland,0,3,18500,2,12.7,full_time,education,full_time,unemployed,unemployed,part_time,part_time,unemployed,inactive_care,unemployed,part_time,unemployed,full_time,part_time,single_no_child,single_no_child,single_no_child,single_no_child,single_no_child,single_no_child,single_no_child,single_no_child,partnered_no_child,single_no_child,partnered_no_child,partnered_with_child,partnered_with_child,parental_home,parental_home,parental_home,parental_home,parental_home,parental_home,parental_home,parental_home,parental_home,parental_home,parental_home,other_temporary,other_temporary
751,1992,male,medium,2,capital_region,0,4,39300,3,11.8,full_time,education,education,unemployed,unemployed,part_time,part_time,full_time,full_time,full_time,full_time,full_time,full_time,full_time,single_no_child,single_no_child,single_no_child,single_no_child,single_no_child,partnered_no_child,partnered_with_child,partnered_with_child,partnered_with_child,partnered_with_child,partnered_with_child,partnered_with_child,partnered_with_child,parental_home,parental_home,parental_home,parental_home,parental_home,parental_home,renting,renting,renting,renting,renting,owner_occupied,owner_occupied
752,1990,male,medium,2,southern_finland,0,4,53000,3,11.3,full_time,education,education,education,education,education,full_time,full_time,full_time,full_time,full_time,full_time,full_time,full_time,single_no_child,single_no_child,single_no_child,single_no_child,single_no_child,single_no_child,single_no_child,single_no_child,single_parent,single_parent,single_parent,single_parent,single_parent,parental_home,parental_home,parental_home,parental_home,parental_home,parental_home,parental_home,renting,renting,renting,renting,renting,renting
753,1990,male,medium,3,western_finland,0,4,50300,5,8.7,full_time,education,education,full_time,full_time,full_time,full_time,full_time,part_time,full_time,full_time,full_time,full_time,full_time,single_no_child,single_no_child,single_no_child,single_no_child,partnered_no_child,partnered_no_child,partnered_no_child,partnered_no_child,partnered_no_child,partnered_no_child,single_no_child,single_no_child,single_no_child,parental_home,parental_home,parental_home,parental_home,parental_home,renting,renting,renting,renting,renting,renting,renting,renting
754,1994,female,medium,3,western_finland,0,3,45100,2,6.2,full_time,education,education,unemployed,full_time,full_time,full_time,full_time,inactive_care,inactive_care,part_time,part_time,inactive_care,full_time,single_no_child,single_no_child,single_no_child,single_no_child,partnered_no_child,partnered_no_child,partnered_no_child,partnered_no_child,partnered_no_child,partnered_no_child,partnered_with_child,partnered_with_child,partnered_with_child,parental_home,parental_home,parental_home,parental_home,parental_home,parental_home,parental_home,renting,renting,renting,renting,renting,renting
755,1992,male,medium,2,western_finland,0,3,40000,3,14.9,full_time,education,education,unemployed,part_time,full_time,part_time,unemployed,part_time,unemployed,full_time,part_time,unemployed,full_time,single_no_child,single_no_child,single_no_child,single_no_child,single_no_child,single_no_child,single_no_child,single_no_child,single_no_child,single_no_child,single_no_child,partnered_no_child,partnered_no_child,parental_home,parental_home,parental_home,parental_home,parental_home,parental_home,parental_home,parental_home,parental_home,renting,renting,renting,renting
756,1992,male,medium,3,eastern_northern_finland,0,4,55100,3,3.8,full_time,education,education,education,part_time,education,full_time,full_time,full_time,full_time,full_time,full_time,full_time,full_time,single_no_child,single_no_child,single_no_child,single_no_child,single_no_child,single_no_child,single_no_child,single_no_child,partnered_no_child,partnered_no_child,partnered_no_child,partnered_no_child,partnered_no_child,parental_home,parental_home,parental_home,parental_home,parental_home,parental_home,parental_home,parental_home,other_temporary,other_temporary,renting,renting,renting
757,1993,female,medium,3,southern_finland,0,4,53900,3,0.5,full_time,education,education,education,full_time,full_time,full_time,full_time,inactive_care,inactive_care,part_time,part_time,unemployed,full_time,single_no_child,single_no_child,single_no_child,single_no_child,single_no_child,single_no_child,partnered_no_child,partnered_no_child,partnered_no_child,partnered_no_child,partnered_no_child,partnered_no_child,partnered_no_child,parental_home,parental_home,parental_home,parental_home,parental_home,renting,renting,renting,renting,renting,renting,renting,renting
758,1992,male,high,3,western_finland,0,5,51800,5,3.3,full_time,education,education,education,education,education,full_time,part_time,full_time,full_time,full_time,full_time,full_time,full_time,single_no_child,single_no_child,single_no_child,single_no_child,single_no_child,single_no_child,single_no_child,partnered_no_child,partnered_no_child,partnered_no_child,partnered_no_child,partnered_with_child,partnered_with_child,other_temporary,other_temporary,renting,renting,renting,renting,renting,renting,renting,renting,renting,owner_occupied,owner_occupied
759,1994,female,low,2,southern_finland,0,4,23300,4,10.8,part_time,unemployed,unemployed,full_time,unemployed,part_time,unemployed,full_time,part_time,unemployed,full_time,part_time,full_time,full_time,single_no_child,single_no_child,single_no_child,single_no_child,single_no_child,single_no_child,single_no_child,single_parent,single_parent,single_parent,single_parent,single_parent,single_parent,renting,renting,renting,renting,renting,renting,renting,renting,owner_occupied,owner_occupied,owner_occupied,owner_occupied,owner_occupied
760,1990,female,low,1,eastern_northern_finland,0,4,38700,4,7.2,inactive_care,education,unemployed,full_time,unemployed,part_time,unemployed,unemployed,inactive_care,unemployed,part_time,unemployed,full_time,inactive_care,single_no_child,single_no_child,single_no_child,single_no_child,partnered_no_child,partnered_no_child,partnered_no_child,partnered_with_child,partnered_with_child,partnered_with_child,partnered_with_child,partnered_with_child,partnered_with_child,parental_home,parental_home,parental_home,renting,renting,renting,renting,renting,renting,renting,renting,owner_occupied,owner_occupied
761,1992,female,low,1,capital_region,1,4,51100,3,6.2,full_time,education,education,education,education,education,full_time,full_time,full_time,full_time,full_time,inactive_care,full_time,full_time,single_no_child,single_no_child,single_no_child,single_no_child,single_no_child,single_no_child,partnered_no_child,partnered_no_child,partnered_no_child,partnered_no_child,partnered_no_child,single_no_child,partnered_no_child,parental_home,parental_home,parental_home,parental_home,parental_home,parental_home,renting,renting,renting,renting,renting,renting,renting
762,1993,female,low,2,western_finland,0,3,43600,2,9.1,full_time,full_time,education,education,unemployed,unemployed,part_time,full_time,full_time,full_time,full_time,full_time,full_time,full_time,single_no_child,single_no_child,single_no_child,single_no_child,single_no_child,single_no_child,single_no_child,single_no_child,single_no_child,single_no_child,single_no_child,partnered_no_child,partnered_no_child,parental_home,parental_home,parental_home,parental_home,parental_home,parental_home,parental_home,renting,renting,renting,renting,renting,renting
763,1990,male,low,3,eastern_northern_finland,0,3,47900,3,5.7,full_time,full_time,education,full_time,full_time,full_time,full_time,full_time,full_time,full_time,full_time,full_time,full_time,full_time,single_no_child,partnered_no_child,partnered_no_child,partnered_no_child,partnered_no_child,partnered_no_child,partnered_with_child,partnered_with_child,partnered_with_child,partnered_with_child,partnered_with_child,partnered_with_child,partnered_with_child,renting,renting,renting,renting,renting,renting,renting,renting,renting,renting,renting,owner_occupied,owner_occupied
764,1993,female,high,3,southern_finland,0,4,51600,4,10.3,full_time,education,education,education,education,part_time,full_time,full_time,full_time,full_time,full_time,full_time,full_time,full_time,single_no_child,partnered_no_child,partnered_no_child,partnered_no_child,partnered_no_child,partnered_no_child,partnered_no_child,partnered_with_child,single_parent,single_parent,single_parent,partnered_with_child,partnered_with_child,renting,renting,renting,renting,renting,renting,renting,renting,renting,renting,renting,renting,renting
765,1991,male,medium,2,capital_region,0,4,40100,4,8.7,full_time,education,education,education,education,part_time,full_time,part_time,full_time,part_time,full_time,full_time,full_time,full_time,single_no_child,single_no_child,single_no_child,single_no_child,single_no_child,single_parent,single_parent,single_parent,single_parent,single_parent,single_parent,single_parent,single_parent,parental_home,parental_home,parental_home,parental_home,parental_home,parental_home,parental_home,parental_home,parental_home,parental_home,parental_home,parental_home,parental_home
766,1990,female,high,3,southern_finland,0,4,40900,4,2.1,inactive_care,unemployed,education,education,full_time,full_time,full_time,full_time,inactive_care,inactive_care,part_time,unemployed,inactive_care,part_time,single_no_child,single_no_child,single_no_child,single_no_child,single_no_child,partnered_no_child,partnered_no_child,partnered_with_child,partnered_with_child,partnered_with_child,partnered_with_child,partnered_with_child,partnered_with_child,parental_home,parental_home,parental_home,parental_home,parental_home,parental_home,parental_home,parental_home,parental_home,parental_home,parental_home,parental_home,parental_home
767,1990,male,high,5,southern_finland,1,4,67200,5,9.0,full_time,full_time,education,education,education,education,full_time,full_time,full_time,full_time,full_time,full_time,full_time,full_time,single_no_child,single_no_child,single_no_child,single_no_child,single_no_child,single_no_child,single_no_child,single_no_child,single_no_child,single_no_child,single_no_child,partnered_with_child,partnered_with_child,parental_home,parental_home,parental_home,parental_home,parental_home,parental_home,parental_home,renting,renting,renting,renting,renting,renting
768,1994,male,high,2,western_finland,0,4,51700,5,0.0,full_time,education,education,education,education,education,full_time,full_time,full_time,full_time,full_time,full_time,full_time,full_time,single_no_child,single_no_child,single_no_child,single_no_child,single_no_child,single_no_child,single_no_child,single_no_child,single_no_child,single_no_child,single_no_child,partnered_no_child,partnered_no_child,parental_home,parental_home,parental_home,parental_home,parental_home,parental_home,parental_home,renting,renting,renting,renting,renting,renting
769,1994,female,low,1,eastern_northern_finland,0,4,43800,4,1.4,full_time,education,education,education,education,education,full_time,full_time,full_time,full_time,full_time,full_time,full_time,full_time,single_no_child,single_no_child,single_no_child,partnered_no_child,partnered_no_child,partnered_no_child,partnered_no_child,partnered_no_child,partnered_no_child,partnered_with_child,partnered_with_child,partnered_with_child,partnered_with_child,parental_home,parental_home,parental_home,parental_home,parental_home,parental_home,renting,renting,renting,renting,renting,renting,renting
770,1993,male,high,4,western_finland,0,4,63100,5,2.9,full_time,education,education,education,education,education,part_time,full_time,full_time,full_time,full_time,full_time,full_time,full_time,single_no_child,single_no_child,single_no_child,single_no_child,single_no_child,single_no_child,single_no_child,partnered_no_child,partnered_no_child,partnered_no_child,partnered_with_child,partnered_with_child,partnered_with_child,renting,renting,renting,renting,renting,renting,renting,renting,renting,renting,renting,renting,renting
771,1994,male,low,3,southern_finland,0,4,36900,4,5.7,full_time,education,education,education,full_time,full_time,full_time,full_time,inactive_care,unemployed,part_time,part_time,full_time,full_time,single_no_child,single_no_child,single_no_child,single_no_child,single_no_child,single_no_child,partnered_no_child,partnered_no_child,partnered_no_child,partnered_no_child,partnered_no_child,partnered_no_child,partnered_no_child,parental_home,parental_home,parental_home,parental_home,parental_home,renting,renting,renting,renting,renting,renting,renting,owner_occupied
772,1992,male,medium,4,capital_region,0,5,53300,5,5.4,full_time,education,education,full_time,full_time,full_time,full_time,full_time,full_time,full_time,part_time,full_time,full_time,full_time,single_no_child,single_no_child,single_no_child,single_no_child,single_no_child,single_no_child,single_no_child,partnered_no_child,partnered_no_child,partnered_no_child,partnered_no_child,partnered_no_child,partnered_no_child,parental_home,parental_home,parental_home,parental_home,parental_home,renting,renting,renting,renting,renting,renting,renting,renting
773,1990,male,high,3,western_finland,0,3,45300,3,7.1,full_time,education,education,education,full_time,unemployed,unemployed,full_time,inactive_care,inactive_care,part_time,part_time,full_time,full_time,single_no_child,single_no_child,single_no_child,single_no_child,single_no_child,single_no_child,single_no_child,single_no_child,single_no_child,single_no_child,single_no_child,partnered_with_child,partnered_with_child,other_temporary,other_temporary,renting,renting,renting,renting,renting,renting,renting,renting,renting,renting,renting
774,1993,female,high,4,capital_region,0,4,59000,4,2.0,full_time,education,education,education,education,education,full_time,part_time,full_time,full_time,full_time,full_time,full_time,full_time,single_no_child,single_no_child,single_no_child,single_no_child,single_no_child,single_no_child,single_no_child,single_no_child,single_no_child,single_parent,single_parent,partnered_with_child,partnered_with_child,parental_home,parental_home,parental_home,parental_home,parental_home,renting,renting,renting,owner_occupied,owner_occupied,owner_occupied,owner_occupied,owner_occupied
775,1994,male,low,3,capital_region,0,3,38200,2,5.6,full_time,part_time,education,education,unemployed,unemployed,part_time,part_time,full_time,full_time,full_time,full_time,full_time,full_time,single_no_child,single_no_child,single_no_child,single_no_child,single_no_child,single_no_child,single_no_child,single_parent,single_parent,single_parent,single_parent,single_parent,single_parent,renting,renting,renting,renting,renting,renting,renting,renting,owner_occupied,owner_occupied,owner_occupied,owner_occupied,owner_occupied
776,1992,male,medium,2,capital_region,0,4,45400,4,8.1,part_time,education,education,education,education,full_time,full_time,full_time,full_time,full_time,full_time,full_time,part_time,part_time,single_no_child,single_no_child,single_no_child,single_no_child,single_no_child,single_no_child,partnered_no_child,partnered_no_child,partnered_with_child,partnered_with_child,partnered_with_child,partnered_with_child,partnered_with_child,parental_home,parental_home,parental_home,parental_home,parental_home,parental_home,other_temporary,other_temporary,other_temporary,other_temporary,renting,renting,renting
777,1992,male,low,1,capital_region,1,2,41900,2,4.0,full_time,education,education,education,unemployed,unemployed,part_time,full_time,full_time,full_time,full_time,full_time,full_time,full_time,single_no_child,single_no_child,single_no_child,single_no_child,single_no_child,single_no_child,single_no_child,single_no_child,single_no_child,partnered_no_child,partnered_no_child,partnered_no_child,partnered_with_child,parental_home,parental_home,parental_home,parental_home,parental_home,parental_home,parental_home,renting,renting,owner_occupied,owner_occupied,owner_occupied,owner_occupied
778,1992,male,high,2,southern_finland,0,4,46100,3,8.7,full_time,unemployed,education,education,education,education,unemployed,full_time,full_time,full_time,full_time,full_time,part_time,full_time,partnered_no_child,partnered_no_child,partnered_no_child,partnered_no_child,partnered_no_child,partnered_no_child,partnered_no_child,partnered_no_child,partnered_no_child,partnered_with_child,partnered_with_child,partnered_with_child,partnered_with_child,renting,renting,renting,renting,renting,renting,renting,renting,renting,renting,renting,owner_occupied,owner_occupied
779,1991,female,low,1,capital_region,0,4,47200,5,8.1,full_time,education,education,education,full_time,part_time,full_time,full_time,inactive_care,inactive_care,unemployed,part_time,full_time,full_time,single_no_child,single_no_child,single_no_child,single_no_child,single_parent,single_parent,partnered_with_child,partnered_with_child,partnered_with_child,partnered_with_child,partnered_with_child,partnered_with_child,partnered_with_child,parental_home,parental_home,renting,renting,renting,renting,renting,renting,renting,renting,renting,renting,renting
780,1991,female,low,1,eastern_northern_finland,0,3,9000,1,13.6,part_time,education,unemployed,unemployed,part_time,part_time,unemployed,unemployed,inactive_care,unemployed,part_time,unemployed,full_time,part_time,single_no_child,single_no_child,single_no_child,single_no_child,single_no_child,single_no_child,single_no_child,single_no_child,single_no_child,single_no_child,single_no_child,single_no_child,partnered_no_child,parental_home,parental_home,parental_home,parental_home,renting,renting,renting,renting,renting,renting,renting,renting,renting
781,1991,male,high,2,capital_region,0,3,59800,4,1.6,full_time,education,education,education,education,part_time,full_time,full_time,full_time,part_time,full_time,part_time,full_time,full_time,single_no_child,single_no_child,single_no_child,single_no_child,single_no_child,single_no_child,single_no_child,single_no_child,single_no_child,single_no_child,single_parent,single_parent,partnered_with_child,renting,renting,renting,renting,renting,renting,renting,renting,renting,renting,renting,owner_occupied,owner_occupied
782,1991,female,medium,3,western_finland,1,4,33000,3,8.8,full_time,education,education,education,unemployed,unemployed,part_time,part_time,full_time,full_time,full_time,full_time,full_time,unemployed,single_no_child,single_no_child,single_no_child,single_no_child,single_no_child,single_no_child,single_no_child,single_parent,single_parent,single_parent,partnered_with_child,partnered_with_child,partnered_with_child,parental_home,parental_home,parental_home,parental_home,parental_home,parental_home,parental_home,parental_home,parental_home,renting,renting,renting,renting
783,1992,male,low,1,capital_region,0,3,37100,3,12.9,full_time,education,education,education,unemployed,unemployed,inactive_care,part_time,full_time,full_time,full_time,full_time,full_time,full_time,single_no_child,single_no_child,single_no_child,single_no_child,single_no_child,single_no_child,partnered_no_child,partnered_no_child,partnered_no_child,partnered_no_child,partnered_no_child,partnered_no_child,partnered_no_child,parental_home,parental_home,parental_home,parental_home,parental_home,parental_home,parental_home,parental_home,renting,renting,renting,renting,renting
784,1993,male,medium,3,southern_finland,1,3,33300,2,11.7,full_time,education,education,unemployed,unemployed,full_time,unemployed,full_time,part_time,inactive_care,full_time,part_time,full_time,full_time,single_no_child,single_no_child,single_no_child,single_no_child,single_no_child,single_no_child,single_no_child,single_no_child,single_no_child,single_parent,single_parent,single_parent,single_parent,parental_home,parental_home,parental_home,parental_home,renting,renting,renting,renting,renting,renting,renting,renting,renting
785,1993,male,high,5,capital_region,0,4,46400,4,6.5,full_time,education,education,education,full_time,full_time,full_time,full_time,inactive_care,inactive_care,part_time,part_time,full_time,part_time,single_no_child,single_no_child,single_no_child,single_no_child,partnered_no_child,partnered_no_child,partnered_no_child,partnered_no_child,partnered_no_child,partnered_no_child,partnered_no_child,single_no_child,single_no_child,renting,renting,renting,renting,renting,renting,renting,renting,renting,renting,renting,renting,renting
786,1991,male,high,1,eastern_northern_finland,1,3,37000,2,10.6,full_time,unemployed,education,unemployed,part_time,full_time,unemployed,full_time,part_time,unemployed,full_time,part_time,full_time,full_time,single_no_child,single_no_child,single_no_child,single_no_child,single_no_child,single_no_child,single_no_child,single_parent,single_parent,single_parent,single_parent,single_parent,single_parent,parental_home,parental_home,renting,renting,renting,other_temporary,renting,renting,renting,renting,renting,renting,renting
787,1993,male,high,4,western_finland,0,4,43100,4,0.0,full_time,education,education,education,education,unemployed,full_time,full_time,full_time,full_time,full_time,full_time,full_time,full_time,single_no_child,single_no_child,single_no_child,single_no_child,single_no_child,single_no_child,single_no_child,single_no_child,single_no_child,single_no_child,single_no_child,single_no_child,single_no_child,renting,renting,renting,renting,renting,renting,renting,renting,renting,renting,renting,renting,renting
788,1990,female,high,3,eastern_northern_finland,0,4,45400,4,9.2,full_time,education,education,unemployed,part_time,full_time,unemployed,full_time,part_time,full_time,full_time,part_time,full_time,full_time,single_no_child,single_no_child,single_no_child,single_no_child,single_no_child,single_no_child,partnered_no_child,partnered_no_child,partnered_no_child,partnered_no_child,partnered_no_child,partnered_no_child,partnered_no_child,parental_home,parental_home,parental_home,parental_home,parental_home,parental_home,renting,renting,renting,renting,renting,owner_occupied,owner_occupied
789,1990,female,medium,2,capital_region,0,3,33300,2,9.2,full_time,education,education,unemployed,part_time,full_time,unemployed,full_time,part_time,unemployed,full_time,part_time,full_time,part_time,single_no_child,single_no_child,single_no_child,single_no_child,single_no_child,single_no_child,single_no_child,partnered_no_child,partnered_with_child,partnered_with_child,partnered_with_child,partnered_with_child,partnered_with_child,parental_home,parental_home,parental_home,parental_home,parental_home,parental_home,parental_home,parental_home,parental_home,renting,renting,renting,renting
790,1993,female,medium,3,capital_region,0,4,43800,5,10.0,full_time,education,unemployed,education,education,part_time,full_time,full_time,full_time,full_time,full_time,full_time,full_time,full_time,single_no_child,single_no_child,partnered_no_child,partnered_no_child,partnered_no_child,partnered_no_child,partnered_no_child,partnered_with_child,partnered_with_child,partnered_with_child,partnered_with_child,partnered_with_child,partnered_with_child,parental_home,parental_home,parental_home,parental_home,parental_home,parental_home,parental_home,parental_home,renting,renting,renting,renting,renting
791,1990,male,high,4,southern_finland,0,4,45300,4,4.3,full_time,education,education,education,education,education,full_time,full_time,full_time,full_time,full_time,full_time,full_time,full_time,single_no_child,single_no_child,single_no_child,single_no_child,single_no_child,single_parent,single_parent,single_parent,single_parent,single_parent,single_parent,single_parent,single_parent,renting,renting,renting,renting,renting,renting,renting,renting,renting,renting,renting,renting,renting
792,1993,female,low,3,capital_region,0,4,23700,3,13.2,part_time,full_time,unemployed,unemployed,unemployed,part_time,part_time,unemployed,inactive_care,unemployed,full_time,unemployed,full_time,part_time,single_no_child,single_no_child,single_no_child,single_no_child,single_no_child,single_no_child,single_no_child,single_no_child,single_no_child,single_no_child,single_no_child,single_parent,single_parent,renting,renting,renting,renting,renting,renting,renting,renting,renting,renting,renting,renting,renting
793,1990,female,low,1,capital_region,0,4,46100,5,7.1,full_time,education,education,unemployed,part_time,full_time,unemployed,full_time,part_time,unemployed,full_time,part_time,full_time,full_time,single_no_child,single_no_child,single_no_child,single_no_child,single_no_child,single_no_child,single_no_child,single_no_child,single_no_child,single_no_child,partnered_no_child,partnered_no_child,partnered_no_child,parental_home,parental_home,parental_home,parental_home,parental_home,parental_home,other_temporary,other_temporary,other_temporary,other_temporary,renting,renting,renting
794,1994,female,medium,3,capital_region,0,3,51400,3,2.0,full_time,full_time,education,education,education,education,full_time,full_time,full_time,full_time,full_time,full_time,full_time,full_time,single_no_child,single_no_child,single_no_child,partnered_no_child,partnered_no_child,partnered_no_child,partnered_no_child,partnered_no_child,partnered_no_child,partnered_no_child,partnered_no_child,partnered_no_child,partnered_no_child,parental_home,parental_home,parental_home,renting,renting,renting,renting,renting,renting,renting,renting,renting,renting
795,1993,female,low,1,capital_region,0,4,43800,4,7.2,full_time,education,education,full_time,education,full_time,full_time,full_time,full_time,full_time,full_time,part_time,full_time,full_time,single_no_child,single_no_child,single_no_child,single_no_child,single_no_child,single_no_child,single_no_child,single_no_child,single_parent,single_parent,single_parent,single_parent,single_parent,parental_home,parental_home,parental_home,parental_home,parental_home,parental_home,parental_home,parental_home,renting,renting,renting,renting,renting
796,1990,male,medium,2,capital_region,0,4,56300,5,12.9,full_time,education,education,education,full_time,education,full_time,full_time,full_time,full_time,full_time,full_time,full_time,full_time,single_no_child,single_no_child,single_no_child,single_no_child,single_no_child,single_no_child,single_no_child,single_no_child,single_no_child,single_no_child,single_no_child,single_no_child,single_parent,renting,renting,renting,renting,renting,renting,renting,renting,renting,renting,renting,renting,renting
797,1993,female,medium,3,southern_finland,0,3,50800,3,6.8,full_time,education,part_time,education,education,education,full_time,full_time,full_time,full_time,full_time,full_time,full_time,full_time,single_no_child,single_no_child,partnered_no_child,partnered_no_child,partnered_no_child,partnered_no_child,partnered_no_child,partnered_no_child,partnered_no_child,partnered_no_child,partnered_no_child,partnered_no_child,partnered_no_child,parental_home,parental_home,renting,renting,renting,renting,renting,renting,renting,renting,renting,renting,renting
798,1991,male,high,2,capital_region,0,3,43800,2,10.3,full_time,education,education,education,full_time,full_time,full_time,full_time,part_time,inactive_care,part_time,part_time,full_time,full_time,single_no_child,single_no_child,single_no_child,single_no_child,single_no_child,single_no_child,single_no_child,single_no_child,single_no_child,single_no_child,partnered_no_child,partnered_no_child,partnered_no_child,parental_home,parental_home,other_temporary,other_temporary,other_temporary,renting,renting,renting,renting,renting,owner_occupied,owner_occupied,owner_occupied
799,1994,male,high,2,western_finland,0,4,64100,3,7.8,full_time,education,education,education,education,education,full_time,full_time,full_time,full_time,full_time,full_time,full_time,full_time,single_no_child,single_no_child,single_no_child,single_no_child,single_no_child,single_no_child,single_parent,single_parent,single_parent,single_parent,single_parent,single_parent,single_parent,parental_home,parental_home,parental_home,parental_home,parental_home,renting,renting,renting,renting,renting,renting,renting,renting
800,1991,female,medium,3,capital_region,0,4,24700,3,7.3,part_time,education,education,education,unemployed,unemployed,unemployed,part_time,full_time,full_time,part_time,full_time,full_time,full_time,single_no_child,single_no_child,single_no_child,partnered_no_child,partnered_no_child,partnered_no_child,partnered_no_child,partnered_no_child,partnered_no_child,partnered_no_child,partnered_no_child,partnered_no_child,partnered_no_child,parental_home,parental_home,renting,other_temporary,other_temporary,other_temporary,other_temporary,other_temporary,renting,renting,renting,renting,renting
801,1993,female,medium,2,southern_finland,0,3,24600,2,10.0,full_time,education,education,education,unemployed,unemployed,part_time,part_time,full_time,full_time,unemployed,part_time,full_time,full_time,single_no_child,single_no_child,single_no_child,single_no_child,single_no_child,single_no_child,single_no_child,single_no_child,single_no_child,single_parent,single_parent,single_parent,single_parent,other_temporary,other_temporary,renting,renting,renting,renting,renting,renting,renting,renting,renting,renting,renting
802,1993,male,low,2,western_finland,0,3,24500,2,3.9,part_time,education,unemployed,unemployed,part_time,part_time,unemployed,part_time,inactive_care,unemployed,part_time,unemployed,full_time,part_time,single_no_child,single_no_child,single_no_child,single_no_child,single_no_child,single_no_child,single_no_child,single_no_child,single_no_child,single_no_child,single_no_child,single_no_child,single_no_child,parental_home,parental_home,parental_home,parental_home,parental_home,parental_home,renting,renting,renting,renting,renting,renting,renting
803,1991,female,high,4,capital_region,0,3,60000,3,3.0,full_time,education,education,education,full_time,full_time,full_time,full_time,inactive_care,inactive_care,part_time,part_time,full_time,full_time,single_no_child,single_no_child,single_no_child,single_no_child,single_no_child,single_no_child,single_no_child,single_no_child,partnered_no_child,partnered_no_child,partnered_no_child,partnered_no_child,partnered_no_child,parental_home,parental_home,parental_home,renting,renting,renting,renting,renting,renting,renting,renting,renting,renting
804,1994,female,medium,2,eastern_northern_finland,0,4,41200,4,2.6,full_time,education,education,education,education,education,full_time,full_time,full_time,part_time,full_time,full_time,full_time,full_time,single_no_child,single_no_child,single_no_child,single_no_child,single_no_child,single_no_child,single_no_child,single_no_child,single_no_child,single_no_child,single_no_child,single_no_child,single_no_child,renting,renting,renting,renting,renting,renting,renting,renting,renting,renting,renting,renting,renting
805,1994,male,medium,1,southern_finland,0,3,16000,1,10.7,part_time,education,unemployed,unemployed,unemployed,part_time,unemployed,unemployed,inactive_care,unemployed,part_time,unemployed,part_time,part_time,single_no_child,single_no_child,single_no_child,single_no_child,single_parent,single_parent,single_parent,single_parent,single_parent,single_parent,single_parent,single_parent,single_parent,renting,renting,renting,renting,renting,renting,renting,renting,renting,renting,renting,renting,renting
806,1994,female,low,1,western_finland,0,3,17200,2,12.1,full_time,education,unemployed,unemployed,unemployed,part_time,inactive_care,unemployed,inactive_care,part_time,part_time,unemployed,full_time,part_time,single_no_child,single_no_child,single_no_child,partnered_no_child,partnered_no_child,partnered_no_child,partnered_with_child,partnered_with_child,partnered_with_child,partnered_with_child,partnered_with_child,partnered_with_child,partnered_with_child,parental_home,parental_home,parental_home,parental_home,parental_home,parental_home,parental_home,parental_home,parental_home,parental_home,parental_home,parental_home,parental_home
807,1992,male,medium,3,capital_region,0,3,40700,3,13.7,full_time,education,education,unemployed,part_time,full_time,unemployed,full_time,part_time,unemployed,full_time,part_time,full_time,full_time,single_no_child,single_no_child,single_no_child,single_no_child,single_no_child,single_parent,single_parent,single_parent,partnered_with_child,partnered_with_child,partnered_with_child,partnered_with_child,partnered_with_child,parental_home,parental_home,parental_home,parental_home,renting,renting,renting,renting,renting,renting,renting,renting,renting
808,1990,male,medium,2,southern_finland,0,4,49100,4,6.9,full_time,education,education,inactive_care,part_time,full_time,full_time,full_time,part_time,unemployed,full_time,part_time,full_time,full_time,single_no_child,single_no_child,single_no_child,single_no_child,single_no_child,single_no_child,single_no_child,single_no_child,single_no_child,partnered_with_child,partnered_with_child,partnered_with_child,partnered_with_child,parental_home,parental_home,parental_home,parental_home,parental_home,renting,renting,renting,renting,renting,renting,renting,renting
809,1991,male,high,4,capital_region,0,2,40600,1,7.7,full_time,education,education,education,inactive_care,education,inactive_care,full_time,unemployed,full_time,full_time,full_time,full_time,part_time,single_no_child,single_no_child,single_no_child,single_no_child,single_no_child,single_no_child,single_no_child,single_no_child,single_no_child,single_no_child,single_parent,single_parent,single_parent,parental_home,renting,renting,renting,renting,renting,renting,renting,renting,renting,renting,renting,renting
810,1990,female,high,4,southern_finland,0,4,43700,4,6.5,full_time,education,education,education,education,education,full_time,full_time,full_time,full_time,full_time,full_time,full_time,full_time,single_no_child,single_no_child,single_no_child,single_no_child,single_no_child,partnered_no_child,partnered_no_child,partnered_no_child,partnered_no_child,partnered_no_child,partnered_no_child,partnered_with_child,partnered_with_child,parental_home,parental_home,parental_home,parental_home,renting,renting,renting,renting,renting,owner_occupied,owner_occupied,owner_occupied,owner_occupied
811,1991,male,medium,1,western_finland,0,2,29400,2,5.9,full_time,education,unemployed,education,full_time,full_time,full_time,part_time,inactive_care,inactive_care,part_time,part_time,full_time,education,single_no_child,single_no_child,single_no_child,single_no_child,single_no_child,single_no_child,single_no_child,single_no_child,single_no_child,single_parent,partnered_with_child,partnered_with_child,partnered_with_child,renting,renting,renting,renting,renting,renting,renting,renting,renting,renting,renting,renting,renting
812,1991,male,high,4,capital_region,0,3,43000,3,0.0,full_time,education,education,education,education,education,full_time,full_time,part_time,full_time,full_time,full_time,full_time,full_time,single_no_child,single_no_child,single_no_child,single_no_child,single_no_child,single_no_child,single_no_child,single_no_child,partnered_no_child,partnered_no_child,partnered_no_child,partnered_no_child,partnered_with_child,parental_home,parental_home,parental_home,parental_home,parental_home,parental_home,parental_home,renting,renting,renting,renting,renting,owner_occupied
813,1992,female,high,4,capital_region,0,5,49300,5,7.0,full_time,unemployed,education,education,full_time,full_time,full_time,full_time,inactive_care,inactive_care,part_time,part_time,full_time,full_time,single_no_child,single_no_child,single_no_child,single_no_child,single_no_child,single_no_child,single_no_child,single_no_child,single_no_child,single_no_child,single_no_child,partnered_with_child,partnered_with_child,parental_home,parental_home,other_temporary,renting,renting,renting,renting,renting,renting,renting,renting,renting,renting
814,1993,male,medium,3,western_finland,0,3,44400,3,2.6,full_time,education,education,education,education,education,inactive_care,full_time,full_time,full_time,full_time,full_time,full_time,full_time,single_no_child,single_no_child,single_no_child,single_no_child,single_no_child,single_no_child,single_no_child,single_no_child,single_no_child,single_no_child,single_no_child,single_no_child,single_no_child,parental_home,parental_home,parental_home,parental_home,parental_home,parental_home,renting,renting,renting,renting,renting,renting,renting
815,1993,male,high,3,eastern_northern_finland,0,3,53200,3,3.0,full_time,education,education,education,unemployed,full_time,full_time,full_time,inactive_care,inactive_care,part_time,part_time,full_time,full_time,single_no_child,single_no_child,single_no_child,single_no_child,single_no_child,single_no_child,single_no_child,single_no_child,single_no_child,single_no_child,single_no_child,partnered_no_child,partnered_with_child,renting,renting,renting,renting,renting,renting,renting,renting,renting,owner_occupied,owner_occupied,owner_occupied,owner_occupied
816,1993,female,low,2,capital_region,0,5,36000,5,8.2,full_time,education,education,full_time,full_time,full_time,full_time,full_time,full_time,education,full_time,full_time,full_time,full_time,single_no_child,single_no_child,single_no_child,single_no_child,partnered_no_child,partnered_no_child,partnered_no_child,partnered_no_child,partnered_no_child,partnered_no_child,partnered_no_child,partnered_with_child,partnered_with_child,renting,renting,renting,renting,renting,renting,renting,renting,renting,renting,renting,renting,renting
817,1992,male,medium,2,southern_finland,0,4,47200,4,0.5,full_time,education,education,education,unemployed,unemployed,part_time,part_time,full_time,full_time,full_time,full_time,full_time,full_time,single_no_child,single_no_child,single_no_child,single_no_child,single_no_child,single_no_child,partnered_no_child,partnered_no_child,partnered_no_child,partnered_no_child,partnered_no_child,partnered_no_child,partnered_no_child,parental_home,renting,renting,renting,other_temporary,renting,renting,renting,renting,renting,renting,renting,renting
818,1991,female,medium,3,southern_finland,0,5,51300,5,6.4,full_time,education,education,full_time,full_time,full_time,full_time,full_time,full_time,full_time,full_time,full_time,full_time,unemployed,single_no_child,single_no_child,single_no_child,partnered_no_child,partnered_no_child,partnered_no_child,partnered_no_child,partnered_no_child,partnered_no_child,partnered_no_child,partnered_no_child,partnered_no_child,partnered_no_child,parental_home,parental_home,renting,renting,renting,renting,renting,renting,renting,renting,renting,renting,renting
819,1990,male,low,1,eastern_northern_finland,0,3,19800,2,11.6,unemployed,education,unemployed,full_time,unemployed,part_time,unemployed,unemployed,inactive_care,unemployed,unemployed,unemployed,full_time,part_time,single_no_child,single_no_child,single_no_child,single_no_child,partnered_no_child,partnered_no_child,partnered_no_child,partnered_no_child,partnered_no_child,partnered_no_child,partnered_no_child,partnered_no_child,partnered_no_child,renting,renting,renting,renting,renting,renting,renting,renting,renting,renting,renting,renting,renting
820,1993,male,high,3,southern_finland,0,3,9000,2,19.4,full_time,unemployed,unemployed,unemployed,unemployed,part_time,unemployed,unemployed,inactive_care,unemployed,part_time,unemployed,full_time,part_time,single_no_child,single_no_child,single_no_child,single_no_child,single_no_child,single_no_child,single_no_child,single_no_child,single_no_child,single_no_child,single_no_child,single_no_child,single_no_child,parental_home,parental_home,parental_home,parental_home,parental_home,parental_home,parental_home,parental_home,parental_home,parental_home,parental_home,renting,renting
821,1994,male,medium,4,western_finland,1,5,51800,5,1.6,full_time,education,education,education,education,full_time,part_time,full_time,full_time,full_time,full_time,full_time,full_time,full_time,single_no_child,single_no_child,single_no_child,single_no_child,single_no_child,partnered_no_child,partnered_no_child,partnered_no_child,partnered_no_child,partnered_no_child,partnered_with_child,partnered_with_child,partnered_with_child,parental_home,parental_home,parental_home,renting,renting,renting,renting,renting,owner_occupied,owner_occupied,owner_occupied,owner_occupied,owner_occupied
822,1992,male,high,3,eastern_northern_finland,0,4,48000,4,9.6,full_time,education,education,education,education,education,full_time,full_time,full_time,full_time,full_time,full_time,full_time,full_time,single_no_child,single_no_child,single_no_child,single_no_child,single_no_child,single_no_child,single_no_child,single_no_child,single_no_child,single_no_child,single_no_child,partnered_no_child,partnered_no_child,parental_home,parental_home,parental_home,parental_home,parental_home,renting,renting,renting,renting,renting,renting,renting,renting
823,1993,male,medium,2,capital_region,0,4,43100,4,5.9,full_time,education,education,education,unemployed,full_time,full_time,full_time,inactive_care,inactive_care,part_time,part_time,full_time,part_time,single_no_child,single_no_child,single_no_child,single_no_child,partnered_no_child,partnered_no_child,partnered_no_child,partnered_no_child,single_no_child,single_no_child,single_no_child,single_no_child,single_no_child,parental_home,parental_home,parental_home,parental_home,parental_home,parental_home,parental_home,parental_home,parental_home,renting,renting,renting,renting
824,1992,male,low,1,southern_finland,0,3,41300,2,13.7,full_time,education,unemployed,education,unemployed,unemployed,part_time,part_time,part_time,unemployed,full_time,full_time,full_time,full_time,single_no_child,single_no_child,single_no_child,single_no_child,single_no_child,partnered_no_child,partnered_no_child,partnered_no_child,partnered_no_child,single_no_child,single_no_child,partnered_no_child,partnered_no_child,parental_home,parental_home,parental_home,parental_home,parental_home,renting,renting,renting,renting,owner_occupied,owner_occupied,owner_occupied,owner_occupied
825,1990,male,high,2,capital_region,0,4,29000,2,13.9,full_time,education,education,unemployed,unemployed,full_time,unemployed,full_time,part_time,unemployed,full_time,part_time,full_time,part_time,single_no_child,single_no_child,single_no_child,single_parent,single_parent,single_parent,single_parent,single_parent,single_parent,single_parent,single_parent,single_parent,single_parent,parental_home,parental_home,parental_home,renting,renting,renting,renting,renting,renting,renting,renting,renting,owner_occupied
826,1992,female,low,3,capital_region,1,4,23000,2,5.4,part_time,education,unemployed,unemployed,unemployed,part_time,inactive_care,part_time,inactive_care,part_time,part_time,unemployed,full_time,part_time,single_no_child,single_no_child,single_no_child,single_no_child,single_no_child,partnered_no_child,partnered_no_child,partnered_no_child,partnered_no_child,partnered_no_child,partnered_no_child,partnered_no_child,partnered_no_child,other_temporary,renting,other_temporary,renting,renting,renting,renting,renting,renting,owner_occupied,owner_occupied,owner_occupied,owner_occupied
827,1991,male,high,5,capital_region,0,3,41300,3,3.9,full_time,education,education,education,education,education,full_time,unemployed,full_time,full_time,full_time,part_time,full_time,full_time,single_no_child,single_no_child,single_no_child,single_no_child,single_no_child,single_no_child,single_no_child,single_no_child,single_no_child,single_no_child,single_no_child,partnered_no_child,partnered_no_child,parental_home,renting,renting,renting,renting,renting,renting,renting,renting,renting,renting,renting,renting
828,1993,female,low,3,capital_region,0,4,45400,3,7.4,full_time,education,education,education,unemployed,unemployed,part_time,part_time,full_time,full_time,full_time,full_time,full_time,full_time,single_no_child,single_no_child,single_no_child,single_no_child,partnered_no_child,partnered_no_child,partnered_no_child,partnered_no_child,partnered_no_child,partnered_no_child,partnered_no_child,single_no_child,single_no_child,other_temporary,renting,renting,renting,renting,renting,renting,renting,renting,renting,renting,renting,renting
829,1994,female,medium,4,southern_finland,0,3,46000,3,9.1,full_time,education,education,education,education,education,full_time,full_time,full_time,full_time,unemployed,full_time,full_time,full_time,single_no_child,single_no_child,single_no_child,single_no_child,single_no_child,single_no_child,single_no_child,single_no_child,single_no_child,partnered_with_child,partnered_with_child,partnered_with_child,partnered_with_child,parental_home,parental_home,parental_home,parental_home,parental_home,parental_home,renting,renting,renting,renting,renting,owner_occupied,owner_occupied
830,1994,male,low,1,capital_region,0,4,46600,4,16.1,full_time,education,education,unemployed,part_time,full_time,unemployed,full_time,part_time,unemployed,full_time,part_time,full_time,full_time,single_no_child,single_no_child,single_no_child,single_no_child,single_no_child,single_no_child,single_no_child,partnered_no_child,partnered_no_child,partnered_no_child,partnered_no_child,partnered_no_child,partnered_no_child,renting,renting,renting,renting,renting,renting,renting,renting,renting,renting,renting,renting,renting
831,1990,female,low,3,eastern_northern_finland,0,4,47200,4,3.2,full_time,education,education,unemployed,full_time,inactive_care,full_time,full_time,full_time,unemployed,full_time,full_time,full_time,full_time,single_no_child,single_no_child,single_no_child,single_no_child,single_no_child,partnered_with_child,partnered_with_child,partnered_with_child,partnered_with_child,partnered_with_child,partnered_with_child,partnered_with_child,partnered_with_child,parental_home,renting,renting,renting,renting,renting,renting,renting,renting,renting,renting,renting,renting
832,1990,male,medium,2,western_finland,0,3,27100,2,6.9,full_time,education,education,unemployed,part_time,full_time,unemployed,full_time,part_time,unemployed,full_time,part_time,full_time,full_time,single_no_child,single_no_child,single_no_child,single_no_child,single_no_child,partnered_with_child,partnered_with_child,partnered_with_child,partnered_with_child,partnered_with_child,partnered_with_child,partnered_with_child,partnered_with_child,parental_home,parental_home,parental_home,renting,renting,renting,renting,renting,renting,renting,renting,renting,renting
833,1990,female,high,3,southern_finland,0,4,57400,4,2.7,full_time,education,education,education,education,education,full_time,full_time,full_time,full_time,full_time,full_time,full_time,full_time,single_no_child,single_no_child,partnered_no_child,partnered_no_child,partnered_no_child,partnered_no_child,partnered_no_child,partnered_with_child,partnered_with_child,partnered_with_child,partnered_with_child,partnered_with_child,partnered_with_child,parental_home,parental_home,parental_home,parental_home,parental_home,renting,renting,renting,renting,renting,renting,renting,renting
834,1992,male,low,1,capital_region,1,2,9000,1,17.1,unemployed,education,unemployed,unemployed,unemployed,part_time,unemployed,unemployed,unemployed,unemployed,part_time,education,full_time,part_time,single_no_child,single_no_child,single_no_child,single_no_child,single_no_child,single_no_child,partnered_no_child,partnered_no_child,partnered_no_child,partnered_no_child,partnered_no_child,partnered_no_child,partnered_with_child,parental_home,parental_home,parental_home,parental_home,renting,renting,renting,renting,renting,renting,renting,renting,renting
835,1992,male,medium,2,western_finland,0,3,42800,2,5.4,full_time,education,education,education,full_time,full_time,full_time,full_time,inactive_care,inactive_care,part_time,part_time,full_time,full_time,single_no_child,single_no_child,single_no_child,single_no_child,single_no_child,single_no_child,partnered_no_child,partnered_no_child,partnered_no_child,partnered_no_child,partnered_no_child,partnered_no_child,partnered_with_child,renting,renting,renting,renting,renting,renting,renting,renting,renting,renting,renting,renting,owner_occupied
836,1993,female,low,4,western_finland,0,4,32200,3,1.7,full_time,education,education,education,full_time,full_time,full_time,full_time,inactive_care,inactive_care,part_time,unemployed,full_time,full_time,single_no_child,single_no_child,single_no_child,single_no_child,partnered_no_child,partnered_no_child,partnered_no_child,partnered_no_child,partnered_no_child,partnered_no_child,partnered_no_child,partnered_no_child,partnered_no_child,parental_home,parental_home,parental_home,parental_home,parental_home,parental_home,parental_home,parental_home,parental_home,parental_home,parental_home,renting,renting
837,1994,female,medium,5,southern_finland,0,5,66600,5,7.6,full_time,education,education,full_time,full_time,full_time,full_time,full_time,full_time,full_time,full_time,part_time,full_time,full_time,single_no_child,single_no_child,single_no_child,single_no_child,single_no_child,single_no_child,single_no_child,single_no_child,single_no_child,single_no_child,partnered_with_child,partnered_with_child,partnered_with_child,parental_home,parental_home,parental_home,parental_home,renting,renting,renting,renting,renting,renting,renting,renting,renting
838,1992,female,high,5,southern_finland,0,4,30300,4,9.2,full_time,education,education,education,full_time,full_time,full_time,full_time,inactive_care,inactive_care,part_time,part_time,full_time,education,single_no_child,single_no_child,single_no_child,single_no_child,single_no_child,single_no_child,single_no_child,single_no_child,partnered_no_child,partnered_no_child,partnered_no_child,partnered_no_child,partnered_no_child,other_temporary,other_temporary,renting,renting,renting,renting,renting,renting,renting,renting,renting,renting,renting
839,1991,female,high,4,western_finland,0,3,59400,3,2.8,full_time,unemployed,education,part_time,education,education,full_time,full_time,full_time,full_time,full_time,full_time,full_time,full_time,single_no_child,single_no_child,single_no_child,single_no_child,single_no_child,single_no_child,single_no_child,single_no_child,single_no_child,partnered_with_child,partnered_with_child,partnered_with_child,partnered_with_child,parental_home,renting,renting,renting,renting,renting,renting,renting,renting,renting,owner_occupied,owner_occupied,owner_occupied
840,1990,male,high,3,southern_finland,0,3,47300,2,6.4,full_time,education,part_time,unemployed,part_time,full_time,unemployed,full_time,part_time,unemployed,full_time,part_time,full_time,full_time,single_no_child,single_no_child,single_no_child,single_no_child,single_no_child,single_no_child,partnered_no_child,partnered_with_child,partnered_with_child,partnered_with_child,partnered_with_child,partnered_with_child,partnered_with_child,parental_home,parental_home,parental_home,parental_home,renting,renting,renting,renting,renting,renting,renting,renting,renting
841,1990,male,low,1,capital_region,1,2,32400,1,3.9,full_time,education,education,unemployed,part_time,full_time,unemployed,full_time,part_time,unemployed,full_time,part_time,full_time,inactive_care,single_no_child,single_no_child,single_no_child,single_no_child,single_no_child,single_no_child,single_no_child,single_no_child,single_no_child,partnered_no_child,partnered_no_child,partnered_no_child,partnered_no_child,parental_home,parental_home,parental_home,parental_home,parental_home,parental_home,renting,renting,renting,renting,renting,renting,renting
842,1993,female,medium,4,eastern_northern_finland,0,4,50500,5,10.9,full_time,education,education,education,full_time,full_time,full_time,full_time,inactive_care,inactive_care,part_time,part_time,full_time,full_time,single_no_child,single_no_child,single_no_child,single_no_child,single_no_child,single_no_child,single_no_child,single_no_child,single_parent,single_parent,single_parent,partnered_with_child,partnered_with_child,parental_home,parental_home,parental_home,parental_home,parental_home,parental_home,parental_home,parental_home,renting,renting,renting,renting,owner_occupied
843,1990,female,high,3,eastern_northern_finland,0,4,51000,5,3.1,full_time,education,education,part_time,education,education,full_time,full_time,part_time,full_time,full_time,full_time,full_time,full_time,single_no_child,single_no_child,partnered_no_child,partnered_no_child,partnered_no_child,partnered_with_child,partnered_with_child,partnered_with_child,partnered_with_child,partnered_with_child,partnered_with_child,partnered_with_child,partnered_with_child,parental_home,parental_home,parental_home,renting,renting,renting,renting,renting,renting,renting,owner_occupied,owner_occupied,owner_occupied
844,1994,female,medium,2,eastern_northern_finland,0,4,49200,5,4.8,full_time,education,education,education,full_time,full_time,full_time,full_time,inactive_care,part_time,part_time,part_time,full_time,full_time,single_no_child,single_no_child,single_no_child,single_no_child,single_no_child,single_no_child,single_no_child,single_no_child,single_no_child,single_no_child,partnered_no_child,partnered_no_child,partnered_no_child,parental_home,parental_home,renting,renting,renting,renting,renting,renting,renting,renting,renting,renting,renting
845,1992,female,high,3,southern_finland,0,4,39100,3,10.2,full_time,education,education,unemployed,part_time,full_time,unemployed,full_time,full_time,unemployed,full_time,part_time,full_time,full_time,single_no_child,single_no_child,single_no_child,single_no_child,single_no_child,partnered_no_child,partnered_no_child,partnered_no_child,partnered_no_child,partnered_no_child,partnered_no_child,single_no_child,single_no_child,parental_home,parental_home,parental_home,parental_home,parental_home,parental_home,parental_home,renting,renting,renting,renting,renting,renting
846,1991,male,medium,3,capital_region,0,3,30600,2,5.6,full_time,unemployed,education,education,full_time,full_time,inactive_care,full_time,inactive_care,inactive_care,part_time,part_time,full_time,part_time,single_no_child,single_no_child,single_no_child,single_no_child,single_no_child,single_no_child,single_no_child,single_no_child,single_no_child,single_parent,partnered_with_child,partnered_with_child,partnered_with_child,parental_home,parental_home,parental_home,parental_home,renting,renting,renting,renting,renting,renting,renting,owner_occupied,owner_occupied
847,1992,male,low,2,southern_finland,0,3,45400,3,9.0,full_time,education,part_time,inactive_care,part_time,full_time,unemployed,full_time,part_time,unemployed,full_time,part_time,full_time,full_time,single_no_child,single_no_child,single_no_child,partnered_no_child,partnered_no_child,partnered_no_child,partnered_with_child,partnered_with_child,partnered_with_child,partnered_with_child,partnered_with_child,single_parent,single_parent,renting,renting,renting,renting,renting,renting,renting,renting,renting,owner_occupied,owner_occupied,owner_occupied,owner_occupied
848,1991,male,high,2,western_finland,0,3,36600,2,6.2,unemployed,education,education,education,education,education,unemployed,full_time,full_time,full_time,unemployed,full_time,full_time,unemployed,single_no_child,single_no_child,partnered_no_child,partnered_no_child,partnered_no_child,partnered_no_child,partnered_no_child,partnered_no_child,partnered_no_child,partnered_no_child,partnered_no_child,partnered_no_child,partnered_no_child,parental_home,parental_home,renting,renting,renting,renting,renting,renting,renting,renting,renting,renting,renting
849,1994,male,medium,3,capital_region,0,4,49600,3,3.2,full_time,education,education,unemployed,part_time,education,full_time,full_time,full_time,part_time,full_time,full_time,full_time,full_time,single_no_child,single_no_child,single_no_child,single_no_child,partnered_no_child,partnered_no_child,partnered_no_child,partnered_no_child,partnered_no_child,partnered_no_child,partnered_no_child,partnered_with_child,partnered_with_child,parental_home,renting,renting,renting,renting,renting,renting,renting,renting,renting,renting,renting,renting
850,1993,female,high,3,capital_region,0,3,16800,2,14.9,full_time,education,unemployed,unemployed,part_time,full_time,unemployed,full_time,part_time,unemployed,full_time,part_time,inactive_care,part_time,single_no_child,single_no_child,single_no_child,single_no_child,single_no_child,single_no_child,partnered_no_child,partnered_no_child,partnered_no_child,partnered_no_child,partnered_no_child,partnered_no_child,partnered_no_child,parental_home,parental_home,parental_home,renting,renting,renting,renting,renting,renting,renting,renting,renting,renting
851,1994,male,medium,3,capital_region,1,3,52100,3,6.0,full_time,education,education,education,education,education,full_time,full_time,full_time,full_time,full_time,full_time,full_time,full_time,single_no_child,single_no_child,single_no_child,single_no_child,single_no_child,single_no_child,single_no_child,single_no_child,single_no_child,single_no_child,single_no_child,single_no_child,single_parent,parental_home,parental_home,parental_home,parental_home,renting,renting,renting,renting,renting,renting,renting,renting,renting
852,1991,female,high,4,western_finland,0,3,41100,3,8.2,full_time,education,education,unemployed,part_time,education,full_time,full_time,full_time,full_time,full_time,full_time,unemployed,full_time,single_no_child,single_no_child,single_no_child,single_no_child,single_no_child,single_no_child,single_no_child,single_no_child,single_no_child,partnered_with_child,partnered_with_child,partnered_with_child,partnered_with_child,parental_home,parental_home,parental_home,parental_home,parental_home,parental_home,renting,renting,renting,owner_occupied,owner_occupied,owner_occupied,owner_occupied
853,1994,male,medium,3,western_finland,0,3,57400,4,4.5,full_time,education,education,education,education,education,part_time,full_time,full_time,full_time,full_time,full_time,full_time,full_time,single_no_child,single_no_child,single_no_child,single_no_child,single_parent,single_parent,single_parent,single_parent,single_parent,single_parent,single_parent,single_parent,single_parent,parental_home,parental_home,parental_home,parental_home,parental_home,renting,renting,renting,renting,renting,renting,renting,renting
854,1990,female,high,4,capital_region,0,3,45700,3,11.3,full_time,education,education,education,full_time,full_time,full_time,full_time,inactive_care,inactive_care,part_time,part_time,unemployed,full_time,single_no_child,single_no_child,single_no_child,single_no_child,partnered_no_child,partnered_no_child,partnered_no_child,partnered_no_child,partnered_no_child,partnered_no_child,partnered_no_child,partnered_no_child,partnered_with_child,parental_home,parental_home,parental_home,parental_home,parental_home,parental_home,parental_home,parental_home,parental_home,renting,renting,renting,renting
855,1992,female,high,4,western_finland,0,4,41300,5,11.7,full_time,education,education,education,education,education,full_time,full_time,full_time,full_time,full_time,full_time,full_time,full_time,single_no_child,single_no_child,single_no_child,single_no_child,partnered_no_child,partnered_no_child,partnered_no_child,partnered_no_child,partnered_no_child,partnered_no_child,partnered_no_child,single_no_child,single_parent,parental_home,parental_home,parental_home,parental_home,parental_home,renting,renting,renting,renting,renting,renting,renting,renting
856,1994,female,medium,3,eastern_northern_finland,0,5,29400,5,10.5,full_time,education,education,education,full_time,unemployed,part_time,part_time,full_time,full_time,unemployed,full_time,part_time,full_time,single_no_child,single_no_child,partnered_no_child,partnered_no_child,partnered_no_child,partnered_no_child,partnered_no_child,partnered_no_child,partnered_no_child,partnered_no_child,partnered_no_child,partnered_no_child,partnered_no_child,parental_home,parental_home,parental_home,parental_home,parental_home,parental_home,parental_home,parental_home,parental_home,renting,renting,renting,owner_occupied
857,1992,male,low,3,capital_region,0,4,19200,2,10.4,full_time,education,education,unemployed,part_time,full_time,unemployed,full_time,part_time,unemployed,full_time,part_time,full_time,education,single_no_child,single_no_child,single_no_child,single_no_child,single_no_child,single_no_child,single_parent,single_parent,single_parent,single_parent,single_parent,single_parent,single_parent,other_temporary,renting,renting,renting,renting,renting,renting,renting,renting,renting,renting,renting,renting
858,1991,female,low,1,southern_finland,0,3,51600,3,6.4,full_time,full_time,education,education,education,education,full_time,full_time,full_time,full_time,full_time,full_time,full_time,full_time,single_no_child,single_no_child,single_no_child,single_no_child,partnered_no_child,partnered_no_child,partnered_no_child,partnered_no_child,partnered_no_child,partnered_no_child,partnered_no_child,partnered_no_child,partnered_no_child,parental_home,parental_home,parental_home,parental_home,renting,renting,renting,renting,renting,renting,renting,renting,renting
859,1994,female,medium,2,eastern_northern_finland,0,3,43100,3,5.0,full_time,education,education,education,education,education,full_time,part_time,full_time,full_time,full_time,full_time,full_time,full_time,single_no_child,single_no_child,single_no_child,single_no_child,single_no_child,single_no_child,partnered_no_child,partnered_no_child,partnered_no_child,partnered_no_child,partnered_no_child,partnered_no_child,partnered_with_child,parental_home,parental_home,parental_home,parental_home,parental_home,parental_home,parental_home,parental_home,renting,renting,renting,renting,renting
860,1993,male,high,2,capital_region,0,3,51400,4,8.9,full_time,education,education,education,unemployed,full_time,full_time,full_time,inactive_care,inactive_care,part_time,unemployed,full_time,full_time,single_no_child,single_no_child,single_no_child,single_no_child,single_parent,partnered_with_child,partnered_with_child,partnered_with_child,partnered_with_child,partnered_with_child,partnered_with_child,partnered_with_child,partnered_with_child,parental_home,parental_home,parental_home,parental_home,parental_home,parental_home,parental_home,parental_home,parental_home,parental_home,parental_home,parental_home,other_temporary
861,1990,female,medium,3,southern_finland,1,4,49900,4,2.1,full_time,education,education,education,education,education,part_time,full_time,full_time,full_time,full_time,full_time,full_time,full_time,single_no_child,single_no_child,single_no_child,single_no_child,single_no_child,single_no_child,single_no_child,single_no_child,single_no_child,single_no_child,single_no_child,single_no_child,single_no_child,parental_home,parental_home,parental_home,parental_home,parental_home,parental_home,parental_home,renting,renting,owner_occupied,owner_occupied,owner_occupied,owner_occupied
862,1994,male,low,1,southern_finland,0,2,45500,2,10.4,unemployed,education,education,unemployed,full_time,unemployed,full_time,full_time,full_time,full_time,full_time,full_time,full_time,full_time,single_no_child,single_no_child,single_no_child,single_no_child,single_no_child,single_no_child,partnered_with_child,partnered_with_child,partnered_with_child,partnered_with_child,partnered_with_child,partnered_with_child,partnered_with_child,parental_home,parental_home,parental_home,renting,renting,renting,renting,renting,renting,renting,renting,renting,renting
863,1993,male,medium,4,eastern_northern_finland,0,4,51500,5,1.8,full_time,education,education,full_time,full_time,full_time,full_time,full_time,full_time,full_time,full_time,full_time,full_time,full_time,single_no_child,single_no_child,partnered_no_child,partnered_no_child,partnered_no_child,partnered_with_child,partnered_with_child,partnered_with_child,partnered_with_child,partnered_with_child,partnered_with_child,partnered_with_child,partnered_with_child,renting,renting,renting,renting,renting,renting,renting,renting,renting,renting,renting,renting,renting
864,1994,male,high,2,eastern_northern_finland,0,5,54600,5,10.3,full_time,education,education,education,unemployed,unemployed,part_time,part_time,full_time,full_time,full_time,full_time,full_time,full_time,partnered_no_child,partnered_no_child,single_no_child,single_no_child,partnered_no_child,partnered_no_child,partnered_no_child,partnered_no_child,partnered_with_child,partnered_with_child,partnered_with_child,partnered_with_child,partnered_with_child,parental_home,parental_home,other_temporary,other_temporary,other_temporary,other_temporary,renting,renting,renting,renting,renting,renting,renting
865,1994,female,low,3,capital_region,0,4,39800,5,3.3,full_time,education,education,education,full_time,full_time,full_time,unemployed,inactive_care,inactive_care,part_time,part_time,full_time,full_time,single_no_child,single_no_child,single_no_child,single_no_child,single_no_child,single_no_child,single_no_child,partnered_no_child,partnered_no_child,partnered_no_child,partnered_no_child,partnered_no_child,partnered_no_child,parental_home,parental_home,parental_home,parental_home,parental_home,renting,renting,renting,renting,renting,renting,renting,renting
866,1992,male,low,3,capital_region,0,3,45400,2,12.0,full_time,education,education,education,unemployed,inactive_care,part_time,part_time,full_time,full_time,full_time,full_time,full_time,full_time,single_no_child,single_no_child,single_no_child,single_no_child,single_no_child,partnered_no_child,partnered_no_child,partnered_with_child,partnered_with_child,partnered_with_child,partnered_with_child,partnered_with_child,single_parent,parental_home,parental_home,parental_home,parental_home,parental_home,renting,renting,renting,renting,renting,renting,renting,renting
867,1991,male,medium,2,eastern_northern_finland,0,3,42400,2,9.0,full_time,education,education,education,full_time,full_time,full_time,full_time,inactive_care,inactive_care,part_time,part_time,full_time,full_time,single_no_child,partnered_no_child,partnered_no_child,partnered_no_child,partnered_no_child,partnered_no_child,partnered_no_child,partnered_with_child,partnered_with_child,partnered_with_child,partnered_with_child,partnered_with_child,partnered_with_child,parental_home,parental_home,renting,renting,renting,renting,renting,renting,renting,renting,renting,renting,renting
868,1990,male,high,3,capital_region,0,3,40700,1,12.5,unemployed,education,education,unemployed,part_time,full_time,unemployed,full_time,part_time,unemployed,full_time,part_time,full_time,inactive_care,single_no_child,single_no_child,single_no_child,single_no_child,single_no_child,partnered_no_child,partnered_no_child,partnered_no_child,partnered_no_child,partnered_no_child,partnered_no_child,partnered_no_child,partnered_no_child,renting,renting,renting,renting,renting,renting,renting,renting,renting,renting,renting,renting,renting
869,1991,male,low,4,capital_region,0,3,48700,4,11.7,full_time,education,education,education,full_time,full_time,full_time,full_time,inactive_care,inactive_care,part_time,part_time,full_time,full_time,single_no_child,single_no_child,single_no_child,single_no_child,single_no_child,single_no_child,single_no_child,single_no_child,single_no_child,single_parent,single_parent,single_parent,single_parent,parental_home,parental_home,parental_home,parental_home,parental_home,parental_home,parental_home,parental_home,parental_home,parental_home,renting,renting,owner_occupied
870,1991,female,high,4,capital_region,0,5,39600,5,4.8,full_time,education,education,education,part_time,full_time,full_time,full_time,inactive_care,inactive_care,part_time,part_time,full_time,full_time,single_no_child,single_no_child,single_no_child,partnered_no_child,partnered_no_child,partnered_no_child,partnered_no_child,partnered_no_child,partnered_no_child,partnered_no_child,partnered_no_child,partnered_no_child,partnered_no_child,parental_home,parental_home,parental_home,parental_home,parental_home,parental_home,parental_home,parental_home,renting,renting,renting,renting,renting
871,1993,male,medium,3,southern_finland,0,4,46500,5,12.3,full_time,education,education,education,education,education,full_time,full_time,part_time,full_time,full_time,full_time,full_time,full_time,single_no_child,single_no_child,single_no_child,single_no_child,single_no_child,single_no_child,partnered_no_child,single_no_child,single_no_child,single_no_child,single_parent,single_parent,single_parent,parental_home,parental_home,parental_home,parental_home,renting,renting,renting,renting,renting,owner_occupied,owner_occupied,owner_occupied,owner_occupied
872,1991,female,medium,4,capital_region,0,3,36600,3,4.6,full_time,education,education,education,full_time,full_time,full_time,full_time,inactive_care,inactive_care,part_time,part_time,full_time,full_time,partnered_no_child,partnered_no_child,partnered_no_child,partnered_with_child,partnered_with_child,partnered_with_child,partnered_with_child,partnered_with_child,partnered_with_child,partnered_with_child,partnered_with_child,partnered_with_child,partnered_with_child,renting,renting,renting,renting,renting,renting,owner_occupied,owner_occupied,owner_occupied,owner_occupied,owner_occupied,owner_occupied,owner_occupied
873,1993,female,low,2,capital_region,1,2,17000,2,13.5,unemployed,education,unemployed,unemployed,unemployed,part_time,unemployed,unemployed,inactive_care,unemployed,part_time,inactive_care,full_time,part_time,partnered_no_child,partnered_no_child,partnered_no_child,partnered_no_child,partnered_no_child,partnered_no_child,partnered_no_child,partnered_no_child,partnered_with_child,partnered_with_child,partnered_with_child,partnered_with_child,partnered_with_child,parental_home,parental_home,parental_home,renting,renting,renting,renting,renting,renting,renting,renting,renting,renting
874,1994,female,low,2,western_finland,0,3,50100,4,4.6,full_time,education,education,education,full_time,full_time,full_time,full_time,inactive_care,inactive_care,part_time,part_time,full_time,full_time,single_no_child,single_no_child,partnered_no_child,partnered_no_child,partnered_no_child,partnered_no_child,partnered_no_child,partnered_no_child,partnered_no_child,partnered_no_child,partnered_no_child,partnered_with_child,partnered_with_child,parental_home,parental_home,parental_home,parental_home,renting,renting,renting,renting,renting,renting,renting,renting,renting
875,1990,male,high,2,western_finland,1,4,39900,5,10.3,full_time,education,education,education,unemployed,unemployed,part_time,part_time,inactive_care,full_time,full_time,full_time,full_time,full_time,single_no_child,single_no_child,single_no_child,single_no_child,single_no_child,single_no_child,single_no_child,single_no_child,single_no_child,single_no_child,partnered_no_child,partnered_no_child,partnered_no_child,parental_home,parental_home,parental_home,parental_home,parental_home,parental_home,parental_home,parental_home,parental_home,renting,renting,renting,renting
876,1991,female,medium,2,capital_region,0,4,44700,4,5.8,full_time,education,education,education,education,education,full_time,full_time,full_time,full_time,full_time,full_time,full_time,full_time,single_no_child,single_no_child,single_no_child,single_no_child,single_no_child,single_no_child,single_no_child,single_no_child,single_no_child,single_parent,single_parent,partnered_with_child,partnered_with_child,parental_home,parental_home,parental_home,parental_home,parental_home,parental_home,parental_home,renting,renting,renting,renting,renting,owner_occupied
877,1992,female,medium,3,southern_finland,0,3,45800,2,5.3,full_time,education,education,full_time,part_time,full_time,full_time,full_time,part_time,full_time,full_time,full_time,full_time,full_time,single_no_child,single_no_child,single_no_child,single_no_child,single_no_child,single_no_child,single_no_child,single_no_child,single_no_child,single_no_child,single_no_child,single_no_child,single_no_child,renting,renting,renting,renting,renting,renting,renting,renting,renting,renting,renting,renting,owner_occupied
878,1991,female,low,1,southern_finland,0,4,39700,3,1.9,full_time,education,education,education,full_time,full_time,unemployed,full_time,inactive_care,inactive_care,part_time,part_time,full_time,full_time,single_no_child,single_no_child,single_no_child,single_no_child,single_no_child,single_no_child,single_no_child,single_no_child,single_no_child,single_no_child,single_no_child,single_no_child,partnered_no_child,renting,renting,renting,renting,renting,renting,renting,renting,renting,renting,renting,renting,renting
879,1994,female,high,3,western_finland,1,4,45900,5,3.2,full_time,education,education,education,education,education,full_time,full_time,full_time,part_time,full_time,full_time,full_time,full_time,single_no_child,single_no_child,single_no_child,single_no_child,single_no_child,single_no_child,single_no_child,single_no_child,partnered_no_child,partnered_with_child,partnered_with_child,partnered_with_child,partnered_with_child,renting,renting,renting,renting,renting,renting,renting,renting,renting,renting,renting,renting,renting
880,1992,female,medium,2,southern_finland,0,3,50400,3,8.5,full_time,education,education,full_time,full_time,full_time,full_time,full_time,inactive_care,inactive_care,part_time,part_time,full_time,full_time,single_no_child,single_no_child,single_no_child,single_no_child,single_no_child,single_no_child,single_parent,single_parent,single_parent,partnered_with_child,partnered_with_child,partnered_with_child,partnered_with_child,renting,renting,renting,renting,renting,renting,renting,renting,renting,renting,renting,renting,owner_occupied
881,1991,male,medium,2,capital_region,0,5,21600,5,6.0,full_time,education,unemployed,unemployed,unemployed,part_time,full_time,unemployed,inactive_care,unemployed,part_time,unemployed,full_time,full_time,single_no_child,single_no_child,single_no_child,single_no_child,single_no_child,single_no_child,single_no_child,single_no_child,single_no_child,single_no_child,single_no_child,single_no_child,single_no_child,other_temporary,other_temporary,other_temporary,other_temporary,other_temporary,other_temporary,renting,renting,renting,renting,renting,renting,renting
882,1990,male,high,5,southern_finland,0,4,60100,3,0.0,full_time,education,education,education,unemployed,unemployed,part_time,part_time,full_time,full_time,full_time,full_time,part_time,full_time,single_no_child,single_no_child,single_no_child,single_no_child,single_no_child,partnered_no_child,partnered_no_child,partnered_no_child,partnered_no_child,partnered_no_child,partnered_no_child,partnered_no_child,partnered_no_child,renting,renting,renting,renting,renting,renting,renting,renting,renting,renting,renting,renting,renting
883,1991,female,low,2,capital_region,0,4,47600,4,11.5,full_time,education,education,education,education,education,full_time,full_time,full_time,full_time,part_time,full_time,full_time,full_time,single_no_child,single_no_child,single_no_child,single_no_child,single_no_child,single_no_child,single_no_child,single_parent,single_parent,single_parent,single_parent,partnered_with_child,partnered_with_child,renting,renting,renting,renting,renting,renting,renting,renting,renting,renting,renting,renting,renting
884,1994,male,high,4,western_finland,0,5,49900,4,3.2,full_time,education,education,education,full_time,full_time,full_time,full_time,inactive_care,inactive_care,part_time,part_time,full_time,full_time,single_no_child,single_no_child,single_no_child,partnered_with_child,partnered_with_child,partnered_with_child,partnered_with_child,partnered_with_child,partnered_with_child,partnered_with_child,partnered_with_child,partnered_with_child,partnered_with_child,parental_home,parental_home,parental_home,parental_home,renting,renting,renting,renting,renting,renting,renting,renting,renting
885,1992,male,medium,3,capital_region,1,1,33900,1,11.9,full_time,education,education,education,unemployed,unemployed,part_time,part_time,full_time,full_time,full_time,full_time,full_time,full_time,single_no_child,single_no_child,single_no_child,partnered_no_child,partnered_no_child,partnered_with_child,partnered_with_child,partnered_with_child,partnered_with_child,partnered_with_child,partnered_with_child,partnered_with_child,single_parent,renting,renting,renting,renting,renting,renting,renting,renting,renting,renting,renting,renting,renting
886,1994,female,low,2,southern_finland,0,3,35000,3,12.9,unemployed,education,education,part_time,unemployed,part_time,part_time,part_time,full_time,full_time,unemployed,full_time,full_time,full_time,partnered_no_child,partnered_no_child,partnered_no_child,partnered_no_child,partnered_no_child,partnered_no_child,partnered_no_child,partnered_with_child,partnered_with_child,partnered_with_child,partnered_with_child,partnered_with_child,partnered_with_child,renting,renting,renting,renting,renting,renting,renting,renting,renting,renting,renting,renting,renting
887,1992,female,medium,1,capital_region,0,4,40200,4,12.0,full_time,education,education,education,full_time,education,full_time,full_time,full_time,full_time,full_time,unemployed,full_time,full_time,single_no_child,single_no_child,single_no_child,single_no_child,single_no_child,single_no_child,single_no_child,single_parent,single_parent,single_parent,partnered_with_child,partnered_with_child,partnered_with_child,parental_home,parental_home,renting,renting,renting,renting,renting,renting,renting,renting,renting,renting,renting
888,1994,female,medium,2,southern_finland,0,2,46100,3,4.6,full_time,education,education,full_time,full_time,full_time,full_time,full_time,full_time,full_time,full_time,full_time,full_time,full_time,single_no_child,single_no_child,single_no_child,single_no_child,single_no_child,single_no_child,partnered_no_child,partnered_no_child,partnered_with_child,partnered_with_child,partnered_with_child,partnered_with_child,partnered_with_child,other_temporary,other_temporary,renting,renting,renting,renting,renting,renting,renting,renting,renting,renting,renting
889,1994,male,low,3,eastern_northern_finland,0,4,32500,2,12.9,full_time,education,education,unemployed,part_time,full_time,unemployed,full_time,part_time,part_time,full_time,part_time,full_time,unemployed,single_no_child,single_no_child,single_no_child,single_no_child,single_no_child,single_no_child,single_no_child,single_no_child,single_no_child,single_no_child,single_no_child,single_no_child,single_no_child,parental_home,parental_home,parental_home,other_temporary,renting,renting,renting,renting,renting,renting,renting,renting,renting
890,1993,male,high,4,southern_finland,1,4,38600,4,9.5,part_time,education,education,unemployed,part_time,full_time,part_time,full_time,part_time,full_time,full_time,part_time,full_time,part_time,single_no_child,single_no_child,single_no_child,single_no_child,single_no_child,single_no_child,single_no_child,single_no_child,single_no_child,single_no_child,single_no_child,single_no_child,single_parent,other_temporary,other_temporary,other_temporary,other_temporary,other_temporary,renting,renting,renting,renting,renting,renting,renting,renting
891,1992,female,medium,3,eastern_northern_finland,0,4,46800,4,5.6,full_time,education,education,education,education,education,full_time,full_time,full_time,full_time,full_time,full_time,full_time,full_time,single_no_child,single_no_child,single_no_child,single_no_child,single_no_child,single_no_child,single_no_child,single_no_child,single_no_child,single_no_child,single_no_child,single_no_child,single_no_child,parental_home,parental_home,parental_home,parental_home,parental_home,parental_home,parental_home,parental_home,parental_home,renting,renting,renting,renting
892,1994,male,medium,5,western_finland,0,3,38400,3,6.4,full_time,education,education,education,education,education,full_time,full_time,full_time,full_time,full_time,full_time,full_time,full_time,single_no_child,single_no_child,single_no_child,single_no_child,single_no_child,single_no_child,single_no_child,single_no_child,single_no_child,partnered_no_child,partnered_no_child,partnered_no_child,partnered_no_child,renting,renting,renting,renting,renting,renting,renting,renting,renting,renting,renting,renting,renting
893,1993,female,medium,3,western_finland,0,3,36900,2,7.9,unemployed,education,unemployed,full_time,unemployed,full_time,unemployed,inactive_care,inactive_care,inactive_care,part_time,unemployed,full_time,part_time,single_no_child,single_no_child,single_no_child,single_no_child,single_no_child,single_no_child,single_no_child,single_no_child,single_no_child,partnered_no_child,partnered_no_child,partnered_no_child,partnered_no_child,parental_home,parental_home,parental_home,renting,renting,renting,renting,renting,renting,renting,renting,renting,renting
894,1994,male,low,1,capital_region,0,3,40400,3,7.9,full_time,education,education,full_time,full_time,full_time,full_time,full_time,full_time,full_time,full_time,full_time,full_time,full_time,single_no_child,single_no_child,single_no_child,single_no_child,single_no_child,partnered_with_child,partnered_with_child,partnered_with_child,partnered_with_child,partnered_with_child,single_parent,single_parent,single_parent,renting,renting,renting,renting,renting,renting,renting,owner_occupied,owner_occupied,owner_occupied,owner_occupied,owner_occupied,owner_occupied
895,1994,male,low,1,capital_region,0,2,42700,3,12.6,full_time,education,unemployed,unemployed,education,part_time,full_time,full_time,full_time,full_time,full_time,full_time,full_time,full_time,single_no_child,single_no_child,single_no_child,single_no_child,single_no_child,single_no_child,partnered_no_child,partnered_no_child,partnered_no_child,partnered_no_child,partnered_no_child,single_no_child,partnered_no_child,renting,renting,renting,renting,renting,renting,renting,renting,renting,renting,renting,renting,renting
896,1992,male,medium,2,capital_region,1,2,48300,2,12.3,full_time,education,education,full_time,part_time,full_time,full_time,full_time,full_time,full_time,full_time,full_time,full_time,full_time,single_no_child,single_no_child,single_no_child,single_no_child,single_no_child,single_no_child,single_no_child,single_no_child,partnered_no_child,partnered_no_child,partnered_no_child,partnered_no_child,partnered_no_child,parental_home,renting,renting,renting,renting,renting,renting,renting,renting,renting,renting,renting,renting
897,1991,female,low,3,capital_region,0,4,45000,5,10.4,full_time,full_time,education,education,full_time,full_time,full_time,full_time,inactive_care,full_time,part_time,part_time,full_time,full_time,single_no_child,single_no_child,single_no_child,single_no_child,partnered_no_child,partnered_with_child,partnered_with_child,partnered_with_child,partnered_with_child,partnered_with_child,partnered_with_child,partnered_with_child,partnered_with_child,parental_home,parental_home,parental_home,parental_home,parental_home,parental_home,parental_home,renting,renting,renting,renting,renting,renting
898,1992,female,low,1,eastern_northern_finland,0,4,45000,3,7.5,full_time,education,education,full_time,full_time,full_time,full_time,full_time,full_time,full_time,inactive_care,full_time,full_time,full_time,single_no_child,single_no_child,single_no_child,single_no_child,single_no_child,single_no_child,single_no_child,single_no_child,single_no_child,single_no_child,single_no_child,single_no_child,partnered_no_child,parental_home,parental_home,parental_home,parental_home,parental_home,parental_home,parental_home,parental_home,parental_home,parental_home,parental_home,renting,renting
899,1990,male,medium,3,capital_region,0,5,44400,5,6.6,full_time,education,education,education,unemployed,unemployed,inactive_care,part_time,full_time,full_time,full_time,full_time,full_time,full_time,single_no_child,single_no_child,single_no_child,single_no_child,single_no_child,single_no_child,single_no_child,single_no_child,partnered_no_child,partnered_no_child,partnered_no_child,partnered_no_child,partnered_no_child,parental_home,parental_home,parental_home,parental_home,parental_home,parental_home,renting,renting,renting,renting,renting,renting,renting
900,1994,male,low,1,southern_finland,0,3,19000,2,8.4,full_time,education,full_time,unemployed,inactive_care,part_time,unemployed,inactive_care,inactive_care,unemployed,part_time,unemployed,full_time,part_time,single_no_child,single_no_child,single_no_child,partnered_with_child,partnered_with_child,partnered_with_child,partnered_with_child,partnered_with_child,partnered_with_child,partnered_with_child,partnered_with_child,partnered_with_child,partnered_with_child,renting,renting,renting,renting,renting,renting,renting,renting,renting,renting,renting,renting,renting
901,1990,female,medium,4,eastern_northern_finland,1,3,36800,3,7.2,full_time,education,education,part_time,full_time,full_time,full_time,full_time,full_time,full_time,full_time,full_time,full_time,full_time,single_no_child,single_no_child,single_no_child,single_no_child,single_no_child,single_no_child,single_no_child,single_no_child,single_no_child,single_no_child,single_no_child,single_no_child,single_no_child,parental_home,parental_home,parental_home,parental_home,parental_home,renting,renting,renting,owner_occupied,owner_occupied,owner_occupied,owner_occupied,owner_occupied
902,1991,male,high,3,southern_finland,1,2,47800,2,9.7,full_time,full_time,education,education,education,education,full_time,full_time,part_time,full_time,full_time,full_time,full_time,full_time,single_no_child,single_no_child,single_no_child,single_no_child,partnered_no_child,partnered_no_child,single_no_child,single_parent,single_parent,single_parent,single_parent,single_parent,partnered_with_child,parental_home,parental_home,other_temporary,other_temporary,renting,renting,renting,renting,owner_occupied,owner_occupied,owner_occupied,owner_occupied,owner_occupied
903,1994,male,high,3,capital_region,0,5,52800,5,5.8,full_time,education,education,education,education,education,full_time,full_time,full_time,full_time,full_time,full_time,full_time,full_time,single_no_child,single_no_child,single_no_child,single_no_child,single_no_child,single_parent,single_parent,single_parent,single_parent,single_parent,single_parent,single_parent,single_parent,parental_home,parental_home,parental_home,parental_home,parental_home,parental_home,parental_home,renting,renting,renting,renting,renting,renting
904,1992,female,high,5,southern_finland,0,4,59200,4,6.1,full_time,education,education,education,full_time,full_time,part_time,full_time,full_time,inactive_care,part_time,part_time,full_time,full_time,single_no_child,single_no_child,single_no_child,single_no_child,single_no_child,single_parent,single_parent,single_parent,single_parent,single_parent,single_parent,single_parent,single_parent,parental_home,parental_home,parental_home,parental_home,renting,renting,owner_occupied,owner_occupied,owner_occupied,owner_occupied,owner_occupied,owner_occupied,owner_occupied
905,1993,male,medium,1,southern_finland,0,4,22200,3,5.2,full_time,education,education,full_time,full_time,full_time,full_time,full_time,full_time,full_time,part_time,full_time,part_time,full_time,single_no_child,single_no_child,single_no_child,single_parent,single_parent,single_parent,single_parent,single_parent,single_parent,partnered_with_child,partnered_with_child,partnered_with_child,partnered_with_child,renting,renting,renting,renting,renting,renting,renting,renting,renting,renting,renting,renting,renting
906,1994,female,low,2,eastern_northern_finland,0,4,44900,2,10.6,full_time,unemployed,unemployed,full_time,inactive_care,full_time,part_time,full_time,full_time,full_time,full_time,full_time,full_time,full_time,single_no_child,single_no_child,single_no_child,single_no_child,partnered_no_child,partnered_no_child,partnered_no_child,partnered_with_child,partnered_with_child,partnered_with_child,partnered_with_child,partnered_with_child,partnered_with_child,renting,renting,renting,renting,renting,renting,renting,renting,renting,renting,renting,renting,renting
907,1994,male,low,2,capital_region,0,4,22300,3,3.7,full_time,education,education,unemployed,part_time,full_time,unemployed,full_time,part_time,unemployed,full_time,part_time,full_time,full_time,single_no_child,single_no_child,single_no_child,single_no_child,single_no_child,partnered_no_child,partnered_no_child,partnered_no_child,partnered_no_child,partnered_no_child,partnered_no_child,partnered_no_child,partnered_no_child,parental_home,parental_home,parental_home,parental_home,parental_home,parental_home,parental_home,renting,renting,renting,renting,renting,renting
908,1993,male,high,2,southern_finland,0,3,51000,3,9.8,full_time,education,education,education,education,education,full_time,full_time,full_time,full_time,full_time,full_time,full_time,full_time,single_no_child,single_no_child,single_no_child,single_no_child,single_parent,single_parent,single_parent,single_parent,single_parent,single_parent,single_parent,single_parent,single_parent,parental_home,parental_home,parental_home,parental_home,parental_home,parental_home,parental_home,parental_home,parental_home,parental_home,renting,owner_occupied,owner_occupied
909,1990,male,high,2,capital_region,1,3,35700,1,11.8,part_time,education,education,unemployed,part_time,full_time,unemployed,full_time,part_time,unemployed,full_time,part_time,full_time,full_time,single_no_child,single_no_child,single_no_child,single_no_child,single_no_child,single_no_child,single_no_child,single_no_child,single_no_child,single_no_child,single_no_child,single_no_child,single_parent,renting,renting,renting,renting,renting,renting,renting,renting,renting,renting,renting,owner_occupied,owner_occupied
910,1994,male,high,1,eastern_northern_finland,0,3,40400,2,5.6,unemployed,unemployed,education,education,education,education,full_time,full_time,part_time,full_time,full_time,full_time,full_time,full_time,single_no_child,single_no_child,single_no_child,single_no_child,single_no_child,single_no_child,single_no_child,single_no_child,partnered_with_child,partnered_with_child,partnered_with_child,partnered_with_child,partnered_with_child,parental_home,parental_home,parental_home,parental_home,parental_home,parental_home,parental_home,parental_home,parental_home,parental_home,renting,renting,renting
911,1992,female,high,2,western_finland,0,3,61900,3,5.8,full_time,education,part_time,education,education,education,full_time,inactive_care,full_time,full_time,full_time,full_time,full_time,full_time,single_no_child,partnered_no_child,partnered_no_child,partnered_no_child,partnered_no_child,partnered_no_child,partnered_no_child,partnered_no_child,partnered_with_child,partnered_with_child,partnered_with_child,partnered_with_child,partnered_with_child,parental_home,other_temporary,other_temporary,other_temporary,renting,renting,renting,renting,renting,renting,renting,renting,renting
912,1994,female,medium,2,eastern_northern_finland,1,2,19200,1,14.9,full_time,education,education,unemployed,part_time,full_time,unemployed,full_time,part_time,inactive_care,full_time,part_time,full_time,full_time,single_no_child,single_no_child,single_no_child,single_parent,single_parent,single_parent,single_parent,single_parent,single_parent,single_parent,single_parent,single_parent,single_parent,parental_home,parental_home,parental_home,parental_home,parental_home,renting,renting,renting,renting,renting,renting,renting,renting
913,1994,male,medium,5,capital_region,0,4,47100,4,9.8,full_time,education,full_time,education,education,education,full_time,full_time,full_time,full_time,full_time,full_time,full_time,full_time,single_no_child,single_no_child,single_no_child,single_no_child,single_parent,single_parent,single_parent,single_parent,single_parent,single_parent,partnered_with_child,partnered_with_child,partnered_with_child,renting,renting,renting,renting,renting,renting,renting,renting,renting,renting,renting,renting,renting
914,1994,female,medium,4,western_finland,0,4,45900,3,5.6,full_time,education,unemployed,full_time,full_time,full_time,full_time,full_time,full_time,full_time,full_time,full_time,full_time,full_time,single_no_child,single_no_child,single_no_child,single_no_child,single_no_child,single_no_child,single_no_child,single_parent,partnered_with_child,partnered_with_child,partnered_with_child,partnered_with_child,partnered_with_child,parental_home,parental_home,renting,renting,renting,renting,renting,renting,renting,renting,renting,renting,renting
915,1991,male,medium,3,eastern_northern_finland,0,3,54600,3,6.5,full_time,education,education,education,education,education,full_time,unemployed,full_time,full_time,full_time,full_time,full_time,full_time,single_no_child,single_no_child,single_no_child,single_no_child,single_no_child,single_no_child,single_no_child,single_no_child,partnered_no_child,partnered_with_child,partnered_with_child,partnered_with_child,partnered_with_child,parental_home,parental_home,parental_home,parental_home,parental_home,parental_home,parental_home,parental_home,parental_home,parental_home,parental_home,parental_home,renting
916,1991,male,high,4,southern_finland,0,3,59100,3,4.9,full_time,education,education,education,education,education,full_time,full_time,full_time,full_time,full_time,full_time,full_time,full_time,single_no_child,single_no_child,single_no_child,single_no_child,single_no_child,single_no_child,single_no_child,single_no_child,single_no_child,partnered_no_child,partnered_no_child,partnered_no_child,partnered_no_child,renting,renting,renting,renting,renting,renting,renting,renting,renting,renting,renting,renting,renting
917,1993,male,medium,4,capital_region,0,4,34100,5,9.0,full_time,education,education,education,education,education,full_time,full_time,full_time,full_time,full_time,full_time,full_time,full_time,single_no_child,single_no_child,single_no_child,single_no_child,single_no_child,partnered_no_child,partnered_no_child,partnered_no_child,partnered_no_child,partnered_no_child,partnered_no_child,partnered_no_child,single_no_child,parental_home,parental_home,parental_home,parental_home,renting,renting,renting,renting,renting,renting,renting,owner_occupied,owner_occupied
918,1993,male,medium,4,capital_region,1,3,46900,3,6.7,full_time,education,education,education,full_time,full_time,full_time,unemployed,inactive_care,inactive_care,part_time,part_time,full_time,full_time,single_no_child,single_no_child,single_no_child,partnered_no_child,partnered_no_child,partnered_no_child,partnered_no_child,partnered_no_child,partnered_with_child,partnered_with_child,partnered_with_child,partnered_with_child,partnered_with_child,parental_home,parental_home,parental_home,renting,renting,renting,renting,renting,renting,renting,renting,renting,renting
919,1992,male,high,1,southern_finland,0,3,16600,1,9.5,unemployed,unemployed,unemployed,unemployed,unemployed,part_time,unemployed,unemployed,inactive_care,full_time,part_time,unemployed,full_time,part_time,single_no_child,single_no_child,single_no_child,single_no_child,single_no_child,single_no_child,single_no_child,single_no_child,single_no_child,single_parent,single_parent,partnered_with_child,partnered_with_child,parental_home,parental_home,parental_home,parental_home,parental_home,parental_home,parental_home,parental_home,parental_home,parental_home,parental_home,renting,renting
920,1992,male,low,2,western_finland,0,3,41000,3,8.7,full_time,part_time,education,full_time,full_time,full_time,full_time,full_time,full_time,full_time,full_time,full_time,full_time,full_time,partnered_no_child,partnered_no_child,partnered_no_child,partnered_no_child,partnered_no_child,partnered_no_child,single_no_child,single_no_child,single_no_child,single_no_child,single_no_child,single_no_child,single_no_child,parental_home,parental_home,parental_home,parental_home,parental_home,parental_home,parental_home,renting,renting,renting,renting,renting,renting
921,1993,male,high,3,capital_region,0,4,47700,4,5.6,full_time,education,education,education,education,unemployed,full_time,full_time,full_time,full_time,full_time,full_time,unemployed,full_time,single_no_child,single_no_child,single_no_child,single_no_child,single_no_child,single_no_child,partnered_no_child,partnered_with_child,partnered_with_child,partnered_with_child,partnered_with_child,partnered_with_child,partnered_with_child,parental_home,parental_home,parental_home,parental_home,parental_home,parental_home,parental_home,parental_home,parental_home,renting,renting,renting,owner_occupied
922,1990,male,high,3,western_finland,0,3,29500,2,8.8,full_time,education,education,unemployed,part_time,full_time,unemployed,full_time,part_time,unemployed,full_time,part_time,part_time,full_time,single_no_child,single_no_child,single_no_child,single_no_child,single_no_child,partnered_no_child,partnered_with_child,partnered_with_child,partnered_with_child,partnered_with_child,partnered_with_child,partnered_with_child,partnered_with_child,parental_home,renting,renting,renting,renting,renting,renting,renting,renting,owner_occupied,owner_occupied,owner_occupied,owner_occupied
923,1991,male,high,3,southern_finland,1,3,45800,3,13.8,full_time,education,education,education,full_time,full_time,full_time,full_time,inactive_care,unemployed,part_time,part_time,part_time,full_time,single_no_child,single_no_child,single_no_child,single_no_child,single_no_child,single_no_child,single_no_child,single_no_child,single_parent,partnered_with_child,single_parent,single_parent,single_parent,parental_home,parental_home,parental_home,renting,renting,renting,renting,renting,renting,renting,renting,renting,renting
924,1990,female,medium,1,capital_region,0,3,51300,3,7.5,full_time,education,education,unemployed,education,education,full_time,full_time,full_time,full_time,full_time,full_time,full_time,full_time,single_no_child,single_no_child,single_no_child,single_no_child,single_no_child,partnered_with_child,partnered_with_child,partnered_with_child,partnered_with_child,partnered_with_child,partnered_with_child,partnered_with_child,partnered_with_child,renting,renting,renting,renting,renting,renting,renting,renting,renting,renting,renting,renting,renting
925,1990,male,high,4,capital_region,0,3,46500,4,2.1,full_time,education,education,education,education,education,part_time,full_time,full_time,full_time,full_time,full_time,full_time,full_time,single_no_child,single_no_child,single_no_child,single_no_child,single_no_child,single_no_child,single_no_child,single_no_child,single_no_child,single_no_child,single_no_child,single_no_child,single_no_child,parental_home,parental_home,parental_home,parental_home,renting,renting,renting,renting,renting,renting,renting,renting,renting
926,1990,male,medium,4,eastern_northern_finland,0,4,48400,4,6.8,full_time,education,education,education,full_time,full_time,full_time,full_time,inactive_care,inactive_care,part_time,part_time,full_time,full_time,single_no_child,single_no_child,single_no_child,single_no_child,single_no_child,single_no_child,partnered_no_child,partnered_no_child,partnered_no_child,partnered_no_child,partnered_no_child,partnered_no_child,partnered_no_child,parental_home,parental_home,renting,renting,renting,renting,renting,renting,renting,renting,renting,renting,renting
927,1993,male,high,5,eastern_northern_finland,0,3,35600,2,6.4,full_time,education,education,unemployed,part_time,full_time,unemployed,full_time,part_time,unemployed,part_time,part_time,full_time,full_time,single_no_child,single_no_child,single_no_child,single_no_child,single_no_child,single_no_child,single_no_child,single_no_child,single_no_child,single_no_child,single_no_child,partnered_no_child,partnered_with_child,parental_home,parental_home,parental_home,parental_home,renting,renting,renting,renting,renting,renting,renting,renting,renting
928,1992,male,high,4,western_finland,0,4,47700,4,3.4,full_time,education,education,education,unemployed,unemployed,part_time,part_time,full_time,full_time,full_time,full_time,full_time,full_time,single_no_child,single_no_child,single_no_child,single_no_child,single_no_child,single_no_child,single_no_child,single_no_child,single_no_child,single_no_child,single_no_child,single_no_child,single_no_child,parental_home,parental_home,parental_home,parental_home,parental_home,parental_home,renting,renting,renting,renting,renting,renting,owner_occupied
929,1993,male,low,4,western_finland,0,4,61600,4,2.3,full_time,education,education,full_time,full_time,full_time,full_time,full_time,full_time,full_time,full_time,full_time,full_time,full_time,single_no_child,single_no_child,single_no_child,single_no_child,single_no_child,single_no_child,single_no_child,single_no_child,partnered_no_child,partnered_with_child,partnered_with_child,partnered_with_child,partnered_with_child,parental_home,parental_home,parental_home,parental_home,parental_home,parental_home,parental_home,parental_home,other_temporary,other_temporary,other_temporary,other_temporary,renting
930,1990,male,high,4,capital_region,0,4,34300,4,5.3,full_time,education,full_time,education,education,full_time,full_time,full_time,part_time,full_time,full_time,full_time,inactive_care,full_time,single_no_child,single_no_child,single_no_child,single_no_child,single_no_child,single_no_child,single_no_child,single_no_child,single_no_child,single_no_child,single_no_child,single_parent,single_parent,parental_home,parental_home,parental_home,parental_home,parental_home,parental_home,renting,renting,renting,renting,renting,renting,renting
931,1991,male,medium,1,capital_region,0,3,36600,2,9.8,full_time,unemployed,unemployed,education,unemployed,unemployed,part_time,part_time,full_time,full_time,full_time,full_time,full_time,full_time,single_no_child,single_no_child,partnered_no_child,partnered_no_child,partnered_no_child,partnered_no_child,partnered_no_child,partnered_no_child,partnered_with_child,partnered_with_child,partnered_with_child,partnered_with_child,partnered_with_child,parental_home,parental_home,parental_home,other_temporary,other_temporary,other_temporary,other_temporary,other_temporary,renting,owner_occupied,owner_occupied,owner_occupied,owner_occupied
932,1994,male,high,2,southern_finland,1,3,49500,3,12.6,full_time,education,education,education,education,education,full_time,full_time,full_time,full_time,full_time,full_time,full_time,full_time,single_no_child,single_no_child,single_no_child,single_parent,single_parent,single_parent,single_parent,single_parent,single_parent,single_parent,single_parent,single_parent,partnered_with_child,parental_home,parental_home,parental_home,parental_home,parental_home,parental_home,other_temporary,renting,renting,renting,renting,renting,renting
933,1993,male,medium,2,eastern_northern_finland,0,5,31500,4,2.1,part_time,education,education,education,education,education,full_time,inactive_care,full_time,full_time,full_time,full_time,full_time,unemployed,single_no_child,single_no_child,single_no_child,partnered_no_child,partnered_no_child,partnered_no_child,partnered_no_child,partnered_no_child,partnered_with_child,partnered_with_child,partnered_with_child,partnered_with_child,partnered_with_child,parental_home,parental_home,parental_home,renting,renting,renting,renting,renting,renting,renting,owner_occupied,owner_occupied,owner_occupied
934,1991,female,medium,2,western_finland,1,3,29100,2,7.4,full_time,education,part_time,unemployed,part_time,full_time,unemployed,full_time,part_time,unemployed,full_time,part_time,full_time,full_time,partnered_no_child,partnered_no_child,partnered_no_child,partnered_no_child,partnered_no_child,partnered_no_child,partnered_with_child,partnered_with_child,partnered_with_child,partnered_with_child,partnered_with_child,partnered_with_child,partnered_with_child,parental_home,parental_home,parental_home,renting,renting,renting,renting,renting,renting,renting,renting,renting,renting
935,1993,female,low,1,western_finland,0,4,40700,4,5.9,full_time,education,education,education,full_time,full_time,full_time,full_time,unemployed,inactive_care,part_time,part_time,full_time,full_time,single_no_child,single_no_child,single_no_child,single_no_child,single_no_child,single_no_child,single_no_child,single_no_child,single_no_child,partnered_with_child,partnered_with_child,partnered_with_child,partnered_with_child,renting,renting,renting,renting,renting,renting,renting,renting,renting,renting,renting,renting,renting
936,1994,female,medium,2,eastern_northern_finland,0,5,27700,4,1.0,full_time,education,education,part_time,full_time,full_time,full_time,full_time,inactive_care,inactive_care,part_time,part_time,full_time,full_time,single_no_child,single_no_child,single_no_child,single_no_child,single_no_child,single_no_child,single_no_child,single_no_child,single_no_child,single_no_child,single_no_child,single_no_child,single_no_child,parental_home,parental_home,parental_home,parental_home,renting,renting,renting,renting,renting,renting,renting,renting,renting
937,1990,male,low,3,southern_finland,0,5,50100,5,1.0,full_time,inactive_care,education,education,education,full_time,full_time,full_time,full_time,full_time,full_time,full_time,full_time,full_time,single_no_child,single_no_child,single_no_child,single_no_child,single_no_child,single_no_child,single_no_child,single_no_child,single_no_child,single_no_child,partnered_no_child,partnered_no_child,partnered_no_child,parental_home,parental_home,parental_home,parental_home,renting,renting,renting,renting,renting,renting,renting,renting,renting
938,1990,female,medium,3,eastern_northern_finland,0,4,48600,3,7.5,full_time,education,part_time,education,full_time,full_time,part_time,full_time,inactive_care,inactive_care,part_time,full_time,full_time,full_time,single_no_child,single_no_child,single_no_child,single_no_child,single_no_child,single_no_child,single_no_child,single_no_child,single_no_child,single_no_child,single_no_child,single_no_child,single_no_child,parental_home,parental_home,parental_home,parental_home,parental_home,parental_home,parental_home,other_temporary,renting,renting,owner_occupied,owner_occupied,owner_occupied
939,1990,female,high,4,southern_finland,1,3,57400,4,7.9,full_time,education,education,education,education,education,full_time,full_time,full_time,full_time,inactive_care,full_time,full_time,full_time,single_no_child,single_no_child,single_no_child,single_no_child,single_no_child,single_no_child,single_no_child,single_parent,single_parent,single_parent,single_parent,single_parent,single_parent,parental_home,parental_home,parental_home,parental_home,parental_home,parental_home,parental_home,parental_home,renting,renting,renting,renting,renting
940,1992,female,medium,4,western_finland,0,4,52100,5,3.2,full_time,education,education,education,education,education,full_time,full_time,full_time,full_time,full_time,full_time,full_time,full_time,partnered_no_child,partnered_no_child,partnered_no_child,partnered_no_child,partnered_no_child,partnered_no_child,single_no_child,single_no_child,single_no_child,single_no_child,partnered_no_child,partnered_no_child,partnered_no_child,parental_home,parental_home,renting,renting,renting,renting,renting,renting,renting,renting,renting,owner_occupied,owner_occupied
941,1994,male,medium,3,western_finland,0,5,42000,5,5.6,full_time,education,education,education,unemployed,unemployed,part_time,part_time,full_time,full_time,full_time,full_time,full_time,full_time,single_no_child,single_no_child,single_no_child,single_no_child,single_no_child,single_no_child,single_no_child,single_no_child,partnered_no_child,partnered_no_child,partnered_no_child,partnered_no_child,single_parent,parental_home,parental_home,parental_home,parental_home,parental_home,parental_home,parental_home,parental_home,parental_home,renting,renting,owner_occupied,owner_occupied
942,1992,male,high,3,southern_finland,1,4,48600,4,8.9,full_time,education,education,full_time,full_time,full_time,full_time,full_time,full_time,full_time,full_time,inactive_care,full_time,full_time,single_no_child,single_no_child,single_no_child,single_no_child,single_no_child,single_no_child,single_no_child,single_no_child,single_no_child,partnered_no_child,partnered_no_child,partnered_no_child,partnered_with_child,parental_home,parental_home,parental_home,parental_home,parental_home,parental_home,parental_home,parental_home,parental_home,renting,renting,renting,renting
943,1991,male,high,4,capital_region,0,4,61200,4,3.2,full_time,education,education,full_time,full_time,full_time,full_time,full_time,full_time,full_time,full_time,full_time,full_time,full_time,single_no_child,single_no_child,partnered_no_child,partnered_no_child,partnered_no_child,partnered_no_child,partnered_no_child,partnered_with_child,partnered_with_child,partnered_with_child,partnered_with_child,partnered_with_child,partnered_with_child,parental_home,parental_home,parental_home,renting,renting,renting,renting,renting,renting,renting,renting,renting,renting
944,1991,male,medium,3,eastern_northern_finland,0,3,39800,3,8.1,full_time,education,education,education,part_time,unemployed,part_time,part_time,part_time,full_time,full_time,full_time,full_time,part_time,single_no_child,single_no_child,single_no_child,single_no_child,single_no_child,single_no_child,single_no_child,single_no_child,single_no_child,single_no_child,partnered_no_child,single_no_child,single_no_child,parental_home,parental_home,parental_home,parental_home,renting,renting,renting,renting,renting,renting,renting,renting,renting
945,1994,female,high,4,southern_finland,0,3,58400,4,7.4,full_time,education,education,education,education,education,full_time,full_time,full_time,full_time,full_time,full_time,full_time,inactive_care,single_no_child,single_no_child,single_no_child,single_no_child,single_no_child,single_no_child,partnered_no_child,partnered_no_child,partnered_no_child,partnered_no_child,partnered_no_child,partnered_no_child,partnered_no_child,parental_home,parental_home,renting,renting,renting,renting,renting,renting,owner_occupied,owner_occupied,owner_occupied,owner_occupied,owner_occupied
946,1991,male,high,5,western_finland,0,4,48300,4,2.8,full_time,education,education,education,education,education,full_time,full_time,full_time,full_time,full_time,full_time,full_time,full_time,single_no_child,single_no_child,single_no_child,single_no_child,single_no_child,single_no_child,single_no_child,single_no_child,single_no_child,single_no_child,single_no_child,partnered_no_child,partnered_no_child,parental_home,parental_home,parental_home,parental_home,parental_home,parental_home,parental_home,parental_home,renting,renting,owner_occupied,owner_occupied,owner_occupied
947,1991,male,low,2,western_finland,0,3,33800,3,7.6,full_time,education,part_time,full_time,full_time,full_time,full_time,full_time,full_time,full_time,full_time,full_time,part_time,full_time,single_no_child,single_no_child,partnered_no_child,partnered_no_child,partnered_no_child,partnered_no_child,partnered_no_child,partnered_no_child,partnered_no_child,partnered_no_child,partnered_no_child,partnered_no_child,partnered_no_child,parental_home,parental_home,parental_home,parental_home,parental_home,other_temporary,other_temporary,renting,renting,renting,renting,renting,renting
948,1990,male,medium,3,western_finland,0,4,40000,3,8.6,full_time,unemployed,education,education,education,education,unemployed,full_time,full_time,full_time,part_time,part_time,unemployed,full_time,single_no_child,single_no_child,single_no_child,single_no_child,single_no_child,single_no_child,single_no_child,single_no_child,single_no_child,single_no_child,partnered_no_child,partnered_no_child,partnered_no_child,parental_home,renting,renting,renting,renting,renting,renting,renting,renting,renting,renting,renting,renting
949,1992,male,low,1,southern_finland,1,3,38900,3,6.8,full_time,part_time,education,unemployed,education,education,full_time,full_time,part_time,full_time,full_time,full_time,full_time,full_time,single_no_child,single_no_child,single_no_child,single_no_child,single_no_child,single_parent,single_parent,single_parent,single_parent,single_parent,single_parent,single_parent,single_parent,parental_home,parental_home,parental_home,parental_home,parental_home,parental_home,parental_home,renting,renting,renting,owner_occupied,owner_occupied,owner_occupied
950,1994,male,low,1,western_finland,0,4,25600,4,10.2,unemployed,full_time,unemployed,unemployed,unemployed,full_time,unemployed,inactive_care,inactive_care,unemployed,unemployed,unemployed,full_time,part_time,single_no_child,single_no_child,single_no_child,single_no_child,single_no_child,single_no_child,single_no_child,single_no_child,single_no_child,single_no_child,single_no_child,single_no_child,single_no_child,parental_home,parental_home,parental_home,parental_home,renting,renting,renting,renting,renting,renting,renting,renting,renting
951,1993,female,medium,1,eastern_northern_finland,0,3,41000,3,7.5,full_time,education,education,education,part_time,education,full_time,full_time,full_time,full_time,full_time,full_time,full_time,full_time,single_no_child,single_no_child,single_no_child,single_no_child,single_no_child,single_no_child,partnered_no_child,partnered_no_child,partnered_no_child,partnered_no_child,partnered_no_child,partnered_no_child,partnered_with_child,renting,renting,renting,renting,renting,renting,renting,renting,renting,renting,renting,renting,renting
952,1993,female,medium,3,southern_finland,0,4,41900,4,6.0,full_time,education,education,education,education,education,unemployed,full_time,full_time,full_time,full_time,full_time,full_time,full_time,single_no_child,single_no_child,single_no_child,single_no_child,partnered_no_child,partnered_no_child,partnered_no_child,partnered_no_child,partnered_no_child,partnered_with_child,single_parent,single_parent,single_parent,parental_home,parental_home,parental_home,parental_home,parental_home,parental_home,parental_home,renting,renting,renting,renting,renting,renting
953,1992,male,low,2,eastern_northern_finland,0,4,40400,3,11.9,full_time,education,education,unemployed,part_time,full_time,unemployed,full_time,part_time,unemployed,full_time,part_time,full_time,full_time,single_no_child,single_no_child,single_no_child,single_no_child,partnered_with_child,partnered_with_child,partnered_with_child,partnered_with_child,partnered_with_child,partnered_with_child,partnered_with_child,partnered_with_child,partnered_with_child,parental_home,parental_home,parental_home,parental_home,parental_home,parental_home,parental_home,renting,renting,renting,renting,renting,renting
954,1992,female,low,2,southern_finland,0,4,23300,4,9.9,full_time,education,education,unemployed,part_time,part_time,unemployed,full_time,part_time,unemployed,full_time,part_time,full_time,full_time,single_no_child,single_no_child,single_no_child,partnered_no_child,partnered_no_child,partnered_no_child,partnered_no_child,single_no_child,single_no_child,single_no_child,partnered_no_child,partnered_no_child,partnered_with_child,parental_home,parental_home,parental_home,parental_home,parental_home,parental_home,parental_home,parental_home,renting,renting,renting,owner_occupied,owner_occupied
955,1993,male,medium,3,eastern_northern_finland,0,4,52000,4,8.1,full_time,education,education,full_time,full_time,unemployed,full_time,full_time,full_time,full_time,full_time,full_time,part_time,full_time,single_no_child,single_no_child,single_no_child,single_no_child,single_no_child,partnered_no_child,partnered_no_child,partnered_no_child,partnered_with_child,partnered_with_child,partnered_with_child,partnered_with_child,partnered_with_child,renting,renting,renting,renting,renting,renting,renting,renting,renting,renting,renting,renting,renting
956,1991,male,high,3,southern_finland,0,4,46500,2,9.2,full_time,education,education,education,education,education,full_time,full_time,full_time,full_time,full_time,full_time,full_time,full_time,single_no_child,single_no_child,single_no_child,single_no_child,single_no_child,partnered_no_child,partnered_no_child,partnered_no_child,partnered_no_child,partnered_no_child,partnered_no_child,partnered_no_child,partnered_no_child,parental_home,parental_home,parental_home,parental_home,parental_home,renting,renting,renting,renting,renting,renting,renting,renting
957,1994,female,low,2,western_finland,0,4,23600,3,10.8,full_time,education,education,unemployed,part_time,full_time,unemployed,full_time,part_time,unemployed,full_time,part_time,full_time,full_time,single_no_child,single_no_child,single_no_child,single_no_child,single_parent,single_parent,single_parent,single_parent,single_parent,single_parent,single_parent,single_parent,single_parent,parental_home,parental_home,parental_home,renting,renting,renting,renting,renting,renting,renting,renting,renting,renting
958,1993,female,medium,1,capital_region,1,2,13300,1,9.7,unemployed,education,unemployed,unemployed,unemployed,part_time,part_time,unemployed,inactive_care,unemployed,part_time,unemployed,full_time,part_time,single_no_child,single_no_child,single_no_child,single_no_child,single_no_child,single_no_child,single_no_child,single_no_child,single_no_child,partnered_no_child,partnered_no_child,partnered_no_child,partnered_no_child,parental_home,renting,renting,renting,renting,renting,other_temporary,renting,renting,renting,renting,renting,renting
959,1993,male,high,4,eastern_northern_finland,0,5,47900,5,7.4,full_time,education,education,education,part_time,education,full_time,full_time,full_time,full_time,full_time,full_time,full_time,full_time,single_no_child,single_no_child,single_no_child,single_no_child,single_no_child,single_parent,single_parent,single_parent,single_parent,single_parent,single_parent,single_parent,partnered_with_child,parental_home,parental_home,parental_home,parental_home,other_temporary,renting,renting,renting,renting,renting,renting,renting,renting
960,1992,female,medium,3,western_finland,1,3,41500,3,3.4,full_time,education,education,education,full_time,full_time,education,full_time,inactive_care,inactive_care,full_time,part_time,full_time,full_time,single_no_child,single_no_child,single_no_child,single_no_child,single_no_child,single_no_child,single_no_child,single_no_child,single_no_child,single_no_child,single_no_child,single_no_child,single_no_child,parental_home,parental_home,parental_home,parental_home,parental_home,parental_home,parental_home,parental_home,parental_home,parental_home,parental_home,parental_home,parental_home
961,1994,female,medium,5,southern_finland,0,5,52600,5,11.0,full_time,education,education,education,education,education,full_time,full_time,full_time,part_time,full_time,full_time,full_time,full_time,single_no_child,single_no_child,single_no_child,single_no_child,single_no_child,single_no_child,single_no_child,single_no_child,single_no_child,partnered_no_child,partnered_no_child,partnered_no_child,partnered_no_child,parental_home,parental_home,parental_home,other_temporary,other_temporary,renting,renting,renting,renting,renting,renting,renting,renting
962,1991,male,medium,3,southern_finland,0,5,44900,4,8.4,full_time,education,education,education,education,education,full_time,full_time,unemployed,full_time,full_time,full_time,full_time,unemployed,single_no_child,single_no_child,single_no_child,single_no_child,single_no_child,partnered_no_child,partnered_no_child,partnered_no_child,single_no_child,single_no_child,partnered_with_child,partnered_with_child,partnered_with_child,parental_home,parental_home,parental_home,parental_home,parental_home,other_temporary,other_temporary,renting,renting,renting,renting,renting,renting
963,1992,male,medium,3,western_finland,0,3,60300,2,9.6,full_time,part_time,education,education,education,education,full_time,full_time,full_time,full_time,unemployed,full_time,full_time,full_time,single_no_child,single_no_child,single_no_child,single_no_child,single_no_child,single_no_child,single_parent,single_parent,single_parent,single_parent,single_parent,single_parent,single_parent,parental_home,renting,renting,renting,renting,renting,renting,renting,renting,renting,owner_occupied,owner_occupied,owner_occupied
964,1990,male,medium,2,southern_finland,0,2,18400,1,11.1,full_time,education,unemployed,unemployed,unemployed,full_time,unemployed,unemployed,inactive_care,unemployed,part_time,unemployed,full_time,full_time,single_no_child,single_no_child,single_no_child,single_no_child,single_no_child,single_no_child,single_no_child,single_no_child,single_no_child,single_no_child,single_no_child,single_no_child,single_no_child,parental_home,parental_home,parental_home,parental_home,parental_home,parental_home,parental_home,parental_home,parental_home,parental_home,parental_home,parental_home,parental_home
965,1994,female,medium,2,capital_region,1,4,43700,3,0.0,full_time,education,education,education,full_time,full_time,full_time,full_time,inactive_care,inactive_care,part_time,part_time,full_time,full_time,single_no_child,single_no_child,single_no_child,partnered_no_child,partnered_no_child,partnered_no_child,partnered_with_child,partnered_with_child,partnered_with_child,partnered_with_child,partnered_with_child,partnered_with_child,partnered_with_child,parental_home,parental_home,parental_home,parental_home,renting,renting,renting,renting,renting,renting,renting,renting,renting
966,1993,female,high,1,capital_region,0,2,42800,2,4.1,full_time,education,education,education,education,education,full_time,full_time,full_time,unemployed,full_time,full_time,full_time,full_time,single_no_child,single_no_child,single_no_child,single_no_child,single_no_child,single_no_child,single_no_child,single_no_child,partnered_no_child,partnered_no_child,partnered_no_child,partnered_no_child,partnered_no_child,parental_home,parental_home,parental_home,parental_home,parental_home,parental_home,parental_home,parental_home,parental_home,parental_home,renting,renting,renting
967,1991,male,high,4,southern_finland,0,5,40600,3,11.9,full_time,education,education,unemployed,part_time,full_time,unemployed,part_time,part_time,unemployed,full_time,part_time,full_time,full_time,single_no_child,single_no_child,partnered_no_child,partnered_no_child,partnered_no_child,partnered_no_child,partnered_no_child,partnered_no_child,partnered_no_child,partnered_no_child,partnered_no_child,single_no_child,partnered_with_child,parental_home,parental_home,parental_home,parental_home,parental_home,parental_home,renting,renting,renting,owner_occupied,owner_occupied,owner_occupied,owner_occupied
968,1990,male,medium,1,capital_region,0,4,28300,3,5.5,full_time,education,education,unemployed,part_time,full_time,unemployed,full_time,part_time,unemployed,full_time,part_time,full_time,full_time,single_no_child,single_no_child,single_no_child,single_no_child,single_no_child,single_no_child,single_no_child,single_no_child,partnered_no_child,partnered_no_child,partnered_with_child,partnered_with_child,partnered_with_child,parental_home,other_temporary,other_temporary,other_temporary,renting,renting,renting,renting,renting,renting,renting,owner_occupied,owner_occupied
969,1991,male,medium,3,capital_region,0,5,39300,3,6.3,full_time,education,education,education,education,education,full_time,full_time,full_time,full_time,full_time,full_time,full_time,full_time,single_no_child,single_no_child,single_no_child,single_no_child,single_no_child,single_no_child,single_no_child,single_no_child,single_no_child,single_no_child,partnered_no_child,partnered_no_child,partnered_no_child,parental_home,parental_home,parental_home,parental_home,parental_home,parental_home,renting,renting,renting,renting,renting,renting,renting
970,1992,male,high,4,capital_region,0,5,46500,4,3.3,full_time,education,education,education,education,education,full_time,full_time,full_time,part_time,full_time,full_time,full_time,full_time,single_no_child,single_no_child,single_no_child,single_no_child,single_no_child,single_no_child,single_no_child,single_no_child,single_no_child,single_parent,single_parent,single_parent,single_parent,parental_home,parental_home,parental_home,parental_home,parental_home,renting,renting,renting,renting,renting,renting,owner_occupied,owner_occupied
971,1992,male,medium,2,southern_finland,0,4,40500,2,14.7,full_time,education,education,full_time,part_time,full_time,part_time,unemployed,full_time,full_time,part_time,full_time,part_time,full_time,single_no_child,single_no_child,single_no_child,single_no_child,single_parent,single_parent,single_parent,single_parent,single_parent,single_parent,single_parent,single_parent,single_parent,renting,renting,renting,renting,renting,renting,renting,renting,renting,renting,renting,renting,renting
972,1991,female,medium,2,capital_region,0,4,38400,3,1.4,full_time,education,education,education,education,education,full_time,part_time,full_time,full_time,full_time,full_time,full_time,part_time,single_no_child,single_no_child,single_no_child,single_no_child,single_no_child,single_no_child,single_no_child,single_no_child,single_no_child,single_no_child,single_no_child,single_parent,single_parent,parental_home,parental_home,parental_home,parental_home,parental_home,parental_home,renting,renting,renting,renting,renting,renting,renting
973,1992,male,medium,2,eastern_northern_finland,1,3,44100,3,7.5,full_time,education,education,education,unemployed,unemployed,part_time,part_time,full_time,full_time,full_time,full_time,full_time,full_time,single_no_child,single_no_child,single_no_child,single_no_child,single_no_child,single_no_child,partnered_no_child,partnered_no_child,partnered_no_child,partnered_no_child,partnered_no_child,partnered_no_child,partnered_no_child,parental_home,parental_home,parental_home,renting,other_temporary,other_temporary,other_temporary,other_temporary,other_temporary,renting,renting,renting,owner_occupied
974,1993,female,medium,2,eastern_northern_finland,0,5,42500,4,8.0,full_time,education,education,education,full_time,full_time,full_time,full_time,inactive_care,inactive_care,part_time,part_time,full_time,full_time,single_no_child,single_no_child,single_no_child,single_no_child,single_no_child,single_no_child,single_no_child,single_no_child,single_no_child,single_no_child,single_no_child,single_no_child,single_no_child,parental_home,parental_home,parental_home,parental_home,parental_home,parental_home,parental_home,parental_home,parental_home,parental_home,renting,renting,renting
975,1991,male,low,3,southern_finland,0,2,52800,2,1.5,full_time,education,education,full_time,education,education,full_time,full_time,full_time,full_time,full_time,full_time,full_time,full_time,single_no_child,single_no_child,partnered_no_child,partnered_no_child,partnered_no_child,partnered_no_child,partnered_no_child,partnered_no_child,partnered_no_child,partnered_no_child,partnered_no_child,partnered_no_child,partnered_no_child,renting,renting,renting,renting,renting,renting,renting,renting,renting,renting,renting,renting,renting
976,1990,female,medium,2,capital_region,0,2,43200,2,2.5,full_time,education,education,education,full_time,education,full_time,full_time,inactive_care,inactive_care,part_time,part_time,full_time,full_time,single_no_child,single_no_child,single_no_child,single_no_child,single_no_child,partnered_no_child,single_no_child,single_no_child,single_no_child,single_no_child,partnered_with_child,partnered_with_child,partnered_with_child,parental_home,parental_home,parental_home,parental_home,parental_home,parental_home,parental_home,parental_home,parental_home,renting,renting,renting,renting
977,1992,male,medium,4,capital_region,0,4,47100,5,4.9,full_time,part_time,education,education,education,education,full_time,full_time,full_time,full_time,full_time,full_time,full_time,full_time,single_no_child,single_no_child,single_no_child,single_no_child,single_no_child,single_no_child,single_no_child,single_no_child,partnered_no_child,partnered_no_child,partnered_no_child,partnered_no_child,partnered_with_child,parental_home,parental_home,renting,renting,renting,renting,renting,renting,renting,renting,renting,renting,renting
978,1992,female,medium,3,western_finland,1,3,46000,4,6.6,full_time,education,education,education,education,education,full_time,full_time,full_time,full_time,full_time,full_time,full_time,full_time,single_no_child,single_no_child,single_no_child,single_no_child,single_no_child,partnered_no_child,partnered_with_child,partnered_with_child,partnered_with_child,partnered_with_child,partnered_with_child,partnered_with_child,partnered_with_child,parental_home,parental_home,renting,renting,renting,renting,renting,renting,renting,renting,renting,renting,renting
979,1991,male,high,3,western_finland,1,5,54900,5,7.3,full_time,education,education,education,education,part_time,full_time,full_time,full_time,full_time,full_time,full_time,full_time,full_time,single_no_child,single_no_child,single_no_child,single_no_child,single_no_child,single_no_child,single_no_child,single_no_child,single_no_child,single_no_child,single_parent,single_parent,single_parent,renting,renting,renting,renting,renting,renting,renting,renting,renting,renting,renting,renting,owner_occupied
980,1992,female,high,3,capital_region,1,4,48200,4,5.4,full_time,education,education,education,full_time,full_time,full_time,full_time,inactive_care,inactive_care,inactive_care,part_time,full_time,full_time,single_no_child,single_no_child,single_no_child,partnered_no_child,partnered_no_child,partnered_no_child,partnered_no_child,partnered_no_child,single_no_child,single_no_child,single_no_child,single_no_child,single_parent,parental_home,parental_home,parental_home,parental_home,parental_home,parental_home,parental_home,renting,renting,renting,renting,renting,renting
981,1993,male,high,3,eastern_northern_finland,0,4,51300,4,5.7,full_time,education,education,education,unemployed,education,full_time,full_time,full_time,full_time,inactive_care,full_time,full_time,full_time,single_no_child,single_no_child,single_no_child,single_no_child,single_no_child,partnered_no_child,partnered_no_child,partnered_no_child,partnered_no_child,partnered_no_child,partnered_no_child,partnered_no_child,partnered_with_child,parental_home,parental_home,parental_home,parental_home,parental_home,parental_home,parental_home,parental_home,renting,renting,renting,renting,renting
982,1993,male,low,1,western_finland,1,3,28900,1,4.3,full_time,education,education,education,unemployed,unemployed,part_time,part_time,full_time,part_time,full_time,full_time,unemployed,full_time,single_no_child,single_no_child,single_no_child,single_no_child,single_no_child,single_no_child,single_no_child,single_no_child,single_no_child,single_no_child,single_no_child,single_no_child,single_no_child,renting,renting,renting,renting,other_temporary,other_temporary,renting,renting,renting,renting,renting,renting,owner_occupied
983,1991,male,high,4,eastern_northern_finland,0,4,43500,3,2.5,full_time,education,education,full_time,full_time,full_time,full_time,full_time,full_time,full_time,full_time,full_time,full_time,full_time,single_no_child,single_no_child,single_no_child,single_no_child,single_no_child,single_no_child,single_no_child,single_no_child,single_no_child,single_parent,single_parent,single_parent,single_parent,renting,renting,renting,renting,renting,renting,renting,renting,renting,renting,renting,renting,renting
984,1994,male,medium,2,southern_finland,0,3,41500,3,12.5,full_time,education,education,part_time,part_time,full_time,unemployed,full_time,part_time,full_time,full_time,part_time,full_time,full_time,single_no_child,single_no_child,single_no_child,single_no_child,single_no_child,single_no_child,single_no_child,single_no_child,single_no_child,single_no_child,partnered_no_child,partnered_no_child,partnered_no_child,parental_home,parental_home,renting,renting,renting,renting,renting,renting,renting,renting,renting,renting,renting
985,1994,female,high,5,western_finland,0,2,51800,3,4.4,full_time,part_time,education,education,education,education,full_time,full_time,full_time,full_time,full_time,full_time,education,full_time,single_no_child,single_no_child,single_no_child,single_no_child,single_no_child,single_no_child,single_parent,partnered_with_child,partnered_with_child,partnered_with_child,partnered_with_child,partnered_with_child,partnered_with_child,renting,renting,renting,renting,renting,renting,renting,renting,renting,owner_occupied,owner_occupied,owner_occupied,owner_occupied
986,1994,female,low,2,southern_finland,0,3,20900,1,16.0,full_time,unemployed,unemployed,unemployed,part_time,full_time,unemployed,full_time,part_time,unemployed,full_time,part_time,full_time,full_time,single_no_child,single_no_child,partnered_no_child,partnered_with_child,partnered_with_child,partnered_with_child,partnered_with_child,partnered_with_child,partnered_with_child,partnered_with_child,partnered_with_child,partnered_with_child,partnered_with_child,parental_home,parental_home,parental_home,renting,renting,renting,renting,renting,renting,renting,renting,renting,renting
987,1994,female,high,3,southern_finland,0,3,50600,3,6.0,full_time,education,education,education,education,education,full_time,full_time,full_time,full_time,full_time,full_time,full_time,full_time,single_no_child,single_no_child,single_no_child,single_no_child,single_no_child,single_no_child,single_no_child,single_no_child,single_no_child,single_no_child,partnered_no_child,partnered_no_child,partnered_no_child,parental_home,parental_home,parental_home,parental_home,parental_home,parental_home,parental_home,parental_home,parental_home,renting,renting,renting,renting
988,1993,male,high,3,western_finland,0,4,42800,3,4.7,full_time,education,unemployed,education,education,education,full_time,full_time,full_time,part_time,full_time,full_time,part_time,full_time,single_no_child,single_no_child,single_no_child,single_no_child,single_no_child,single_no_child,single_no_child,single_no_child,single_no_child,single_no_child,single_no_child,partnered_no_child,partnered_no_child,parental_home,parental_home,parental_home,parental_home,renting,renting,renting,renting,renting,renting,renting,renting,renting
989,1994,male,high,3,southern_finland,0,3,47100,2,7.6,full_time,part_time,education,education,education,education,full_time,part_time,part_time,full_time,full_time,inactive_care,unemployed,full_time,single_no_child,single_no_child,single_no_child,single_no_child,single_no_child,partnered_no_child,partnered_no_child,partnered_no_child,partnered_no_child,partnered_with_child,partnered_with_child,partnered_with_child,partnered_with_child,parental_home,parental_home,parental_home,parental_home,parental_home,parental_home,parental_home,parental_home,parental_home,parental_home,parental_home,parental_home,renting
990,1990,female,medium,3,capital_region,1,5,42900,5,13.4,full_time,education,education,education,education,inactive_care,full_time,full_time,full_time,full_time,full_time,full_time,full_time,part_time,single_no_child,single_no_child,single_no_child,single_no_child,single_no_child,partnered_with_child,partnered_with_child,partnered_with_child,partnered_with_child,partnered_with_child,partnered_with_child,partnered_with_child,partnered_with_child,parental_home,parental_home,parental_home,parental_home,other_temporary,other_temporary,other_temporary,renting,owner_occupied,owner_occupied,owner_occupied,owner_occupied,owner_occupied
991,1994,male,high,4,western_finland,0,3,59500,3,12.8,full_time,education,education,education,education,education,full_time,full_time,full_time,full_time,full_time,full_time,part_time,full_time,single_no_child,single_no_child,single_no_child,single_no_child,single_no_child,single_no_child,single_no_child,single_no_child,single_no_child,single_parent,single_parent,single_parent,single_parent,parental_home,parental_home,parental_home,parental_home,parental_home,parental_home,parental_home,renting,owner_occupied,owner_occupied,owner_occupied,owner_occupied,owner_occupied
992,1991,female,medium,4,capital_region,0,4,60200,4,5.0,full_time,education,education,education,education,education,full_time,full_time,full_time,full_time,full_time,full_time,full_time,full_time,single_no_child,single_no_child,partnered_no_child,partnered_no_child,partnered_no_child,partnered_no_child,partnered_with_child,partnered_with_child,partnered_with_child,partnered_with_child,partnered_with_child,partnered_with_child,partnered_with_child,parental_home,parental_home,parental_home,renting,renting,renting,renting,renting,renting,owner_occupied,owner_occupied,owner_occupied,owner_occupied
993,1994,male,medium,3,eastern_northern_finland,0,4,35400,3,8.9,full_time,education,education,education,full_time,full_time,full_time,full_time,inactive_care,unemployed,part_time,part_time,unemployed,inactive_care,single_no_child,single_no_child,single_no_child,single_no_child,single_no_child,partnered_no_child,partnered_no_child,partnered_with_child,partnered_with_child,partnered_with_child,partnered_with_child,partnered_with_child,partnered_with_child,parental_home,parental_home,parental_home,parental_home,parental_home,parental_home,renting,renting,renting,renting,renting,renting,renting
994,1991,female,low,1,southern_finland,0,3,35100,2,5.2,full_time,education,education,education,full_time,unemployed,full_time,full_time,inactive_care,inactive_care,part_time,part_time,full_time,full_time,single_no_child,single_no_child,single_no_child,single_no_child,single_no_child,single_no_child,single_no_child,partnered_no_child,partnered_no_child,partnered_no_child,partnered_no_child,partnered_no_child,partnered_no_child,parental_home,parental_home,parental_home,renting,renting,renting,renting,renting,renting,renting,renting,renting,renting
995,1992,male,medium,4,capital_region,0,3,46600,2,8.2,full_time,education,education,education,unemployed,unemployed,part_time,part_time,full_time,full_time,full_time,full_time,full_time,full_time,single_no_child,single_no_child,single_no_child,single_no_child,single_no_child,single_parent,single_parent,single_parent,partnered_with_child,partnered_with_child,partnered_with_child,partnered_with_child,partnered_with_child,parental_home,parental_home,parental_home,parental_home,parental_home,parental_home,parental_home,parental_home,parental_home,parental_home,renting,renting,renting
996,1994,female,medium,3,southern_finland,0,4,31300,5,3.6,part_time,education,education,education,education,education,full_time,full_time,full_time,full_time,full_time,full_time,full_time,full_time,single_no_child,single_no_child,single_no_child,single_no_child,single_no_child,partnered_no_child,partnered_no_child,partnered_no_child,partnered_with_child,partnered_with_child,partnered_with_child,partnered_with_child,partnered_with_child,parental_home,parental_home,parental_home,renting,renting,renting,renting,renting,renting,renting,renting,renting,renting
997,1992,male,medium,5,capital_region,0,3,29900,3,7.5,full_time,education,education,unemployed,part_time,full_time,unemployed,full_time,part_time,unemployed,full_time,part_time,full_time,full_time,single_no_child,single_no_child,single_no_child,partnered_no_child,partnered_no_child,partnered_no_child,partnered_no_child,partnered_with_child,partnered_with_child,partnered_with_child,partnered_with_child,partnered_with_child,partnered_with_child,renting,renting,renting,renting,renting,renting,renting,renting,renting,renting,renting,renting,renting
998,1992,male,high,2,eastern_northern_finland,0,4,51900,3,5.2,full_time,education,education,education,education,unemployed,full_time,full_time,full_time,full_time,full_time,full_time,full_time,full_time,single_no_child,single_no_child,single_no_child,single_no_child,single_no_child,single_no_child,partnered_with_child,partnered_with_child,partnered_with_child,partnered_with_child,partnered_with_child,partnered_with_child,partnered_with_child,parental_home,parental_home,parental_home,parental_home,parental_home,parental_home,parental_home,parental_home,parental_home,parental_home,parental_home,parental_home,other_temporary
999,1991,male,medium,1,capital_region,0,3,26800,2,17.1,part_time,education,unemployed,unemployed,part_time,part_time,unemployed,unemployed,inactive_care,unemployed,part_time,unemployed,part_time,part_time,single_no_child,single_no_child,single_no_child,single_no_child,single_parent,single_parent,single_parent,partnered_with_child,partnered_with_child,partnered_with_child,partnered_with_child,partnered_with_child,partnered_with_child,parental_home,parental_home,parental_home,parental_home,parental_home,renting,renting,renting,renting,renting,renting,renting,renting
1000,1991,female,medium,4,western_finland,0,4,49900,5,7.0,full_time,education,full_time,education,full_time,full_time,full_time,full_time,inactive_care,inactive_care,part_time,part_time,full_time,full_time,single_no_child,single_no_child,single_no_child,single_no_child,single_no_child,single_no_child,single_no_child,single_no_child,single_no_child,single_no_child,partnered_no_child,partnered_no_child,partnered_no_child,parental_home,parental_home,parental_home,parental_home,parental_home,parental_home,renting,renting,renting,owner_occupied,owner_occupied,owner_occupied,owner_occupied
